frequency_mhz,distance_m,tx_power_dbm,tx_gain_dbi,rx_gain_dbi,tx_height_m,rx_height_m,obstacle_count,humidity_pct,environment,weather_condition,received_power_dbm,signal_level
697.33,23.39,20.68,12.36,2.35,31.61,2.31,5.0,33.1,Suburban,Rain,-46.29,Excellent
3477.13,1435.14,28.69,5.38,4.47,35.6,1.96,5.0,54.3,Dense Urban,Rain,-160.8,Poor
2604.15,4646.05,41.8,8.91,4.25,12.75,1.41,0.0,50.8,Rural,Clear,-64.0,Excellent
2079.39,93.9,31.52,7.71,2.12,21.86,1.38,4.0,50.0,Suburban,Storm,-70.74,Good
2073.66,2165.47,22.17,17.63,3.72,34.47,2.46,9.0,46.7,Dense Urban,Rain,-169.49,Poor
4999.92,1143.11,45.35,10.82,0.22,19.39,1.21,0.0,62.4,Rural,Clear,-54.84,Excellent
709.32,2886.3,22.62,6.0,3.78,34.37,2.41,5.0,67.3,Suburban,Clear,-109.7,Poor
2621.25,139.76,19.72,11.66,3.63,46.03,1.8,5.0,34.3,Indoor,Clear,-124.97,Poor
916.97,18.77,31.03,3.14,2.91,40.74,1.21,2.0,87.9,Indoor,Clear,-71.86,Good
721.43,20.87,18.18,16.83,0.57,31.35,1.52,3.0,54.7,Urban,Clear,-49.97,Excellent
2415.6,1147.76,36.72,7.51,1.48,21.16,2.0,1.0,78.2,Suburban,Clear,-88.13,Fair
5812.19,2138.49,31.74,16.13,0.86,26.46,1.47,8.0,57.0,Dense Urban,Storm,-173.4,Poor
3470.61,171.19,49.2,14.95,0.29,13.44,2.4,3.0,71.5,Suburban,Clear,-52.22,Excellent
3507.57,14.48,20.97,4.99,4.5,15.8,1.24,1.0,24.9,Rural,Storm,-42.82,Excellent
3477.23,15.14,23.5,17.4,0.91,49.94,1.64,9.0,31.9,Urban,Clear,-67.52,Excellent
3473.52,412.67,42.71,17.87,1.03,46.67,1.65,3.0,42.8,Urban,Rain,-89.56,Fair
2379.38,3015.36,42.85,14.88,3.5,34.7,2.11,4.0,29.3,Urban,Clear,-119.81,Poor
869.4,119.8,28.82,9.22,1.61,35.17,2.48,7.0,60.4,Urban,Clear,-88.69,Fair
5014.63,570.17,47.13,12.76,2.02,21.22,2.43,3.0,54.5,Indoor,Clear,-132.12,Poor
2126.93,290.31,47.06,3.29,0.28,25.66,1.74,0.0,34.8,Rural,Clear,-38.32,Excellent
2428.74,2520.17,40.78,16.74,4.63,18.2,2.03,2.0,65.7,Suburban,Fog,-87.29,Fair
1823.6,1764.37,41.02,5.55,4.98,48.01,2.39,1.0,70.7,Rural,Clear,-51.58,Excellent
827.98,34.52,34.38,13.47,1.84,42.61,2.18,3.0,13.1,Suburban,Clear,-31.57,Excellent
5822.7,674.01,33.08,14.82,1.08,21.75,1.4,4.0,75.5,Suburban,Clear,-96.56,Fair
3520.32,1938.14,36.92,17.51,3.53,24.5,2.4,0.0,67.6,Rural,Clear,-54.12,Excellent
2622.27,3241.27,45.31,15.18,3.79,10.44,1.78,0.0,23.3,Rural,Clear,-55.01,Excellent
2079.1,391.02,20.28,15.09,0.77,20.72,1.75,6.0,41.0,,Clear,-135.91,Poor
4977.01,29.84,17.91,13.29,2.43,20.61,1.29,1.0,41.6,Suburban,Rain,-64.98,Excellent
2425.43,321.11,30.56,11.23,0.98,16.15,2.32,5.0,35.6,Indoor,Clear,-139.84,Poor
2080.43,626.65,36.88,2.67,1.17,46.62,2.39,2.0,85.5,Indoor,Clear,-140.81,Poor
2092.12,54.38,24.61,17.56,2.47,10.93,2.36,7.0,44.7,Indoor,Clear,-106.05,Poor
897.36,4227.68,38.29,9.18,2.0,32.43,1.45,9.0,10.0,Urban,Clear,-140.14,Poor
677.47,41.59,21.41,14.75,2.38,26.69,1.34,6.0,48.7,Urban,Clear,-67.56,Excellent
2371.24,2882.13,23.29,8.04,1.92,26.01,1.49,10.0,42.8,Dense Urban,Clear,-185.42,Poor
5029.65,140.46,32.41,9.3,0.37,16.02,1.53,1.0,40.6,Rural,Clear,-52.24,Excellent
722.6,10.03,20.86,9.4,0.38,41.73,,1.0,61.4,Rural,Clear,-18.52,Excellent
5024.74,292.63,36.2,17.84,1.31,22.96,1.86,1.0,26.6,Rural,,-46.94,Excellent
4987.07,496.28,35.79,5.38,2.61,37.37,2.48,12.0,90.5,Dense Urban,Rain,-157.48,Poor
883.21,2220.17,35.96,10.03,1.06,22.63,1.68,1.0,52.4,Rural,Rain,-58.17,Excellent
2595.55,287.72,,4.48,3.13,46.34,1.49,7.0,55.6,Indoor,Clear,-135.14,Poor
847.2,17.95,41.0,9.91,3.81,19.1,1.47,4.0,46.1,Urban,Clear,-43.03,Excellent
3470.34,3172.79,37.23,10.74,4.46,43.29,1.97,4.0,86.1,Indoor,Clear,-169.13,Poor
3516.76,335.64,35.75,4.19,4.72,39.74,2.1,5.0,41.2,Dense Urban,Clear,-124.25,Poor
1829.8,54.06,21.12,13.17,1.82,44.8,1.8,2.0,59.2,Rural,Clear,-37.72,Excellent
701.72,2666.81,41.36,15.25,4.72,49.47,2.26,8.0,62.1,Urban,Rain,-113.52,Poor
5793.3,21.2,22.96,15.06,4.38,33.11,1.22,0.0,50.5,Rural,Clear,-31.34,Excellent
2093.57,18.33,21.15,13.67,1.58,39.2,1.99,1.0,66.3,Rural,Storm,-30.77,Excellent
4975.76,277.95,44.99,4.25,1.85,32.82,1.99,5.0,72.4,Urban,Clear,-99.38,Fair
2585.97,485.9,19.89,11.94,0.84,45.77,2.37,3.0,69.6,Suburban,Clear,-93.66,Fair
3500.13,239.37,24.73,13.17,4.35,34.68,1.47,6.0,52.9,Urban,Clear,-107.91,Poor
3495.91,3216.04,24.68,14.15,2.65,43.85,1.68,6.0,49.8,Urban,Clear,-145.03,Poor
852.7,51.21,47.4,13.35,1.03,,1.84,1.0,57.7,Rural,Clear,-5.09,Excellent
1820.94,4705.6,48.44,12.06,4.05,11.8,1.88,2.0,46.9,Rural,Fog,-57.05,Excellent
2083.51,11.28,43.14,13.64,4.25,13.95,1.57,4.0,34.0,Indoor,Clear,-51.03,Excellent
2071.66,20.89,22.8,15.64,3.2,36.1,1.86,3.0,58.1,Suburban,Clear,-43.12,Excellent
672.29,31.71,39.03,11.11,1.97,43.41,1.41,1.0,84.4,Rural,Clear,-6.05,Excellent
2378.05,16.4,45.02,4.32,1.1,19.69,1.68,2.0,65.1,Suburban,Storm,-37.24,Excellent
854.23,152.31,30.92,15.06,3.83,33.61,2.43,7.0,28.4,Urban,Fog,-78.81,Good
3518.49,2165.78,24.32,12.58,3.85,31.01,1.44,3.0,56.7,Urban,Clear,-134.42,Poor
2623.21,1641.36,44.14,12.99,2.55,36.36,1.38,1.0,73.3,Suburban,Clear,-79.19,Good
5808.11,1023.47,19.61,6.71,3.71,19.22,1.24,4.0,51.6,Suburban,Clear,-115.3,Poor
3494.19,10.47,48.56,4.39,1.0,18.88,2.15,5.0,58.5,Urban,Rain,-50.39,Excellent
1779.27,2170.27,31.21,14.49,2.65,41.18,2.01,5.0,98.0,Suburban,Clear,-96.16,Fair
5794.09,117.53,40.81,2.79,1.63,11.94,1.46,7.0,92.4,Urban,Clear,-101.48,Poor
2089.94,943.34,29.2,8.44,4.96,37.76,1.73,2.0,55.3,Suburban,Clear,-86.69,Fair
1822.2,916.08,45.31,10.14,2.12,12.86,1.45,3.0,69.8,Suburban,Clear,-80.03,Good
5799.2,30.14,46.68,2.28,1.03,14.13,2.11,7.0,50.8,Dense Urban,Clear,-87.99,Fair
1783.57,246.06,30.27,11.55,0.98,19.71,1.38,6.0,49.4,Urban,Clear,-103.37,Poor
687.33,3160.35,23.32,3.91,4.98,23.66,2.18,1.0,74.8,Suburban,Clear,-107.39,Poor
2078.19,51.28,19.87,5.86,5.0,49.47,1.64,1.0,74.3,Suburban,Fog,-61.72,Excellent
3525.12,850.82,45.21,17.9,4.0,28.26,1.82,9.0,68.9,Urban,Clear,-110.21,Poor
823.02,3852.57,44.75,10.96,2.4,27.16,2.25,3.0,51.3,Suburban,Rain,-88.09,Fair
2070.77,94.04,38.52,17.49,3.33,40.83,1.89,2.0,92.6,Suburban,Clear,-40.51,Excellent
830.98,111.23,20.36,9.88,3.51,20.79,1.7,7.0,33.8,Urban,Clear,-91.92,Fair
2618.65,166.51,47.06,14.85,0.65,33.88,1.7,7.0,57.8,Urban,Clear,-79.01,Good
2101.41,1526.06,30.82,2.61,0.72,37.99,1.88,3.0,32.8,Suburban,Clear,-105.84,Poor
1807.55,153.33,25.11,6.66,1.97,44.25,1.41,11.0,58.1,Dense Urban,Clear,-132.68,Poor
891.46,205.29,30.68,6.53,1.87,14.9,1.56,7.0,50.0,Dense Urban,Fog,-117.77,Poor
2374.12,39.81,47.24,3.12,2.34,36.19,1.92,6.0,83.2,Urban,Clear,-61.45,Excellent
2621.37,4650.65,43.25,17.23,1.51,10.19,1.46,6.0,55.8,Urban,Clear,-136.03,Poor
5781.51,2561.16,35.58,10.07,3.09,29.87,2.0,1.0,83.8,Suburban,Rain,-108.22,Poor
2071.98,416.94,42.66,11.49,3.77,24.43,1.53,3.0,52.2,Suburban,Clear,-67.49,Excellent
854.36,3913.12,46.88,10.33,4.36,42.59,2.03,3.0,46.2,Indoor,Storm,-151.21,Poor
4975.0,714.8,38.02,5.98,2.05,39.09,1.36,5.0,64.4,Dense Urban,Fog,-142.15,Poor
2575.75,3877.91,25.18,16.79,1.46,37.66,1.85,6.0,13.9,Indoor,Fog,-187.92,Poor
3518.02,27.29,19.31,12.7,0.75,16.78,2.18,2.0,49.1,Indoor,Storm,-103.75,Poor
699.5,40.6,20.34,3.98,,22.4,1.61,7.0,60.3,Dense Urban,Clear,-95.41,Fair
1784.49,2449.52,22.81,9.39,0.19,21.51,2.19,4.0,98.0,Urban,Clear,-144.22,Poor
3490.92,135.9,45.44,2.02,4.29,17.76,1.63,3.0,68.8,Suburban,Clear,-63.46,Excellent
5013.75,100.4,20.56,12.8,2.38,26.85,2.2,7.0,19.9,Indoor,Rain,-135.04,Poor
2073.98,1086.25,20.59,10.38,3.05,27.01,2.33,11.0,42.4,Dense Urban,Rain,-170.5,Poor
4976.99,502.61,45.95,16.47,2.0,24.0,1.26,2.0,33.5,Rural,Clear,-43.5,Excellent
5006.98,84.85,29.66,17.16,0.02,41.76,1.54,2.0,65.2,Rural,Clear,-41.76,Excellent
1806.42,118.53,17.83,3.57,3.94,37.62,2.46,4.0,74.6,Urban,Clear,-98.23,Fair
5028.35,126.54,44.11,3.43,2.37,41.8,1.32,6.0,26.1,Dense Urban,Clear,-107.52,Poor
892.47,21.93,46.27,16.39,2.03,42.33,1.37,2.0,79.1,Rural,Clear,6.44,Excellent
873.9,41.64,37.08,10.19,3.79,18.83,1.22,3.0,38.0,Urban,Clear,-54.05,Excellent
2602.25,282.34,20.28,9.51,1.74,47.85,1.55,8.0,38.4,Urban,Fog,-117.71,Poor
2608.3,1288.63,38.41,11.13,3.24,36.02,1.97,5.0,31.8,Suburban,Clear,-95.44,Fair
828.38,135.21,46.14,9.46,3.63,41.93,1.53,7.0,44.5,Urban,Clear,-69.38,Excellent
5003.17,108.31,45.48,11.83,4.91,47.13,2.46,0.0,56.4,Rural,Rain,-25.41,Excellent
831.87,569.8,36.69,17.19,3.84,42.61,1.8,5.0,79.8,Suburban,Fog,-63.21,Excellent
5020.68,26.57,46.37,11.7,0.12,32.38,2.0,1.0,30.2,Rural,Storm,-22.62,Excellent
720.11,106.57,42.43,7.13,3.12,29.2,1.5,6.0,31.1,Urban,Clear,-68.45,Excellent
3495.78,36.45,21.6,5.41,3.08,31.92,2.02,8.0,73.9,Urban,Clear,-90.67,Fair
3528.0,573.82,36.98,17.46,0.62,44.98,1.55,1.0,49.3,Rural,Rain,-49.77,Excellent
3528.79,20.1,37.38,11.27,3.75,12.65,2.42,2.0,42.3,Indoor,Clear,-74.08,Good
2577.76,161.68,41.78,11.07,1.87,25.48,2.27,4.0,60.4,Suburban,Clear,-62.11,Excellent
2092.06,406.52,38.6,2.53,3.12,21.37,1.22,3.0,44.8,Suburban,Fog,-82.28,Good
3506.02,1778.55,45.16,16.69,1.34,27.86,1.73,9.0,37.1,Urban,Rain,-125.79,Poor
875.09,902.7,34.96,9.51,0.89,34.09,1.74,4.0,49.7,Urban,Clear,-108.95,Poor
3492.96,3505.58,,18.0,1.98,40.9,1.91,7.0,60.5,Indoor,Rain,-189.62,Poor
2385.67,683.87,29.84,4.69,1.03,10.34,2.25,6.0,,Indoor,Rain,-169.73,Poor
2127.12,87.59,46.43,7.22,4.93,27.26,2.33,11.0,75.8,Dense Urban,Clear,-97.84,Fair
2394.7,42.21,46.68,5.36,3.63,21.61,1.95,8.0,52.4,Dense Urban,Clear,-80.28,Good
2415.76,14.21,33.65,8.06,0.19,39.45,2.11,5.0,51.9,Suburban,Clear,-41.43,Excellent
693.2,56.13,24.14,17.63,1.92,20.98,1.57,4.0,43.8,Suburban,Clear,-47.6,Excellent
827.91,23.41,24.67,8.64,4.56,19.37,1.31,2.0,47.2,Suburban,Clear,-39.76,Excellent
921.79,99.2,24.84,15.23,2.98,16.91,1.21,1.0,40.2,Suburban,Rain,-54.29,Excellent
820.03,787.48,21.58,14.08,2.42,30.13,1.23,6.0,78.0,Urban,Clear,-118.66,Poor
2073.36,737.53,45.95,6.77,2.68,12.08,2.15,7.0,58.4,Urban,Clear,-112.49,Poor
2591.86,72.23,36.19,11.28,1.52,37.91,1.47,4.0,45.6,Suburban,Rain,-57.86,Excellent
2611.21,235.81,27.13,15.63,1.94,45.37,2.12,13.0,38.3,Dense Urban,Rain,-139.16,Poor
2090.5,38.46,45.07,11.78,0.99,17.84,1.32,2.0,45.8,Indoor,Clear,-72.92,Good
4973.98,227.78,28.37,6.24,3.55,29.8,2.26,7.0,64.9,Urban,Clear,-114.26,Poor
2389.07,238.07,43.5,15.81,1.18,45.21,2.01,4.0,48.0,Suburban,Clear,-56.43,Excellent
684.7,65.04,34.55,10.9,2.12,44.1,1.69,6.0,50.6,Dense Urban,Rain,-82.51,Good
3470.33,50.15,21.53,17.68,4.63,41.28,2.27,1.0,57.5,Rural,Storm,-40.03,Excellent
2402.09,4403.95,45.22,12.49,2.03,17.46,2.1,7.0,43.9,Urban,Clear,-135.77,Poor
2577.0,281.63,44.16,9.18,1.69,27.48,2.28,4.0,53.0,Suburban,Clear,-68.31,Excellent
2387.25,328.87,50.0,8.97,2.11,49.33,2.12,0.0,96.1,Rural,Clear,-28.16,Excellent
2408.47,10.5,20.45,16.08,1.25,19.68,1.26,9.0,58.7,Urban,Rain,-66.63,Excellent
713.51,30.96,21.45,17.69,3.66,15.33,1.94,1.0,59.5,Rural,Rain,-21.9,Excellent
2385.81,91.73,21.98,8.57,3.39,26.53,1.91,6.0,40.3,Urban,Clear,-98.13,Fair
3489.75,4047.18,43.99,4.61,1.26,16.05,2.27,3.0,72.4,Indoor,Rain,-187.95,Poor
1784.81,29.71,43.98,2.64,2.1,28.83,1.43,7.0,42.1,Dense Urban,Clear,-74.74,Good
2627.41,65.85,21.65,7.16,2.66,34.77,1.49,7.0,61.6,Urban,Rain,-97.26,Fair
681.43,4703.31,20.41,7.47,4.34,25.8,1.32,2.0,13.6,Rural,Clear,-78.73,Good
1780.99,198.84,42.81,8.81,1.68,20.11,1.79,1.0,39.1,Rural,Clear,-35.18,Excellent
2096.7,72.34,27.47,4.32,2.89,28.42,1.21,13.0,43.9,Dense Urban,Clear,-121.34,Poor
5781.36,515.37,44.38,9.88,4.7,41.63,2.01,13.0,48.9,Dense Urban,Fog,-140.5,Poor
879.4,218.53,18.86,17.09,1.31,42.71,1.4,1.0,46.7,Rural,Storm,-44.71,Excellent
875.75,3838.19,37.23,5.72,3.64,10.25,1.4,4.0,79.3,Urban,Rain,-137.17,Poor
,16.77,19.76,12.96,3.28,11.8,1.33,2.0,53.7,Indoor,Rain,-81.96,Good
5806.72,1360.4,43.62,2.61,0.75,46.69,1.79,10.0,79.4,Dense Urban,Clear,-162.36,Poor
5009.01,56.66,19.65,12.3,4.92,19.11,1.48,2.0,36.3,Suburban,Rain,-72.5,Good
716.4,1503.75,21.18,17.0,3.91,26.25,1.25,5.0,30.7,Suburban,Fog,-94.98,Fair
889.58,1940.76,19.02,6.52,2.14,14.5,1.49,3.0,84.9,Urban,Clear,-136.98,Poor
5025.11,1958.97,23.65,15.06,2.8,23.38,2.14,0.0,36.9,Rural,Clear,-74.46,Good
713.99,2183.66,31.05,3.32,1.8,40.45,1.21,3.0,60.7,Urban,Rain,-126.55,Poor
5018.28,867.37,36.97,7.73,1.31,12.12,1.53,4.0,49.8,Suburban,Clear,-100.53,Poor
913.26,24.23,44.67,2.11,4.48,27.93,1.5,1.0,32.3,Rural,Rain,-13.97,Excellent
5791.51,13.81,45.03,7.68,2.93,34.63,1.54,2.0,27.6,Rural,Fog,-16.81,Excellent
886.98,83.12,19.0,6.96,,21.46,1.49,4.0,38.5,Urban,Storm,-91.02,Fair
2095.35,216.86,26.79,13.08,4.26,42.85,1.66,9.0,46.3,Urban,Rain,-103.99,Poor
2575.82,65.58,46.11,6.71,2.21,10.15,2.2,9.0,63.2,Dense Urban,Clear,-94.39,Fair
847.08,1007.38,17.5,15.17,0.92,27.09,2.03,2.0,56.4,Rural,Fog,-64.06,Excellent
2372.59,890.95,43.11,6.66,0.76,44.08,1.63,1.0,48.2,Rural,Clear,-50.26,Excellent
2370.24,4199.48,27.81,5.57,4.7,14.67,2.13,11.0,75.7,Dense Urban,Fog,-194.5,Poor
3525.89,120.54,21.19,9.91,,17.68,1.63,1.0,81.5,Rural,Clear,-56.08,Excellent
5811.36,1320.25,21.0,12.5,1.98,36.21,1.82,2.0,58.1,Rural,Rain,-86.41,Fair
2603.71,1001.1,23.04,16.22,2.69,22.58,1.98,3.0,45.4,Indoor,Rain,-159.84,Poor
2090.47,4662.35,17.17,15.02,2.88,19.88,1.92,0.0,54.7,Rural,Clear,-80.15,Good
2104.23,1224.52,22.16,10.39,2.16,30.88,1.69,7.0,60.1,Urban,Fog,-139.08,Poor
2123.49,58.26,37.39,17.65,4.68,35.28,1.54,2.0,25.9,Indoor,Clear,-81.04,Good
5009.14,11.0,42.07,6.74,1.66,38.6,2.05,4.0,53.6,Suburban,Clear,-34.08,Excellent
1806.15,4102.53,36.49,17.99,0.57,25.29,1.72,5.0,55.7,Suburban,Fog,-102.88,Poor
847.61,856.35,43.37,8.16,4.98,33.57,1.95,5.0,35.0,Indoor,Rain,-132.2,Poor
1790.74,1560.27,20.07,6.2,1.1,46.72,1.74,4.0,43.9,Suburban,Clear,-112.06,Poor
711.91,1383.38,21.51,8.12,4.72,48.02,2.23,13.0,40.0,Dense Urban,Rain,-164.7,Poor
878.86,967.83,37.03,11.37,4.23,35.3,2.42,6.0,79.2,Urban,Clear,-104.82,Poor
695.49,1067.1,19.57,9.58,3.89,31.52,2.43,9.0,30.5,Dense Urban,Clear,-153.47,Poor
3493.53,3225.37,39.59,2.8,0.66,39.7,1.25,1.0,62.6,Suburban,Clear,-106.63,Poor
3495.69,2931.97,22.85,7.7,0.17,46.34,1.82,13.0,87.5,Dense Urban,Rain,-198.9,Poor
2595.53,105.57,30.2,9.87,0.85,19.0,1.67,3.0,53.1,Urban,Rain,-87.5,Fair
2129.44,12.12,37.39,12.61,2.01,24.91,1.32,5.0,82.8,Indoor,Storm,-70.81,Good
3512.41,12.72,45.52,17.25,3.96,10.89,2.29,3.0,57.0,Suburban,Fog,-22.37,Excellent
841.55,160.5,18.92,17.29,1.96,48.69,2.07,2.0,64.7,Rural,Fog,-40.01,Excellent
5792.29,1793.02,37.69,10.22,0.16,42.7,1.94,4.0,27.4,Suburban,Fog,-108.76,Poor
2395.85,1939.44,37.7,11.11,0.36,13.06,2.4,13.0,80.7,Dense Urban,Clear,-168.73,Poor
5772.2,123.43,23.12,13.17,2.3,44.76,2.04,3.0,49.0,Urban,Clear,-93.23,Fair
851.67,65.17,38.11,15.37,0.14,38.3,2.4,4.0,53.6,Urban,Clear,-56.87,Excellent
2118.68,232.97,21.14,13.92,3.78,44.51,2.07,0.0,47.9,Rural,Clear,-46.34,Excellent
2609.63,1766.07,44.08,13.53,1.23,44.05,1.3,2.0,39.8,Rural,Clear,-50.8,Excellent
2081.91,522.26,21.96,9.16,2.44,19.9,1.22,2.0,71.3,Rural,Storm,-73.48,Good
2113.68,23.84,18.11,15.9,3.96,21.67,2.34,5.0,47.5,Suburban,Clear,-55.14,Excellent
863.17,94.99,18.49,12.6,2.76,23.53,1.9,3.0,39.1,Urban,Clear,-80.18,Good
1785.75,315.56,31.03,4.55,4.41,37.82,1.63,3.0,40.2,Indoor,Fog,-131.6,Poor
907.37,283.63,25.13,11.57,4.24,36.4,1.98,1.0,36.0,Suburban,Rain,-65.59,Excellent
1806.66,1745.24,31.1,6.97,0.87,29.52,1.77,1.0,85.0,Rural,Fog,-69.67,Excellent
2620.39,3280.22,45.75,5.25,0.11,31.77,1.58,5.0,57.6,Urban,Storm,-140.42,Poor
2578.16,18.67,48.52,12.38,4.32,28.04,1.66,8.0,39.0,Urban,Rain,-47.67,Excellent
2581.69,40.33,42.33,12.28,3.28,23.0,2.01,7.0,38.6,Urban,Clear,-63.69,Excellent
1799.16,114.4,28.28,17.28,4.59,42.56,2.03,2.0,75.7,Indoor,Clear,-98.8,Fair
5772.65,63.09,20.38,17.62,0.42,32.85,2.41,3.0,60.4,Suburban,Clear,-69.99,Excellent
694.94,126.46,31.94,8.54,4.93,40.63,2.23,0.0,25.1,Rural,Clear,-22.44,Excellent
1817.29,12.88,18.73,4.86,4.92,16.37,2.17,2.0,10.0,Indoor,Clear,-82.32,Good
828.92,15.07,17.44,4.25,1.34,19.87,2.23,1.0,57.8,Suburban,Rain,-50.34,Excellent
1797.6,1831.1,23.06,17.59,0.29,26.22,1.22,0.0,82.4,Rural,Fog,-64.97,Excellent
5829.39,18.92,44.16,8.33,1.86,18.97,2.47,2.0,39.4,Suburban,Clear,-34.6,Excellent
1800.36,1675.54,38.55,7.48,2.17,34.41,2.44,6.0,67.2,Urban,Clear,-126.53,Poor
5799.9,67.18,38.47,11.94,1.34,38.58,1.5,5.0,90.6,Indoor,Storm,-113.9,Poor
2103.53,68.33,20.95,2.92,0.27,19.08,2.29,0.0,28.8,Rural,Fog,-52.18,Excellent
2581.16,18.7,44.09,12.35,4.33,10.52,1.69,3.0,35.6,Indoor,Fog,-64.75,Excellent
2078.83,10.86,43.0,16.01,1.06,34.27,2.13,2.0,48.0,Rural,Clear,1.17,Excellent
910.64,90.97,34.79,13.59,4.37,49.25,1.54,4.0,62.6,Urban,Rain,-63.98,Excellent
3493.75,1797.23,43.93,8.68,1.29,23.09,2.42,0.0,61.8,Rural,Clear,-57.96,Excellent
5787.39,3040.41,47.82,3.86,4.25,35.37,2.37,2.0,,Suburban,Clear,-98.35,Fair
871.88,14.66,42.99,5.86,1.41,11.92,2.26,4.0,98.0,Indoor,Rain,-61.77,Excellent
3520.76,12.12,49.59,6.25,0.5,32.75,1.28,9.0,71.4,Urban,Clear,-52.87,Excellent
871.94,26.83,21.47,8.16,4.11,32.4,1.29,9.0,48.2,Dense Urban,Rain,-88.89,Fair
3515.0,1170.02,21.45,4.13,1.39,32.69,1.89,2.0,51.2,Suburban,Clear,-111.22,Poor
3492.92,35.73,22.55,11.21,1.54,29.43,2.34,6.0,47.6,Urban,Clear,-80.58,Good
2105.92,41.97,22.48,7.86,2.04,28.02,1.49,3.0,80.0,Suburban,Rain,-64.44,Excellent
3484.86,2507.43,37.43,9.94,,44.6,1.37,5.0,24.7,Indoor,Rain,-173.56,Poor
879.32,2298.59,44.89,6.56,3.18,10.53,1.8,3.0,50.3,Urban,Clear,-117.34,Poor
702.0,644.3,23.85,9.26,0.38,24.99,2.41,3.0,17.3,Urban,Clear,-114.66,Poor
711.74,27.71,43.82,13.4,4.77,26.67,2.43,3.0,61.1,Suburban,Rain,-19.97,Excellent
2081.73,106.83,22.42,3.41,0.26,43.15,2.41,1.0,65.2,Rural,Clear,-54.3,Excellent
5796.18,43.39,45.26,10.16,4.18,25.59,1.86,4.0,26.4,Urban,Fog,-62.69,Excellent
846.68,650.57,37.51,11.89,3.58,13.57,2.42,1.0,23.0,Rural,Rain,-40.57,Excellent
2082.96,1273.53,30.91,12.68,1.45,14.9,2.48,1.0,55.5,Rural,Clear,-61.12,Excellent
3503.9,24.19,29.99,16.76,2.99,14.81,2.38,10.0,62.0,Dense Urban,Clear,-84.79,Good
878.76,2651.89,45.68,14.5,2.75,34.15,1.77,9.0,26.0,Dense Urban,Rain,-142.37,Poor
3500.58,177.48,26.9,13.82,3.33,31.21,1.53,1.0,49.6,Rural,Clear,-45.82,Excellent
1776.81,1398.61,20.13,15.89,3.69,19.97,2.18,9.0,68.2,Dense Urban,Rain,-161.26,Poor
4999.13,13.78,37.89,16.63,2.57,17.56,1.54,3.0,64.6,Indoor,Clear,-65.54,Excellent
2388.7,94.02,36.91,15.43,3.58,46.38,1.66,4.0,46.7,Indoor,Clear,-94.1,Fair
2397.13,10.96,41.83,11.82,0.99,33.44,1.9,1.0,41.1,Suburban,Clear,-17.36,Excellent
846.02,869.3,27.48,15.49,3.46,43.73,2.32,6.0,10.0,Dense Urban,Clear,-126.68,Poor
2124.48,16.38,23.68,7.22,2.14,20.58,1.82,6.0,39.7,Urban,Clear,-69.75,Excellent
4999.4,81.85,20.05,17.23,4.71,28.99,,5.0,61.5,Urban,Clear,-92.27,Fair
719.11,1288.0,48.08,4.78,4.28,20.28,1.95,2.0,54.1,Rural,Rain,-44.68,Excellent
3483.54,1050.6,20.83,5.67,0.01,16.38,1.3,2.0,70.0,Suburban,Fog,-116.9,Poor
2091.12,534.72,29.29,4.54,3.8,25.57,1.51,2.0,92.6,Rural,Storm,-67.61,Excellent
3474.51,746.69,18.02,14.43,3.01,10.12,1.34,6.0,55.0,Indoor,Clear,-172.68,Poor
2595.24,572.34,24.54,8.95,3.57,45.6,1.95,5.0,13.9,Suburban,Rain,-97.7,Fair
2110.12,538.0,21.86,13.81,1.29,27.99,1.52,7.0,44.9,Indoor,Rain,-158.41,Poor
1820.29,87.84,32.88,10.16,3.99,14.94,2.0,13.0,78.1,Dense Urban,Clear,-113.7,Poor
2603.95,11.91,46.78,8.45,0.7,28.68,2.06,4.0,79.3,Suburban,Clear,-24.99,Excellent
858.4,155.77,24.18,16.34,4.49,44.82,1.82,4.0,21.9,Suburban,Fog,-59.77,Excellent
2380.64,13.26,46.65,8.91,2.17,48.29,1.2,6.0,37.7,Urban,Clear,-40.03,Excellent
672.23,184.27,37.86,11.89,0.53,10.07,1.24,1.0,50.8,Rural,Clear,-29.76,Excellent
2617.5,178.87,46.07,15.74,3.5,48.99,1.83,5.0,73.2,Urban,Clear,-70.55,Good
2580.02,30.36,37.93,5.4,1.93,22.94,1.47,3.0,37.1,Suburban,Rain,-53.3,Excellent
675.47,1308.27,49.21,8.44,1.27,38.28,1.83,0.0,66.7,Rural,Clear,-35.45,Excellent
3526.25,795.5,37.33,4.32,3.35,40.11,1.95,8.0,10.0,Urban,Clear,-129.44,Poor
2127.81,323.73,43.04,10.68,1.67,46.26,1.81,4.0,51.9,Urban,Clear,-88.27,Fair
3506.98,3155.0,20.3,14.63,1.08,26.39,1.9,13.0,31.1,Dense Urban,Rain,-196.05,Poor
692.72,59.58,45.78,2.88,3.01,40.65,2.46,2.0,49.2,Indoor,Rain,-78.16,Good
869.99,50.96,20.37,2.97,1.75,37.41,2.02,1.0,24.2,Rural,Clear,-40.0,Excellent
2082.28,31.27,22.73,13.86,0.26,23.02,1.46,6.0,55.5,Urban,Rain,-79.72,Good
845.76,294.73,44.72,13.35,1.13,43.05,1.41,1.0,66.0,Suburban,Rain,-46.24,Excellent
1791.42,35.83,24.57,8.44,2.25,45.67,2.44,6.0,59.3,Urban,Fog,-75.0,Good
2624.76,2213.72,23.25,7.77,2.87,32.67,2.47,2.0,77.3,Rural,Rain,-84.91,Good
875.19,66.27,45.96,6.51,2.43,42.76,1.8,5.0,57.4,Suburban,Clear,-38.12,Excellent
2609.05,211.35,37.43,2.99,4.59,34.99,2.32,13.0,58.2,Dense Urban,Clear,-133.46,Poor
826.64,268.62,30.37,10.22,1.71,41.56,2.03,3.0,43.1,Suburban,Fog,-68.87,Excellent
848.93,67.66,23.3,11.86,4.34,34.73,1.26,1.0,63.2,Suburban,Clear,-48.22,Excellent
2384.72,983.95,44.69,15.85,2.39,37.72,2.2,4.0,44.4,Indoor,Rain,-137.62,Poor
3523.09,737.71,20.56,10.67,3.41,11.5,1.68,1.0,48.5,Suburban,Clear,-101.48,Poor
828.3,1130.85,37.69,4.43,2.7,13.85,1.95,3.0,,Urban,Clear,-112.33,Poor
873.26,431.88,22.99,6.93,0.54,26.54,2.36,0.0,89.1,Rural,Clear,-55.49,Excellent
5812.27,174.59,25.04,14.56,2.11,41.58,1.88,2.0,48.3,Suburban,Clear,-77.34,Good
5797.2,162.78,21.87,11.89,3.38,12.55,1.96,1.0,62.9,Suburban,Clear,-82.05,Good
2420.3,858.83,24.26,14.34,1.38,10.55,2.25,5.0,39.8,Suburban,Clear,-104.44,Poor
2074.48,104.14,29.11,8.62,1.65,18.72,2.25,0.0,42.0,Rural,Clear,-41.65,Excellent
1818.06,151.41,41.88,3.08,3.51,44.41,2.02,4.0,10.0,Urban,Rain,-82.26,Good
2572.24,27.65,41.89,16.27,3.67,45.49,1.25,5.0,66.3,Suburban,Clear,-31.63,Excellent
2371.68,682.81,35.29,7.59,2.68,21.78,2.34,0.0,45.9,Rural,Rain,-55.99,Excellent
897.68,16.13,47.42,3.33,3.68,37.27,2.01,2.0,88.3,Rural,Storm,-8.53,Excellent
683.28,4713.71,32.2,11.39,4.21,38.14,1.91,9.0,40.3,Dense Urban,Rain,-166.16,Poor
855.62,24.43,30.65,13.9,2.54,10.04,2.3,5.0,54.7,Dense Urban,Clear,-69.05,Excellent
5771.55,108.06,38.21,9.65,3.48,24.97,1.69,4.0,69.7,Indoor,Clear,-112.64,Poor
2072.12,43.83,23.44,11.82,0.06,16.0,1.33,1.0,98.0,Rural,Rain,-42.93,Excellent
2113.63,60.88,30.85,8.68,0.15,23.85,1.53,4.0,37.7,Urban,Storm,-83.17,Good
2082.61,74.18,42.82,15.02,3.01,20.61,2.39,2.0,45.5,Rural,Rain,-24.83,Excellent
3509.39,868.5,30.47,14.54,3.18,13.05,2.23,4.0,58.2,Urban,Clear,-118.05,Poor
715.0,29.99,45.36,13.52,1.47,49.44,1.84,6.0,48.6,Urban,Clear,-38.34,Excellent
673.56,51.54,42.94,2.32,3.09,30.05,2.27,9.0,68.9,Urban,Clear,-71.2,Good
916.19,18.76,23.34,10.26,0.51,15.8,2.33,4.0,58.3,Suburban,Clear,-46.92,Excellent
2086.11,78.45,28.93,14.57,3.85,19.38,2.24,5.0,80.1,Suburban,Rain,-62.87,Excellent
2593.37,3470.43,28.39,5.92,1.77,11.47,2.5,7.0,49.9,Urban,Clear,-157.86,Poor
2075.2,106.15,44.88,6.15,2.86,22.0,2.45,3.0,72.1,Indoor,Clear,-99.22,Fair
2120.32,1253.18,27.83,16.47,4.9,12.58,1.93,2.0,54.4,Suburban,Rain,-91.74,Fair
5803.64,176.25,28.27,15.47,2.58,19.9,2.07,4.0,66.4,Urban,Fog,-100.6,Poor
850.28,163.48,41.47,17.81,2.63,27.41,2.49,6.0,59.6,Indoor,Clear,-99.46,Fair
2428.11,1674.45,43.85,9.96,0.52,36.87,2.38,1.0,53.7,Suburban,Clear,-81.95,Good
2390.07,11.81,37.79,3.99,0.22,43.3,1.83,4.0,40.3,Suburban,Clear,-36.74,Excellent
2123.45,2159.25,44.65,2.13,4.61,12.2,1.49,5.0,72.0,Suburban,Clear,-101.2,Poor
5013.18,203.97,17.21,13.3,4.33,19.86,1.42,5.0,34.1,Urban,Clear,-112.45,Poor
925.71,88.65,45.4,15.07,4.05,15.43,1.38,2.0,67.8,Suburban,Clear,-34.45,Excellent
5824.47,2802.34,21.33,8.85,4.97,23.92,1.23,8.0,67.3,Dense Urban,Clear,-184.74,Poor
1829.46,82.66,45.19,8.81,0.48,17.05,2.18,8.0,98.0,Urban,Clear,-76.77,Good
2377.9,4352.87,37.2,15.44,3.83,19.41,1.89,9.0,72.0,Urban,Storm,-153.17,Poor
2417.76,3366.65,34.79,4.98,0.56,46.7,1.79,6.0,17.6,Urban,Clear,-149.99,Poor
5018.27,52.86,20.85,3.02,3.17,35.66,1.2,2.0,35.9,Rural,Rain,-61.13,Excellent
2108.66,83.04,37.13,17.45,3.59,44.66,1.82,3.0,54.6,Suburban,Rain,-45.46,Excellent
886.73,1556.02,19.64,10.68,3.47,31.74,1.22,5.0,46.8,Suburban,Clear,-105.96,Poor
727.91,33.72,39.36,14.36,1.32,42.79,2.1,13.0,62.1,Dense Urban,Clear,-75.2,Good
1782.27,945.18,28.54,17.28,4.42,23.99,2.48,0.0,29.9,Rural,Clear,-47.25,Excellent
4999.97,22.31,24.55,14.97,2.83,19.78,2.36,2.0,19.2,Suburban,Rain,-53.33,Excellent
701.29,35.89,29.39,9.48,4.57,31.95,1.45,3.0,36.0,Urban,Fog,-56.53,Excellent
4979.71,224.31,22.97,12.37,2.22,47.69,2.03,8.0,97.9,Urban,Clear,-112.24,Poor
2413.35,1030.65,18.88,12.12,1.71,43.4,1.55,10.0,76.7,Dense Urban,Rain,-168.39,Poor
825.33,990.14,18.97,16.81,4.49,19.73,1.9,4.0,43.8,Suburban,Clear,-89.44,Fair
1811.59,440.01,29.35,4.26,4.08,48.19,1.8,2.0,58.5,Suburban,Fog,-81.72,Good
2420.92,54.25,40.15,13.13,0.43,31.0,1.53,6.0,35.2,Urban,Clear,-65.02,Excellent
1790.96,132.16,37.52,15.81,2.19,26.84,1.9,5.0,71.9,Suburban,Clear,-56.75,Excellent
862.57,46.19,20.17,7.75,0.38,21.53,2.08,4.0,33.9,Suburban,Fog,-62.65,Excellent
2579.41,55.93,27.75,13.33,4.35,35.08,2.09,8.0,47.2,Urban,Clear,-81.74,Good
2620.76,74.54,37.99,6.0,2.39,33.15,1.44,4.0,39.7,Suburban,Rain,-64.46,Excellent
877.12,413.31,25.19,3.41,1.31,43.0,1.23,0.0,50.2,Rural,Clear,-51.35,Excellent
879.16,36.33,,2.41,0.35,46.59,2.23,0.0,60.8,Rural,Fog,-40.12,Excellent
911.51,13.03,21.82,10.48,1.47,39.86,2.06,8.0,54.6,Urban,Fog,-60.62,Excellent
2600.35,739.46,21.67,2.83,1.82,17.4,1.79,1.0,74.8,Suburban,Clear,-105.98,Poor
,11.45,23.6,11.48,4.85,15.3,2.02,5.0,35.1,Dense Urban,Storm,-73.83,Good
3512.39,4169.84,36.8,8.01,4.95,31.44,2.35,5.0,10.0,Urban,Storm,-149.2,Poor
5799.32,88.19,44.22,2.11,2.31,16.14,1.67,8.0,58.4,Dense Urban,Clear,-108.96,Poor
3506.02,10.42,46.41,5.62,,34.68,1.78,2.0,87.4,Suburban,Rain,-23.28,Excellent
1783.85,2440.45,45.14,13.81,3.99,16.47,1.88,7.0,34.6,Urban,Clear,-121.9,Poor
842.71,415.77,29.97,8.06,3.85,19.29,2.09,4.0,66.6,Indoor,Clear,-135.58,Poor
2621.91,1607.38,46.64,13.61,1.34,13.35,1.84,5.0,45.9,Suburban,Clear,-90.28,Fair
5776.59,149.32,47.65,15.04,3.71,43.48,2.13,3.0,39.2,Indoor,Clear,-102.83,Poor
5805.85,90.35,26.33,14.75,4.96,33.58,1.56,0.0,39.2,Rural,Clear,-40.11,Excellent
881.06,586.59,21.7,12.73,4.2,23.86,1.36,0.0,65.0,Rural,Clear,-50.65,Excellent
920.79,124.68,29.24,13.95,2.71,25.87,1.28,13.0,82.0,Dense Urban,Clear,-117.57,Poor
704.74,317.1,30.75,11.12,0.0,15.39,1.31,6.0,78.8,Indoor,Clear,-133.07,Poor
844.18,56.21,45.5,9.44,1.88,43.92,1.23,9.0,72.2,Dense Urban,Rain,-79.38,Good
2384.99,79.03,19.54,2.99,3.27,22.2,,1.0,57.8,Rural,Clear,-54.29,Excellent
2396.21,16.67,36.32,17.6,0.69,12.85,2.19,0.0,42.1,Rural,Clear,-10.37,Excellent
1827.46,1284.99,22.92,15.44,2.03,24.37,1.9,8.0,73.7,Urban,Clear,-135.07,Poor
1800.55,87.41,27.82,12.75,3.55,19.72,1.54,5.0,81.7,Indoor,Clear,-109.2,Poor
4998.17,4280.49,23.3,12.31,4.46,26.3,2.15,8.0,46.5,Urban,Clear,-161.69,Poor
2114.78,50.24,36.94,11.23,3.51,44.41,2.49,3.0,46.1,Urban,Clear,-57.08,Excellent
4992.74,191.49,22.47,3.51,3.05,39.8,1.67,1.0,63.5,Suburban,Rain,-93.01,Fair
5795.65,66.78,45.5,7.11,1.13,19.75,1.7,4.0,34.7,Urban,Clear,-72.25,Good
1790.22,746.25,43.05,7.43,3.35,22.86,2.31,9.0,59.5,Dense Urban,Clear,-136.17,Poor
879.06,1519.69,47.42,14.7,4.19,27.32,1.7,10.0,15.2,Dense Urban,Clear,-133.26,Poor
5812.83,206.27,35.35,11.68,2.19,16.46,2.34,3.0,75.6,Urban,Fog,-99.98,Fair
2622.38,97.8,45.85,8.37,4.45,21.4,1.42,5.0,57.5,Suburban,Clear,-54.55,Excellent
924.34,1023.44,24.36,7.25,1.69,22.34,2.39,5.0,57.6,Suburban,Clear,-100.98,Poor
2622.85,32.86,19.68,15.66,3.16,17.56,1.38,4.0,65.6,Urban,Clear,-72.33,Good
2397.11,414.9,45.28,14.57,4.21,20.94,2.16,0.0,45.4,Rural,Clear,-31.75,Excellent
5787.04,955.06,38.67,15.01,4.44,26.99,1.61,7.0,74.2,Urban,Fog,-124.04,Poor
908.28,53.3,45.1,8.33,2.34,43.91,2.25,3.0,78.7,Urban,Rain,-50.23,Excellent
5827.28,588.45,25.34,9.67,2.3,37.2,1.42,7.0,70.0,Urban,Clear,-132.73,Poor
5813.62,964.61,28.99,11.17,4.73,12.68,2.02,4.0,70.2,Urban,Rain,-133.15,Poor
849.69,20.74,42.13,5.07,2.33,30.33,,2.0,98.0,Suburban,Clear,-23.73,Excellent
861.33,74.85,29.29,7.8,0.02,19.39,1.57,6.0,87.1,Urban,Clear,-80.44,Good
2416.35,124.91,21.08,9.86,2.42,10.05,1.83,1.0,42.6,Suburban,Rain,-79.8,Good
725.16,1242.47,21.2,12.73,3.02,32.62,2.45,4.0,58.6,Indoor,Clear,-157.13,Poor
915.79,340.16,28.29,9.19,3.72,17.96,2.19,0.0,21.2,Rural,Clear,-44.86,Excellent
2095.99,163.44,41.93,4.47,0.4,35.88,1.28,3.0,69.5,Indoor,Clear,-113.53,Poor
5786.42,72.5,28.59,8.8,2.88,20.43,2.47,5.0,44.0,Indoor,Clear,-123.31,Poor
5799.99,10.26,31.33,10.5,3.06,19.68,2.14,8.0,90.5,Urban,Rain,-72.54,Good
839.69,11.34,38.23,12.41,3.4,33.63,1.53,13.0,68.8,Dense Urban,Clear,-56.23,Excellent
5026.57,44.56,19.28,15.66,1.36,33.63,2.45,6.0,45.5,Urban,Fog,-89.57,Fair
700.48,20.65,36.71,5.72,3.83,43.95,1.84,3.0,56.8,Suburban,Clear,-26.55,Excellent
3498.32,21.03,19.19,10.96,3.95,17.93,1.91,1.0,76.8,Suburban,Clear,-54.56,Excellent
4990.89,423.42,45.31,8.68,0.69,49.48,1.52,9.0,71.0,Dense Urban,Clear,-130.19,Poor
5008.36,430.63,24.87,12.99,3.86,24.77,2.5,8.0,41.1,Urban,Clear,-129.0,Poor
901.2,13.21,22.23,15.99,3.08,48.8,1.6,4.0,83.2,Indoor,Rain,-60.35,Excellent
4977.74,400.88,28.36,9.63,2.18,16.22,2.03,8.0,10.6,Dense Urban,Rain,-148.02,Poor
872.15,24.75,32.06,15.51,3.9,48.11,1.96,0.0,27.3,Rural,Rain,-4.26,Excellent
2391.54,104.26,35.33,2.03,0.64,48.56,2.13,11.0,53.8,Dense Urban,Clear,-117.4,Poor
2095.95,4689.51,45.32,16.6,1.79,21.62,1.3,2.0,46.9,Rural,Clear,-57.37,Excellent
1782.34,256.38,50.0,14.62,4.46,18.13,1.85,7.0,60.7,Indoor,Fog,-110.04,Poor
703.2,12.37,45.84,4.14,0.72,34.12,1.5,1.0,32.2,Suburban,Clear,-11.34,Excellent
3512.12,86.76,24.87,12.8,4.64,15.49,1.36,2.0,40.4,Suburban,Rain,-69.21,Excellent
1822.87,646.75,34.5,10.23,3.15,21.8,1.88,1.0,33.4,Suburban,Rain,-76.49,Good
2573.1,40.38,20.43,17.53,0.03,49.32,1.79,6.0,31.9,Indoor,Clear,-98.81,Fair
2128.4,4008.85,41.8,6.87,0.78,40.6,1.79,6.0,53.1,Urban,Clear,-139.46,Poor
1812.23,140.56,21.23,11.74,0.26,41.84,1.69,2.0,33.8,Suburban,Rain,-74.14,Good
4987.06,11.4,46.0,10.37,3.86,44.94,1.61,1.0,45.4,Suburban,Clear,-18.83,Excellent
682.27,287.72,29.72,5.54,1.27,37.58,1.24,7.0,46.1,Dense Urban,Rain,-120.19,Poor
3487.77,668.37,41.06,15.02,2.85,38.67,1.97,1.0,54.6,Rural,Rain,-46.74,Excellent
3522.54,,42.81,13.89,4.25,39.3,2.38,10.0,20.9,Dense Urban,Clear,-103.24,Poor
1787.48,3199.67,29.03,10.71,4.51,25.66,1.84,10.0,63.1,Dense Urban,Rain,-175.27,Poor
897.77,2718.24,44.62,17.1,4.2,14.01,1.58,2.0,42.1,Suburban,Clear,-76.87,Good
712.34,23.72,21.49,16.83,2.51,34.4,1.6,3.0,61.0,Urban,Fog,-49.59,Excellent
5822.32,16.44,43.29,15.09,0.71,42.0,1.54,6.0,51.7,Dense Urban,Clear,-60.25,Excellent
5809.51,69.65,44.92,4.44,1.74,19.38,1.77,2.0,61.3,Rural,Clear,-40.8,Excellent
915.19,437.86,19.99,16.31,1.67,17.29,1.27,5.0,59.0,Indoor,Rain,-145.47,Poor
680.4,420.42,43.35,6.89,4.95,48.28,1.51,5.0,89.9,Suburban,Clear,-61.53,Excellent
872.64,54.09,46.75,11.12,4.03,15.54,2.43,4.0,25.3,Urban,Clear,-49.55,Excellent
686.54,3689.71,30.36,17.6,1.61,31.95,1.79,3.0,89.4,Urban,Clear,-120.73,Poor
4977.7,67.53,45.65,5.7,2.06,39.65,1.26,1.0,79.4,Suburban,Clear,-49.41,Excellent
5028.57,1480.85,20.24,5.2,1.36,13.8,1.22,0.0,48.0,Rural,Clear,-87.11,Fair
832.1,1759.91,24.4,15.63,2.02,32.42,2.47,6.0,70.4,Dense Urban,Rain,-150.51,Poor
3478.2,18.44,40.83,2.21,0.4,37.21,2.22,3.0,98.0,Suburban,Fog,-41.73,Excellent
857.56,42.43,46.1,4.79,4.18,11.75,1.54,6.0,26.9,Urban,Clear,-57.98,Excellent
1789.13,38.09,18.04,7.24,2.66,26.79,1.63,1.0,59.5,Rural,Rain,-44.13,Excellent
2378.0,3034.67,43.13,13.81,3.03,28.97,2.18,8.0,32.4,Dense Urban,Clear,-154.11,Poor
3506.07,88.64,19.61,9.69,0.98,32.24,2.03,8.0,62.4,Dense Urban,Clear,-120.2,Poor
5015.54,1809.72,42.96,8.29,2.26,11.59,2.06,4.0,74.6,Suburban,Fog,-102.99,Poor
717.59,195.05,47.27,16.7,2.31,45.74,1.69,3.0,35.2,Suburban,Rain,-36.27,Excellent
829.33,171.4,31.23,14.09,0.48,44.42,2.29,2.0,43.9,Rural,Clear,-30.63,Excellent
903.41,2743.51,21.63,12.13,0.15,44.13,2.12,2.0,54.3,Suburban,Fog,-105.94,Poor
1818.82,154.87,22.41,7.44,3.09,30.79,2.14,2.0,73.7,Suburban,Storm,-80.22,Good
5779.67,1024.08,38.05,15.74,2.86,41.52,1.46,4.0,76.8,Suburban,Clear,-87.65,Fair
3482.46,139.76,43.76,6.05,3.23,42.05,1.59,0.0,65.6,Rural,Rain,-34.34,Excellent
1770.14,18.83,36.44,17.13,4.48,48.53,1.67,0.0,61.5,Rural,Rain,-2.69,Excellent
5801.48,13.91,30.18,6.17,4.99,42.65,1.6,4.0,56.0,Urban,Clear,-59.44,Excellent
2081.68,36.48,36.8,15.12,4.2,14.78,1.46,1.0,74.2,Suburban,Clear,-35.06,Excellent
2413.45,889.98,48.09,16.63,0.12,15.71,2.08,8.0,66.4,Dense Urban,Clear,-126.41,Poor
2127.73,101.97,44.22,5.62,1.53,30.34,2.04,5.0,70.8,Suburban,Clear,-55.49,Excellent
832.53,168.12,19.5,5.67,3.89,38.38,1.91,1.0,60.0,Rural,Clear,-46.45,Excellent
5808.95,18.83,22.39,3.26,4.51,43.41,2.0,4.0,30.3,Suburban,Clear,-61.93,Excellent
682.71,480.35,31.44,7.46,4.56,10.47,2.46,8.0,32.6,Urban,Clear,-113.43,Poor
821.08,1473.95,25.01,10.0,3.36,27.34,1.29,6.0,65.5,Indoor,Storm,-168.16,Poor
915.51,485.29,43.47,3.38,4.23,26.94,2.08,8.0,46.2,Dense Urban,Rain,-120.94,Poor
,4544.06,46.99,4.34,0.8,37.78,2.25,4.0,65.1,Urban,Clear,-127.26,Poor
876.81,11.07,38.95,,1.96,32.17,1.77,3.0,46.7,Suburban,Clear,-19.14,Excellent
702.06,11.02,45.74,4.88,0.42,42.11,1.6,5.0,40.0,Indoor,Clear,-48.76,Excellent
2579.45,223.61,30.13,14.38,1.45,38.0,1.91,2.0,69.7,Suburban,Clear,-67.82,Excellent
5796.99,52.36,43.73,7.16,3.88,29.22,2.19,3.0,29.1,Suburban,Clear,-52.42,Excellent
832.17,712.64,42.36,2.74,0.93,19.51,2.33,8.0,67.0,Urban,Clear,-112.86,Poor
922.68,1383.09,25.55,4.47,3.71,35.77,2.06,11.0,48.0,Dense Urban,Rain,-164.16,Poor
2411.45,18.9,42.34,6.92,3.84,19.08,2.04,7.0,40.3,Indoor,Clear,-75.94,Good
5790.47,2991.36,37.09,4.33,4.4,35.9,2.36,1.0,47.3,Suburban,Clear,-105.75,Poor
2601.67,12.04,39.87,5.45,4.84,16.05,1.89,2.0,58.1,Suburban,Fog,-29.52,Excellent
3510.17,721.08,20.21,5.31,3.74,18.48,1.67,12.0,90.5,Dense Urban,Rain,-177.76,Poor
2416.97,109.08,23.32,8.7,3.38,27.19,1.44,4.0,65.0,Indoor,Clear,-125.07,Poor
2074.81,632.99,45.01,10.39,3.92,30.75,1.37,9.0,77.3,Urban,Clear,-112.32,Poor
821.35,18.34,37.0,11.96,0.95,48.15,1.68,0.0,69.6,Rural,Clear,-2.76,Excellent
4976.87,3381.83,18.19,16.55,3.69,34.3,1.24,7.0,59.3,Urban,Fog,-159.71,Poor
4993.7,3388.73,36.44,13.01,4.55,26.99,2.03,3.0,47.1,Suburban,Clear,-103.49,Poor
698.0,252.26,37.04,5.18,2.27,43.12,2.34,6.0,47.0,Urban,Rain,-93.53,Fair
3478.19,237.33,43.36,9.19,0.11,15.57,2.03,1.0,51.4,Rural,Clear,-43.54,Excellent
694.67,516.81,47.34,13.67,1.68,10.59,2.48,5.0,76.2,Urban,Clear,-84.17,Good
3496.5,367.78,33.51,10.88,0.48,20.22,2.4,6.0,98.0,Indoor,Clear,-146.15,Poor
4976.55,293.1,19.81,4.71,3.13,31.31,1.97,9.0,48.6,Urban,Clear,-133.53,Poor
875.0,389.23,29.74,14.6,4.17,35.46,1.37,2.0,59.6,Suburban,Clear,-63.57,Excellent
2105.95,2076.91,22.9,5.15,0.46,42.06,1.45,3.0,56.9,Suburban,Clear,-114.1,Poor
843.31,445.91,20.05,7.51,2.14,34.13,1.66,9.0,47.1,Urban,Fog,-123.3,Poor
2400.41,33.77,44.75,13.74,3.36,14.65,1.42,5.0,15.8,Dense Urban,Rain,-68.84,Excellent
5788.85,2928.34,20.68,17.51,4.54,41.66,1.74,7.0,83.6,Indoor,Storm,-200.83,Poor
721.26,38.27,23.33,16.25,1.1,10.5,2.49,8.0,66.1,Urban,Clear,-74.06,Good
1804.5,27.91,28.51,17.52,2.64,38.21,2.5,3.0,67.1,Indoor,Clear,-74.99,Good
5799.69,4909.41,30.6,8.35,0.09,30.85,2.18,3.0,45.0,Indoor,Clear,-199.98,Poor
1824.65,37.67,35.59,8.97,1.95,29.81,2.0,12.0,68.4,Dense Urban,Rain,-94.51,Fair
870.28,18.63,24.04,4.61,1.73,39.81,2.31,6.0,32.4,Indoor,Rain,-87.33,Fair
2118.77,328.73,42.92,9.56,0.89,11.77,2.45,4.0,61.5,Urban,Clear,-92.76,Fair
2383.54,1708.33,20.02,14.49,0.72,26.43,2.3,0.0,34.9,Rural,Clear,-70.31,Good
2579.19,14.59,45.63,3.1,1.85,47.66,2.05,6.0,35.7,Urban,Clear,-47.45,Excellent
1811.41,210.27,45.39,7.1,0.31,10.55,1.83,7.0,54.2,Urban,Clear,-97.08,Fair
5798.12,15.31,36.65,16.81,4.53,45.09,1.69,2.0,48.9,Rural,Storm,-22.29,Excellent
2411.02,143.56,21.77,4.92,4.77,35.94,1.77,,87.5,Suburban,Fog,-73.75,Good
915.64,84.79,40.7,6.75,4.32,46.32,1.41,3.0,21.1,Suburban,Rain,-44.06,Excellent
5787.72,23.45,42.03,16.96,0.02,11.84,1.54,3.0,65.8,Urban,Clear,-54.29,Excellent
5787.08,3256.85,38.58,7.52,1.72,42.29,2.19,5.0,76.5,Urban,Clear,-144.32,Poor
2099.45,517.06,24.23,,2.18,31.26,2.03,1.0,41.7,Rural,Rain,-56.32,Excellent
686.41,1885.31,32.02,6.59,1.65,19.94,1.61,3.0,49.5,Indoor,Clear,-160.36,Poor
2410.04,2786.87,29.91,6.11,4.0,28.84,1.87,1.0,69.5,Suburban,Rain,-107.8,Poor
2414.8,3239.98,35.02,4.99,3.38,46.92,1.68,1.0,36.7,Suburban,Rain,-105.02,Poor
848.32,1045.05,21.34,3.0,0.98,27.58,1.51,9.0,55.5,Urban,Clear,-142.27,Poor
2613.43,67.37,29.55,8.65,0.43,15.47,1.34,7.0,52.5,Indoor,Clear,-121.99,Poor
5000.63,1726.89,47.14,13.41,3.0,12.62,1.89,2.0,62.7,Suburban,Clear,-88.36,Fair
862.77,253.49,29.62,10.09,4.22,10.57,2.02,3.0,58.3,Suburban,Fog,-72.91,Good
3483.5,54.1,36.5,8.52,3.17,18.45,1.2,8.0,53.1,Urban,Clear,-86.29,Fair
864.33,109.95,46.6,5.27,1.23,31.97,1.25,4.0,54.3,Suburban,Clear,-45.45,Excellent
3512.91,65.01,46.04,12.94,2.79,24.01,1.44,1.0,46.3,Rural,Storm,-28.09,Excellent
2086.0,181.25,36.34,6.05,2.65,45.0,2.18,5.0,71.0,Urban,Clear,-90.32,Fair
703.36,1284.7,21.5,2.51,3.93,41.44,2.15,4.0,59.1,Indoor,Clear,-165.85,Poor
5821.32,203.54,21.42,17.43,2.13,28.59,1.74,9.0,57.7,Urban,Fog,-119.1,Poor
834.97,52.84,47.57,17.08,3.61,19.21,2.5,4.0,85.8,Suburban,Clear,-25.27,Excellent
2414.16,17.21,35.41,5.43,1.3,26.59,1.86,0.0,71.5,Rural,Clear,-21.25,Excellent
877.24,2040.14,36.4,5.82,0.12,35.52,2.05,8.0,44.7,Urban,Rain,-134.17,Poor
5821.97,133.8,47.0,11.28,3.85,10.93,1.9,7.0,98.0,Urban,Clear,-85.56,Fair
3494.09,155.86,28.29,8.84,4.93,45.57,2.41,3.0,47.4,Suburban,Clear,-72.48,Good
5006.43,1151.49,20.55,16.2,4.93,36.19,1.37,7.0,98.0,Dense Urban,Clear,-159.29,Poor
2129.51,1965.11,42.51,8.83,3.76,48.5,1.27,1.0,10.0,Suburban,Storm,-85.65,Fair
2104.11,239.64,44.17,4.17,3.34,36.57,1.92,13.0,45.2,Dense Urban,Clear,-122.58,Poor
2576.9,509.03,25.67,10.75,1.87,24.51,2.05,5.0,53.0,Dense Urban,Storm,-140.57,Poor
3472.73,44.21,45.49,3.81,4.62,27.52,2.29,1.0,51.6,Rural,Clear,-22.53,Excellent
5017.42,3339.8,37.79,9.16,2.4,10.28,1.84,2.0,49.4,Indoor,Clear,-180.93,Poor
695.42,341.04,35.32,11.24,3.64,12.29,1.42,1.0,65.4,Suburban,Clear,-61.1,Excellent
2584.81,875.37,48.33,17.13,2.83,14.12,1.67,9.0,44.7,Urban,Clear,-110.25,Poor
840.86,20.34,25.92,6.69,4.48,25.74,2.22,1.0,56.8,Suburban,Clear,-32.4,Excellent
915.44,523.64,40.75,12.39,3.45,21.48,1.57,6.0,61.4,Urban,Rain,-93.27,Fair
4997.91,99.03,19.75,2.0,1.53,26.03,2.32,7.0,98.0,Urban,Fog,-117.74,Poor
922.11,163.95,44.99,15.94,4.58,26.24,1.36,5.0,87.1,Indoor,Rain,-97.29,Fair
3514.1,693.64,19.3,7.07,0.88,24.04,1.75,6.0,67.6,Indoor,Rain,-175.12,Poor
2128.44,1410.15,20.61,5.85,1.06,30.55,2.13,3.0,84.8,Suburban,Clear,-111.78,Poor
923.31,87.69,27.48,3.64,1.8,47.42,1.66,2.0,11.5,Suburban,Clear,-56.87,Excellent
1785.27,2274.26,28.82,14.56,1.84,30.91,2.06,5.0,25.6,Indoor,Clear,-173.22,Poor
2409.54,39.0,43.46,2.91,4.12,42.81,2.48,9.0,51.0,Urban,Clear,-71.39,Good
3471.23,330.56,45.12,11.89,2.19,41.18,1.26,7.0,33.8,Dense Urban,Clear,-114.17,Poor
2629.47,25.6,45.46,7.05,4.37,26.7,1.24,9.0,66.3,Urban,Clear,-63.69,Excellent
5785.66,60.35,34.73,13.38,1.66,19.59,1.98,5.0,73.0,Indoor,Clear,-104.45,Poor
5009.89,2610.29,20.98,17.45,1.93,11.27,,5.0,51.0,Urban,Clear,-151.57,Poor
3520.95,10.74,40.99,6.4,3.81,12.23,1.84,4.0,39.7,Urban,Rain,-49.42,Excellent
2579.63,,32.31,11.92,1.24,18.76,1.8,0.0,82.8,Rural,Clear,-69.64,Excellent
920.87,76.97,35.98,7.93,0.62,45.09,1.49,1.0,17.9,Suburban,Clear,-44.16,Excellent
2070.73,754.97,38.2,10.15,0.69,14.22,1.67,3.0,49.3,Indoor,Fog,-148.35,Poor
846.52,17.68,47.05,3.33,1.16,43.02,1.21,8.0,35.0,Urban,Rain,-48.91,Excellent
1798.32,537.99,28.52,5.27,3.0,28.29,1.88,8.0,54.1,Urban,Rain,-124.67,Poor
5792.45,2848.45,45.14,14.71,0.2,35.82,2.26,,48.1,Dense Urban,Rain,-174.55,Poor
2105.18,315.12,36.31,7.52,3.32,15.75,2.22,3.0,51.1,Indoor,Clear,-129.68,Poor
874.89,94.92,42.42,2.02,3.83,41.76,1.77,8.0,60.7,Urban,Clear,-79.6,Good
2589.62,1386.25,44.05,7.13,3.74,13.59,1.77,7.0,93.8,Dense Urban,Storm,-154.05,Poor
5804.76,838.73,43.8,12.71,3.16,30.92,2.08,3.0,76.8,Suburban,Clear,-79.13,Good
5022.65,20.78,28.97,17.55,2.2,14.12,2.42,2.0,49.1,Suburban,Clear,-44.58,Excellent
916.38,626.19,22.83,15.67,4.91,44.2,2.16,0.0,44.5,Rural,Clear,-41.95,Excellent
2072.44,622.14,21.51,14.11,0.45,33.54,1.85,3.0,63.7,Suburban,Rain,-94.28,Fair
2426.57,1070.07,30.86,16.87,3.79,31.83,2.38,7.0,24.5,Dense Urban,Clear,-138.73,Poor
872.8,71.4,36.07,12.55,1.91,20.91,2.48,8.0,12.6,Urban,Clear,-74.27,Good
905.33,121.07,44.56,10.31,4.13,30.44,2.13,11.0,58.0,Dense Urban,Rain,-96.67,Fair
904.52,3900.44,21.0,10.63,3.15,10.83,2.37,4.0,53.0,Urban,Rain,-148.66,Poor
5817.18,352.97,28.94,17.11,0.69,29.23,2.42,5.0,83.4,Suburban,Clear,-88.41,Fair
3478.91,235.74,45.23,2.03,4.2,18.57,1.94,1.0,52.1,Rural,Clear,-42.23,Excellent
4980.76,4607.63,44.5,10.25,0.38,45.68,1.58,4.0,71.2,Suburban,Fog,-107.39,Poor
5015.13,41.65,47.17,14.31,4.05,20.89,2.15,4.0,64.7,Indoor,Clear,-76.86,Good
5778.97,118.58,43.75,2.61,2.84,30.45,1.42,3.0,54.6,Suburban,Clear,-69.05,Excellent
848.17,1124.35,18.49,15.17,0.75,10.13,1.63,3.0,32.7,Urban,Fog,-123.03,Poor
5013.9,840.69,44.04,15.5,2.97,39.71,1.72,3.0,53.8,Indoor,Clear,-134.9,Poor
709.07,4065.33,35.24,10.38,2.77,16.43,2.3,6.0,31.6,Urban,Clear,-135.34,Poor
2082.64,583.36,31.21,15.26,1.58,49.95,1.76,9.0,41.0,Urban,Rain,-118.09,Poor
2388.24,69.99,45.9,4.28,4.06,21.71,2.01,2.0,29.1,Indoor,Rain,-94.95,Fair
1828.14,118.37,46.56,17.09,0.63,36.62,2.32,2.0,79.4,Suburban,Fog,-38.28,Excellent
846.92,17.46,28.62,2.78,0.7,48.4,1.38,2.0,52.7,Indoor,Clear,-76.3,Good
822.67,3112.38,37.26,2.6,1.21,40.25,2.08,5.0,34.9,Indoor,Clear,-176.09,Poor
4983.18,22.25,31.55,10.38,4.33,23.99,2.08,9.0,30.3,Urban,Clear,-76.0,Good
1790.55,297.06,37.15,13.76,0.83,46.83,1.92,5.0,74.8,Suburban,Storm,-72.97,Good
1829.97,121.16,46.73,13.2,4.03,18.51,2.38,1.0,70.2,Rural,Clear,-18.88,Excellent
5788.16,23.03,41.8,10.8,3.87,35.38,1.89,3.0,29.2,Suburban,Clear,-38.91,Excellent
821.58,61.77,21.91,14.54,3.05,39.8,1.41,5.0,66.6,Suburban,Clear,-57.79,Excellent
5800.78,512.84,47.36,11.72,2.35,24.28,2.07,3.0,42.5,Suburban,Clear,-75.43,Good
5775.02,12.14,35.93,15.6,1.78,43.25,1.74,7.0,70.5,Urban,Clear,-53.48,Excellent
2386.44,4047.41,33.12,3.85,1.08,28.9,2.49,7.0,23.9,Indoor,Clear,-192.91,Poor
879.54,2841.99,19.54,17.7,3.48,44.46,2.26,4.0,55.1,Suburban,Clear,-101.57,Poor
862.28,16.92,30.47,16.09,2.31,18.58,1.38,1.0,61.7,Suburban,Fog,-23.25,Excellent
873.04,2206.28,24.59,16.32,1.37,45.83,1.69,5.0,85.6,Suburban,Clear,-99.8,Fair
2396.92,77.06,22.47,7.82,1.62,31.32,1.4,2.0,40.6,Rural,Fog,-50.98,Excellent
830.3,15.21,46.13,17.15,0.7,27.15,2.38,2.0,35.1,Rural,Clear,8.48,Excellent
2077.38,67.02,20.99,4.26,0.22,19.41,1.24,4.0,30.8,Suburban,Storm,-86.15,Fair
855.22,1524.63,43.18,3.25,2.19,14.12,1.72,5.0,36.9,Indoor,Fog,-158.52,Poor
2400.34,626.7,43.53,8.38,4.88,21.65,1.47,5.0,80.7,Dense Urban,Fog,-128.29,Poor
714.57,44.04,36.72,16.93,4.72,25.91,1.79,12.0,34.7,Dense Urban,Clear,-75.11,Good
3523.54,873.04,46.58,17.49,0.68,33.96,2.23,0.0,60.1,Rural,Clear,-38.49,Excellent
684.8,813.56,18.91,9.9,2.76,38.93,1.23,6.0,59.8,Indoor,Rain,-159.2,Poor
875.38,1011.49,22.97,14.03,1.74,11.71,1.54,6.0,31.5,Indoor,Clear,-170.7,Poor
851.08,287.88,42.41,10.61,3.25,48.06,2.29,6.0,65.3,Urban,Clear,-80.23,Good
4985.53,1622.97,23.86,3.82,0.14,19.95,1.58,3.0,73.0,Indoor,Fog,-186.12,Poor
720.75,538.29,23.48,12.45,2.72,37.14,1.6,8.0,43.8,Dense Urban,Clear,-133.08,Poor
2072.13,21.8,43.56,4.35,2.31,42.27,1.57,1.0,50.8,Rural,Clear,-13.11,Excellent
2403.57,1537.65,35.23,12.5,2.81,26.69,2.09,4.0,47.1,Urban,Fog,-121.52,Poor
2413.3,74.79,20.48,5.85,0.76,27.51,2.35,2.0,31.1,Suburban,Fog,-75.69,Good
2586.8,799.59,23.91,6.21,3.09,11.91,1.69,4.0,63.0,Suburban,Rain,-111.13,Poor
5021.81,663.99,48.01,12.8,1.48,26.33,2.46,5.0,53.8,Dense Urban,Clear,-122.86,Poor
1784.42,80.65,37.33,9.44,2.54,47.49,1.4,9.0,58.9,Urban,Clear,-80.54,Good
5020.39,27.31,47.21,15.28,4.34,24.77,2.33,3.0,11.2,Urban,Fog,-43.61,Excellent
1774.71,751.05,36.31,12.88,0.47,45.89,1.66,3.0,61.8,Indoor,Clear,-136.62,Poor
5779.6,1956.54,37.5,6.72,1.99,38.04,1.42,4.0,80.5,Suburban,Clear,-109.59,Poor
2392.86,1829.62,31.84,14.43,2.74,45.39,2.08,7.0,42.7,Indoor,Storm,-176.47,Poor
3521.24,490.81,19.53,3.03,2.06,17.83,1.53,6.0,37.1,Urban,Rain,-140.09,Poor
4978.68,41.09,38.78,13.76,2.4,36.75,1.38,1.0,69.2,Rural,Clear,-23.86,Excellent
3522.53,71.36,40.55,8.17,3.6,13.98,1.84,9.0,29.9,Urban,Clear,-89.98,Fair
4983.78,1088.22,29.08,6.83,3.35,29.5,1.43,1.0,10.0,Rural,Rain,-75.48,Good
2397.15,128.49,46.82,10.36,2.39,38.97,1.88,2.0,58.1,Rural,Clear,-25.88,Excellent
691.16,948.39,45.85,16.51,1.29,16.47,2.42,3.0,42.8,Urban,Clear,-86.77,Fair
2077.09,68.42,37.02,6.11,1.29,48.35,1.21,6.0,67.4,Indoor,Clear,-104.68,Poor
876.66,10.4,35.45,17.99,3.82,28.79,1.68,3.0,56.1,Urban,Clear,-21.3,Excellent
4996.29,425.4,25.82,11.42,2.25,27.9,2.0,2.0,67.9,Suburban,Rain,-92.38,Fair
911.42,418.65,45.81,6.03,1.65,45.44,1.84,2.0,57.5,Rural,Rain,-35.88,Excellent
904.52,494.03,21.0,13.06,3.43,44.41,1.97,4.0,71.6,Urban,Clear,-107.74,Poor
900.1,52.95,19.5,13.77,2.51,46.67,1.23,0.0,98.0,Rural,Storm,-31.08,Excellent
2606.99,1545.45,43.21,10.5,2.21,36.79,1.89,6.0,46.4,Dense Urban,Storm,-146.6,Poor
2423.9,206.85,19.16,4.09,0.69,36.48,2.06,5.0,51.0,Suburban,Clear,-95.1,Fair
5811.96,1141.99,40.39,15.04,4.5,19.19,1.98,3.0,32.5,Indoor,Clear,-149.4,Poor
2101.95,445.99,24.79,14.96,4.15,39.69,1.26,1.0,49.8,Rural,Clear,-50.06,Excellent
908.71,132.73,45.65,14.24,4.19,34.86,1.34,2.0,54.9,Rural,Rain,-13.99,Excellent
706.38,682.8,18.82,14.09,0.94,23.72,2.09,1.0,46.7,Rural,Rain,-56.75,Excellent
695.99,356.33,20.26,8.1,2.52,48.66,1.39,6.0,56.6,Indoor,Fog,-143.92,Poor
1807.49,239.0,36.56,9.88,4.74,29.45,1.6,6.0,57.3,Urban,Rain,-93.17,Fair
5796.61,562.92,33.77,12.58,4.64,38.93,1.78,7.0,59.6,Dense Urban,Rain,-140.94,Poor
2415.46,17.06,22.52,4.65,0.19,36.64,1.77,1.0,46.5,Rural,Clear,-34.0,Excellent
5028.13,2862.64,21.58,11.67,0.03,10.42,1.27,1.0,22.6,Rural,Clear,-91.39,Fair
877.59,80.24,18.46,3.76,2.56,28.27,1.79,5.0,68.4,Suburban,Clear,-74.27,Good
719.24,40.41,21.76,15.57,1.06,34.28,1.75,1.0,48.3,Rural,Fog,-23.58,Excellent
5006.11,1210.75,22.88,3.92,1.05,50.0,1.57,0.0,70.1,Rural,Clear,-80.69,Good
864.96,42.08,23.16,14.36,2.32,16.17,1.87,0.0,47.2,Rural,Clear,-27.18,Excellent
680.68,4870.26,38.65,5.55,0.24,37.28,2.15,5.0,26.7,Suburban,Clear,-104.65,Poor
2098.74,136.43,42.92,16.85,3.35,27.46,2.49,4.0,48.4,Suburban,Clear,-48.64,Excellent
5785.44,63.18,44.0,12.53,1.75,28.82,2.46,8.0,16.8,Urban,Fog,-80.72,Good
2570.21,14.71,21.28,8.9,0.36,16.33,2.09,6.0,35.4,Urban,Clear,-73.28,Good
728.0,12.97,28.98,2.7,4.25,31.2,1.51,3.0,48.6,Suburban,Clear,-32.44,Excellent
5021.83,18.06,43.77,11.71,2.62,11.83,2.28,8.0,30.2,Urban,Storm,-68.44,Excellent
5000.82,10.32,48.1,8.05,4.58,26.56,1.63,6.0,50.1,Indoor,Clear,-62.31,Excellent
4985.25,76.35,39.02,14.77,0.02,26.22,1.45,8.0,35.6,Urban,Clear,-87.33,Fair
5811.58,68.85,23.5,14.68,2.92,16.94,1.62,8.0,66.1,Dense Urban,Clear,-111.79,Poor
896.09,144.81,46.52,12.99,2.35,49.91,1.27,5.0,14.6,Indoor,Clear,-93.4,Fair
5818.2,42.53,39.02,6.29,4.69,38.5,1.71,1.0,59.9,Suburban,Fog,-49.18,Excellent
1829.97,14.77,17.64,4.77,0.88,48.23,2.24,2.0,52.0,Suburban,Clear,-50.53,Excellent
4990.94,15.56,25.74,9.95,2.73,39.7,1.21,1.0,40.2,Suburban,Clear,-47.09,Excellent
2384.66,31.02,35.9,,0.86,29.76,1.2,1.0,50.9,Suburban,Rain,-45.39,Excellent
3486.04,71.53,43.39,12.77,4.3,34.51,1.43,5.0,62.0,Indoor,Rain,-96.82,Fair
2575.6,25.09,45.26,10.53,1.67,16.72,1.46,6.0,10.0,Indoor,Clear,-78.17,Good
2593.64,96.7,21.27,9.92,2.25,16.12,2.04,4.0,66.7,Suburban,Clear,-76.54,Good
2571.05,3083.5,43.69,9.69,3.44,29.45,1.41,6.0,86.8,Urban,Clear,-127.66,Poor
3476.86,50.82,46.35,10.07,1.35,18.12,1.72,2.0,27.4,Indoor,Clear,-84.73,Good
3486.3,28.48,42.84,15.95,0.6,40.8,2.03,4.0,90.2,Urban,Rain,-51.07,Excellent
829.59,622.6,42.77,4.73,2.23,21.88,1.52,1.0,72.9,Suburban,Clear,-66.49,Excellent
5013.93,211.29,45.29,2.3,1.84,13.49,1.42,1.0,39.8,Rural,Clear,-49.48,Excellent
2376.34,13.41,40.29,5.55,1.77,33.42,2.35,5.0,56.9,Suburban,Rain,-41.44,Excellent
1821.96,1337.42,38.88,6.96,0.04,32.22,1.48,1.0,42.8,Rural,Clear,-57.07,Excellent
2383.27,852.49,37.42,11.8,3.9,20.45,2.36,0.0,57.7,Rural,Clear,-49.01,Excellent
5776.52,4342.09,43.54,15.48,3.7,15.15,2.43,2.0,88.5,Rural,Fog,-66.83,Excellent
4970.61,3407.7,30.94,13.41,3.52,35.14,2.41,3.0,65.8,Urban,Clear,-138.78,Poor
5012.91,377.46,44.01,17.97,2.06,39.61,1.83,1.0,48.7,Suburban,Rain,-64.94,Excellent
2085.4,710.48,21.16,2.01,2.48,17.56,2.14,7.0,62.7,Dense Urban,Fog,-161.76,Poor
3500.57,127.42,28.29,5.04,3.32,39.84,1.52,5.0,26.9,Urban,Clear,-98.08,Fair
1776.7,2500.04,47.28,3.39,4.78,36.22,1.28,1.0,86.7,Rural,Rain,-57.05,Excellent
2629.12,310.47,25.34,12.62,1.41,40.98,1.88,6.0,50.4,Urban,Clear,-112.52,Poor
2577.52,75.62,41.53,8.83,3.74,12.56,1.33,3.0,50.2,Urban,Fog,-69.96,Excellent
894.72,10.61,38.03,6.98,3.07,48.64,2.21,6.0,59.3,Dense Urban,Clear,-47.46,Excellent
921.1,382.66,18.78,7.0,3.17,36.38,1.86,2.0,45.1,Indoor,Fog,-140.41,Poor
684.69,261.9,19.84,16.29,0.47,20.35,1.28,2.0,38.0,Suburban,Clear,-70.8,Good
836.02,1553.22,18.58,3.21,3.82,45.09,2.14,5.0,61.6,Suburban,Fog,-111.35,Poor
2118.51,31.97,29.47,7.01,2.05,33.23,1.83,9.0,48.1,Urban,Clear,-76.06,Good
2086.4,1587.61,22.49,10.0,1.65,16.42,1.8,5.0,31.9,Suburban,Clear,-115.58,Poor
820.17,11.0,46.62,8.59,2.16,44.1,1.93,3.0,74.8,Suburban,Clear,-10.03,Excellent
2095.67,384.72,44.34,13.0,4.36,38.89,2.23,2.0,10.0,Rural,Clear,-31.34,Excellent
2570.75,117.79,21.82,11.72,3.27,21.21,1.38,7.0,30.9,Urban,Clear,-101.81,Poor
924.59,78.48,36.02,14.81,0.05,31.75,1.35,5.0,70.9,Urban,Clear,-63.99,Excellent
1808.51,147.72,43.54,15.51,1.17,25.97,1.42,3.0,49.1,Suburban,Clear,-47.68,Excellent
1804.98,40.13,35.35,8.4,3.47,10.27,1.6,1.0,79.4,Rural,Fog,-30.82,Excellent
2382.1,31.27,19.83,15.86,4.38,29.11,2.18,5.0,77.7,Urban,Rain,-73.18,Good
1812.0,1489.22,20.06,12.11,2.69,19.42,1.97,1.0,74.0,Suburban,Clear,-101.56,Poor
3510.64,41.18,35.62,15.77,2.96,16.18,1.28,0.0,85.1,Rural,Clear,-20.49,Excellent
1773.63,975.14,46.84,9.45,1.41,13.71,2.27,7.0,49.9,Urban,Fog,-115.31,Poor
2122.85,831.65,19.77,2.41,0.7,18.94,1.26,2.0,52.4,Suburban,Clear,-110.61,Poor
1804.76,12.31,20.23,12.53,2.19,40.38,1.47,4.0,55.7,Suburban,Rain,-44.83,Excellent
867.55,2387.75,24.84,17.46,2.69,24.35,2.35,9.0,75.1,Dense Urban,Clear,-158.33,Poor
2585.77,1350.35,22.36,16.88,2.82,15.56,1.65,5.0,43.7,Indoor,Fog,-172.71,Poor
877.32,1407.87,47.28,4.43,0.95,16.78,1.64,13.0,73.1,Dense Urban,Storm,-157.2,Poor
912.15,1527.5,48.16,9.83,0.39,36.09,1.45,5.0,56.6,Urban,Clear,-107.28,Poor
3517.63,373.5,25.07,15.96,1.68,26.14,1.43,1.0,75.1,Rural,Clear,-57.16,Excellent
5793.16,4798.5,42.72,8.66,4.01,34.88,1.24,4.0,73.2,Suburban,Clear,-112.89,Poor
2571.42,30.45,18.54,10.29,1.36,12.09,2.3,3.0,52.2,Urban,Fog,-80.79,Good
5819.1,15.68,35.94,17.96,3.42,39.14,2.15,9.0,87.9,Urban,Rain,-59.33,Excellent
4982.37,795.29,34.62,9.72,1.3,48.51,1.69,0.0,73.7,Rural,Fog,-59.79,Excellent
2090.34,62.13,47.03,5.04,1.17,41.46,2.18,2.0,19.1,Suburban,Clear,-39.15,Excellent
3507.69,438.13,44.12,2.62,1.06,38.87,1.57,6.0,13.5,Dense Urban,Clear,-129.51,Poor
1776.0,114.08,20.18,9.38,2.14,17.94,1.64,5.0,34.8,Indoor,Rain,-128.61,Poor
2074.32,79.46,27.94,10.23,1.34,26.22,2.35,3.0,54.5,Suburban,Clear,-62.71,Excellent
2371.54,2575.44,19.45,16.72,1.81,16.23,1.49,7.0,,Dense Urban,Fog,-171.29,Poor
5825.0,24.18,22.07,14.67,2.88,40.48,2.31,2.0,48.2,Suburban,Rain,-59.77,Excellent
4988.68,32.36,20.91,3.01,4.16,39.69,1.52,0.0,48.4,Rural,Clear,-45.89,Excellent
2109.64,634.57,47.17,15.07,3.83,14.93,2.39,1.0,60.7,Rural,Clear,-35.29,Excellent
2629.35,1294.84,27.96,3.11,2.19,39.81,1.5,7.0,84.6,Dense Urban,Clear,-159.25,Poor
910.17,1762.47,43.49,2.22,1.51,32.84,1.58,6.0,62.4,Urban,Clear,-122.86,Poor
5001.51,42.06,39.76,10.75,3.28,49.23,1.92,5.0,50.1,Urban,Clear,-62.91,Excellent
2401.26,2403.24,44.35,10.48,2.17,49.58,1.46,4.0,32.5,Indoor,Clear,-158.63,Poor
2392.62,441.73,37.46,7.06,3.79,13.23,1.23,5.0,29.6,Urban,Storm,-112.12,Poor
3505.99,1666.64,46.03,9.37,4.3,43.47,1.59,1.0,25.1,Rural,Storm,-55.71,Excellent
2627.53,15.31,29.74,16.73,1.43,16.42,1.76,5.0,64.9,Urban,Clear,-55.96,Excellent
717.28,91.89,42.77,12.82,1.92,31.99,1.22,0.0,61.4,Rural,Clear,-12.42,Excellent
895.45,260.97,41.82,7.48,0.14,30.21,2.22,7.0,66.9,Urban,Clear,-87.83,Fair
839.95,360.74,37.56,16.94,2.15,20.96,1.56,9.0,72.6,Dense Urban,Clear,-113.59,Poor
3523.01,18.51,25.09,4.61,2.19,38.88,1.43,12.0,58.4,Dense Urban,Clear,-100.21,Poor
678.15,284.33,22.6,4.8,4.58,31.43,2.01,1.0,36.1,Suburban,Clear,-70.11,Good
920.98,625.36,22.56,5.73,2.03,34.88,2.34,3.0,41.7,Urban,Clear,-115.96,Poor
2385.3,94.61,28.57,5.72,2.13,37.65,1.79,10.0,57.3,Dense Urban,Clear,-120.12,Poor
2612.94,224.64,29.97,3.14,1.65,26.18,1.75,2.0,47.2,Suburban,Rain,-84.91,Good
2418.37,61.61,22.53,6.95,0.52,11.66,1.85,9.0,18.3,Urban,Clear,-103.25,Poor
4998.62,2235.91,43.89,10.78,3.02,20.31,1.41,2.0,40.8,Suburban,Clear,-94.49,Fair
5781.54,414.23,19.88,5.56,1.06,17.02,1.6,2.0,83.1,Suburban,Clear,-107.29,Poor
870.69,307.52,29.66,3.71,2.6,40.13,1.79,3.0,59.4,Suburban,Clear,-76.4,Good
5792.05,3538.28,32.18,12.41,3.84,19.99,2.49,8.0,57.2,Urban,Fog,-156.39,Poor
2589.24,623.2,46.15,8.72,3.67,24.61,1.71,0.0,38.8,Rural,Fog,-39.88,Excellent
2600.6,56.92,20.19,12.45,0.55,27.84,1.27,13.0,26.2,Dense Urban,Clear,-121.51,Poor
696.11,539.6,46.62,5.97,2.1,43.41,1.53,1.0,56.3,Suburban,Clear,-55.69,Excellent
2610.98,3939.06,44.01,14.1,4.0,43.78,2.41,11.0,62.4,Dense Urban,Rain,-167.02,Poor
3478.23,11.58,44.02,17.56,0.03,18.8,2.29,0.0,26.2,Rural,Clear,-0.52,Excellent
2396.14,491.08,45.33,6.18,0.74,26.33,2.01,9.0,72.0,Urban,Storm,-118.23,Poor
723.5,26.5,41.07,12.23,2.09,19.78,1.89,3.0,45.3,Indoor,Clear,-62.28,Excellent
2372.16,1598.08,30.49,14.24,2.53,49.04,2.03,7.0,62.0,Indoor,Rain,-168.53,Poor
5797.44,536.03,36.85,10.69,2.61,31.33,2.45,3.0,55.9,Indoor,Clear,-138.69,Poor
3509.63,3379.92,29.55,6.66,4.46,10.03,1.77,2.0,53.2,Suburban,Clear,-119.96,Poor
873.26,641.46,47.14,5.43,3.75,13.62,2.24,5.0,98.0,Urban,Clear,-98.52,Fair
5805.63,11.13,24.94,12.35,4.76,44.24,2.34,5.0,66.2,Indoor,Clear,-73.12,Good
5819.47,238.47,36.11,9.68,4.83,25.92,1.47,2.0,55.6,Rural,Clear,-48.11,Excellent
833.36,2747.72,25.53,15.4,0.25,46.21,1.7,4.0,67.7,Indoor,Clear,-166.72,Poor
4991.17,42.36,27.85,3.43,0.5,36.53,2.14,4.0,47.0,Urban,Clear,-86.83,Fair
2126.53,16.74,46.89,2.52,4.03,31.33,1.5,5.0,71.2,Suburban,Rain,-33.24,Excellent
2423.16,876.91,21.66,7.93,4.67,42.6,1.61,3.0,60.5,Suburban,Storm,-104.72,Poor
2103.48,227.12,45.04,9.59,3.41,39.21,1.66,7.0,52.1,Indoor,Fog,-119.64,Poor
3498.53,13.44,43.09,12.23,0.05,33.27,2.47,1.0,49.3,Rural,Storm,-14.09,Excellent
5797.06,56.95,29.4,3.82,0.48,13.4,2.1,9.0,51.9,Urban,Clear,-105.65,Poor
3473.53,76.19,25.71,11.4,4.83,42.1,1.88,2.0,55.2,,Rain,-62.34,Excellent
5823.54,634.66,20.92,15.01,0.45,43.25,1.78,6.0,79.1,Dense Urban,Rain,-154.17,Poor
5819.09,187.43,44.17,16.55,4.5,45.75,2.09,4.0,63.6,Indoor,Clear,-105.57,Poor
697.38,206.5,36.76,16.4,1.87,14.07,2.36,8.0,13.0,Dense Urban,,-103.47,Poor
886.77,1503.14,45.64,10.3,4.65,48.89,1.5,8.0,88.1,Dense Urban,Clear,-126.84,Poor
3490.58,56.42,22.44,16.39,0.99,27.5,2.16,,66.0,Indoor,Storm,-108.79,Poor
2377.39,653.51,27.43,10.6,4.86,18.71,1.52,13.0,98.0,Dense Urban,Storm,-160.18,Poor
713.31,98.18,40.27,3.17,2.6,38.43,2.21,9.0,53.9,Urban,Clear,-81.95,Good
703.4,134.64,31.21,17.58,3.84,40.98,2.16,1.0,78.1,Suburban,Rain,-40.99,Excellent
2384.05,316.49,24.6,2.04,1.05,10.02,2.1,1.0,70.2,Suburban,Storm,-98.77,Fair
2607.38,754.28,23.9,6.57,0.67,23.0,1.55,1.0,58.8,Rural,Clear,-70.56,Good
878.75,3556.75,46.57,2.74,1.17,28.73,2.49,7.0,81.8,Urban,Rain,-132.47,Poor
827.34,53.22,31.17,10.7,3.74,43.96,1.63,2.0,51.4,Rural,Clear,-21.84,Excellent
847.51,19.05,44.07,11.08,0.0,10.8,2.34,1.0,57.7,Rural,Clear,-5.68,Excellent
2399.65,143.65,35.82,12.21,3.45,40.07,1.43,9.0,33.3,Urban,Clear,-90.32,Fair
680.01,298.93,37.33,4.25,0.51,47.26,1.69,1.0,50.7,Suburban,Clear,-60.23,Excellent
2401.89,41.25,22.56,2.28,3.31,47.66,1.23,3.0,37.2,Indoor,Clear,-106.75,Poor
2106.36,2531.75,22.58,6.25,1.51,19.01,1.33,9.0,56.0,Dense Urban,Clear,-181.56,Poor
2079.44,1432.4,31.71,2.82,4.5,34.7,1.78,3.0,67.4,Suburban,Clear,-99.3,Fair
2579.28,214.97,22.36,2.56,1.57,29.07,2.27,4.0,63.0,Indoor,Clear,-144.4,Poor
2421.38,163.95,33.48,6.22,4.55,34.65,2.07,3.0,59.5,Urban,Rain,-89.59,Fair
3488.68,12.88,19.62,17.98,2.84,,1.95,3.0,69.7,Urban,Clear,-53.4,Excellent
3507.82,281.22,22.54,14.85,1.09,46.19,1.22,12.0,98.0,Dense Urban,Fog,-144.03,Poor
5807.61,405.42,38.74,7.79,4.26,39.31,2.28,6.0,46.2,Indoor,Rain,-146.29,Poor
3520.35,2549.69,17.82,8.02,1.5,31.84,1.62,7.0,98.0,Dense Urban,Rain,-189.42,Poor
2414.39,225.14,15.52,16.88,3.06,49.89,1.92,3.0,27.2,Urban,Clear,-100.07,Poor
2120.43,26.59,24.23,12.59,2.72,47.55,2.27,8.0,10.0,Dense Urban,Clear,-85.6,Fair
907.51,30.62,44.44,15.39,3.93,15.99,1.27,4.0,79.4,Suburban,Clear,-23.94,Excellent
2396.97,27.01,40.32,15.83,1.28,35.43,1.61,5.0,56.7,Dense Urban,Rain,-62.49,Excellent
843.61,3412.54,19.81,4.71,0.63,47.43,2.44,6.0,24.1,Urban,Clear,-151.81,Poor
5792.74,1384.63,25.3,2.26,4.56,43.8,1.33,5.0,56.0,Indoor,Clear,-186.02,Poor
4995.1,1682.75,18.38,6.29,1.56,45.76,1.67,6.0,46.8,Indoor,Clear,-195.37,Poor
827.76,1854.83,20.15,11.51,3.11,34.67,2.37,0.0,63.1,Rural,Fog,-60.66,Excellent
3495.44,18.12,46.76,16.54,4.35,13.12,1.36,2.0,50.1,Suburban,Rain,-23.37,Excellent
843.37,785.51,27.86,6.94,0.4,10.68,2.09,9.0,81.1,Dense Urban,Rain,-154.18,Poor
3472.07,796.13,42.15,15.6,1.46,22.07,2.1,2.0,58.5,Rural,Rain,-54.99,Excellent
686.51,40.44,40.46,12.6,0.42,34.65,1.52,4.0,60.7,Suburban,Rain,-32.62,Excellent
2115.11,211.0,29.75,12.47,4.61,47.02,1.39,3.0,51.3,Suburban,Storm,-69.59,Excellent
2604.68,613.59,41.81,13.46,4.7,25.77,2.19,8.0,68.9,Urban,Clear,-105.8,Poor
3518.37,2641.7,23.31,10.18,4.53,35.07,1.5,0.0,52.8,Rural,Clear,-75.89,Good
2102.56,19.86,30.95,12.78,1.82,31.34,2.21,11.0,75.2,Dense Urban,Storm,-88.9,Fair
5821.25,2558.6,32.08,14.69,2.4,19.44,2.38,5.0,27.3,Suburban,Clear,-111.31,Poor
3517.76,3087.24,40.5,11.43,4.57,22.55,1.26,0.0,57.5,Rural,Fog,-61.54,Excellent
875.9,3110.25,23.31,2.63,4.43,24.93,1.56,6.0,43.4,Indoor,Clear,-188.52,Poor
2628.62,10.31,42.53,10.17,0.06,40.58,2.15,6.0,35.3,Urban,Rain,-47.11,Excellent
3470.88,39.49,45.44,11.55,0.9,36.74,1.94,0.0,28.6,Rural,Clear,-13.27,Excellent
,733.92,44.55,16.01,2.04,28.98,1.87,6.0,37.8,Dense Urban,Storm,-118.89,Poor
3517.55,73.85,46.67,2.08,3.75,49.65,1.81,12.0,62.3,Dense Urban,Clear,-104.47,Poor
4989.91,14.62,36.26,2.78,1.92,21.94,2.44,4.0,64.1,Indoor,Clear,-84.69,Good
5005.91,1145.93,43.78,7.89,1.03,39.33,2.21,9.0,71.1,Urban,Fog,-129.93,Poor
3491.73,11.94,41.6,14.85,4.14,14.43,1.92,3.0,46.1,Urban,Clear,-33.72,Excellent
2573.64,159.88,45.3,9.75,1.7,28.07,1.63,5.0,75.5,Dense Urban,Fog,-97.04,Fair
870.51,3609.77,20.65,6.88,0.57,41.13,1.23,9.0,53.8,Urban,Clear,-161.1,Poor
3475.69,154.23,22.81,13.09,3.17,29.13,2.08,2.0,68.4,Rural,Storm,-60.71,Excellent
1775.9,2891.72,27.12,10.07,4.32,33.43,1.4,8.0,57.3,Urban,Clear,-150.36,Poor
2406.65,127.03,36.98,11.18,2.88,29.11,1.4,3.0,40.4,Indoor,Clear,-106.06,Poor
1801.55,86.24,44.8,8.85,4.98,19.03,1.34,6.0,26.9,Urban,Clear,-69.86,Excellent
1797.33,19.49,21.77,13.6,4.37,44.85,2.35,0.0,31.1,Rural,Fog,-19.51,Excellent
861.52,92.57,21.46,2.25,1.22,36.55,1.95,5.0,35.8,Indoor,Clear,-120.49,Poor
5771.01,81.19,42.58,2.03,1.65,39.73,2.24,5.0,45.2,Urban,Clear,-85.36,Fair
836.26,1926.71,24.2,12.93,0.98,47.96,1.22,3.0,67.9,Suburban,Clear,-97.39,Fair
716.64,3039.65,20.58,2.43,2.79,37.7,1.82,6.0,74.9,Indoor,Clear,-187.79,Poor
5824.6,11.46,40.77,7.4,3.26,12.6,2.01,7.0,76.3,Urban,Clear,-60.85,Excellent
2396.3,18.42,47.32,7.86,3.75,35.18,2.39,1.0,10.0,Suburban,Rain,-22.61,Excellent
2074.89,544.57,44.08,11.82,2.65,30.2,1.98,4.0,45.7,Suburban,Clear,-70.33,Good
3517.92,203.38,,14.36,0.61,18.86,1.37,5.0,49.7,Indoor,Rain,-115.6,Poor
1823.11,63.28,19.03,15.15,1.25,33.73,2.12,5.0,46.7,Suburban,Clear,-65.63,Excellent
844.82,50.29,17.72,6.48,2.34,36.92,1.66,2.0,20.7,Suburban,Clear,-58.49,Excellent
3484.6,40.4,49.18,4.6,1.35,32.37,1.52,2.0,75.5,Suburban,Fog,-42.47,Excellent
822.64,261.92,40.68,17.69,0.25,16.13,2.3,7.0,91.4,Indoor,Clear,-118.87,Poor
2405.46,11.15,21.79,2.7,4.45,35.4,1.93,4.0,48.2,Indoor,Clear,-81.14,Good
5824.59,986.79,29.09,15.02,2.61,10.99,1.84,6.0,98.0,Urban,Clear,-132.91,Poor
5810.67,64.68,45.32,2.32,2.98,16.38,2.29,8.0,10.0,Urban,Fog,-88.8,Fair
1789.03,141.91,47.05,9.76,0.51,41.93,2.42,4.0,32.9,Urban,Clear,-72.01,Good
3508.57,264.54,46.09,12.26,4.55,29.59,2.03,0.0,49.7,Rural,Clear,-27.33,Excellent
2619.92,37.19,31.51,9.64,4.31,33.62,2.3,7.0,68.0,Indoor,Fog,-99.31,Fair
2098.55,2427.1,43.56,11.04,1.95,23.57,1.75,4.0,56.6,Indoor,Clear,-162.78,Poor
869.18,693.34,17.49,2.41,0.99,32.64,2.37,8.0,33.1,Dense Urban,Clear,-155.31,Poor
1793.51,2233.08,46.82,4.47,3.97,11.52,2.14,2.0,69.8,Suburban,Fog,-94.41,Fair
2590.91,191.97,23.35,10.85,2.87,10.96,2.38,5.0,66.6,Suburban,Fog,-86.15,Fair
5804.98,146.96,45.06,15.24,4.16,46.16,2.32,8.0,44.2,Dense Urban,Clear,-96.52,Fair
697.88,43.66,23.11,10.77,2.41,21.45,1.66,7.0,47.5,Dense Urban,Fog,-84.07,Good
3528.63,295.47,46.91,9.99,4.46,42.14,2.35,3.0,32.5,Suburban,Clear,-57.49,Excellent
5000.98,398.96,38.41,17.81,3.58,30.65,1.91,4.0,65.7,Urban,Fog,-96.88,Fair
5793.11,135.94,38.46,8.24,1.76,13.01,2.23,6.0,31.2,Indoor,Clear,-130.22,Poor
2093.7,24.68,42.37,8.17,3.77,12.51,2.12,10.0,28.9,Dense Urban,Storm,-84.0,Good
852.88,54.59,30.95,3.18,1.61,12.48,2.4,1.0,87.5,Suburban,Rain,-56.24,Excellent
891.29,10.93,46.47,14.53,2.15,30.1,2.12,8.0,56.9,Urban,Rain,-32.5,Excellent
5013.37,72.67,19.16,3.08,2.0,23.35,2.14,8.0,40.6,Dense Urban,Storm,-133.44,Poor
4992.84,369.36,35.17,4.18,2.09,49.12,2.5,2.0,16.5,Rural,Rain,-62.57,Excellent
2593.05,3796.96,23.04,2.91,3.63,14.3,2.33,5.0,57.3,Indoor,Clear,-203.58,Poor
857.02,30.21,20.88,5.08,1.23,25.87,2.0,2.0,55.3,Rural,Fog,-38.75,Excellent
823.65,14.12,37.02,9.02,1.62,10.56,2.18,6.0,77.2,Indoor,Clear,-71.37,Good
2109.32,63.06,42.73,2.67,2.56,34.55,1.53,5.0,10.0,Indoor,Fog,-101.42,Poor
2400.3,26.5,20.04,8.58,1.38,13.78,1.91,1.0,39.9,Rural,Clear,-43.44,Excellent
697.18,753.68,42.57,9.7,0.66,37.23,2.48,6.0,66.0,Indoor,Clear,-134.3,Poor
2613.16,10.36,48.32,3.77,3.52,38.75,1.42,3.0,51.7,Suburban,Clear,-20.04,Excellent
2415.5,4439.47,43.41,2.88,2.99,49.44,2.37,8.0,69.3,Urban,Clear,-144.98,Poor
720.78,2039.01,22.27,7.03,4.73,18.85,2.17,0.0,60.4,Rural,Clear,-65.03,Excellent
692.49,211.01,17.29,12.41,3.71,36.26,1.58,5.0,59.3,Suburban,Rain,-77.6,Good
2089.62,3059.11,19.7,11.71,2.86,22.23,2.43,5.0,67.2,,Clear,-118.67,Poor
3512.86,495.58,36.13,4.03,1.33,22.18,1.75,1.0,30.5,Rural,Storm,-64.68,Excellent
5004.91,4809.96,22.08,3.47,1.0,44.26,1.81,11.0,61.8,Dense Urban,Clear,-208.38,Poor
2107.91,56.38,31.41,4.99,2.62,45.62,1.83,4.0,62.8,Indoor,Clear,-105.58,Poor
903.33,4904.78,20.12,15.99,2.3,20.76,1.45,1.0,97.1,Suburban,Storm,-110.21,Poor
5816.36,30.65,27.48,16.91,2.03,33.93,2.03,11.0,13.2,Dense Urban,Fog,-100.39,Poor
2081.4,89.92,20.93,10.35,2.21,39.61,1.88,0.0,47.1,Rural,Clear,-42.3,Excellent
1803.34,3345.12,27.63,16.44,1.06,23.57,2.48,2.0,65.9,Indoor,Storm,-181.7,Poor
2079.49,100.02,38.04,4.1,2.1,16.16,2.21,7.0,72.7,Urban,Fog,-91.96,Fair
694.44,36.84,45.29,12.52,0.2,42.66,1.77,5.0,50.8,Urban,Clear,-42.33,Excellent
1809.84,14.47,23.13,12.38,2.8,30.92,2.36,3.0,48.3,Suburban,Clear,-41.19,Excellent
2399.58,25.24,22.96,9.19,2.78,21.11,2.4,5.0,50.5,Urban,Rain,-75.16,Good
5792.78,90.94,42.78,13.8,3.33,11.1,1.94,3.0,83.3,,Fog,-58.34,Excellent
3523.1,137.05,46.31,9.6,3.57,44.31,2.45,2.0,54.1,Indoor,Fog,-91.48,Fair
3516.37,291.11,30.12,15.7,3.37,27.79,1.88,5.0,40.7,Urban,Rain,-100.57,Poor
2401.58,1569.82,32.8,4.17,4.02,32.19,1.49,4.0,42.8,Suburban,Clear,-104.22,Poor
877.0,10.87,43.34,2.28,0.67,15.37,1.88,2.0,40.1,Rural,Rain,-14.35,Excellent
1795.46,1862.72,43.37,8.05,4.43,13.31,1.83,10.0,71.7,Dense Urban,Clear,-153.55,Poor
5817.28,361.39,41.94,4.06,1.94,24.24,1.87,0.0,76.8,Rural,Storm,-61.19,Excellent
680.08,1100.81,37.57,4.87,3.33,19.16,1.43,5.0,21.0,Urban,Rain,-113.78,Poor
4987.15,1104.24,18.46,2.76,0.6,11.37,1.47,4.0,44.8,Urban,Clear,-153.62,Poor
2590.29,2739.79,24.73,8.89,1.12,17.04,1.71,3.0,66.3,Urban,Fog,-146.93,Poor
876.35,17.87,17.77,13.8,4.65,36.15,2.18,0.0,,Rural,Clear,-17.83,Excellent
3500.11,348.74,28.73,10.91,0.69,20.04,1.5,4.0,49.1,Urban,Storm,-118.57,Poor
4981.54,2840.82,43.56,7.71,2.33,48.63,1.31,5.0,71.8,Suburban,Rain,-112.59,Poor
708.05,873.21,23.63,2.19,0.47,46.03,1.55,4.0,83.0,Urban,Clear,-122.45,Poor
831.41,18.23,42.36,10.15,0.47,23.83,1.72,5.0,40.7,Suburban,Clear,-28.94,Excellent
2577.41,454.02,,7.24,4.97,41.65,1.27,4.0,23.2,Suburban,Clear,-82.59,Good
5828.15,1441.63,21.54,5.82,3.19,17.19,1.73,7.0,53.1,Dense Urban,Rain,-180.75,Poor
709.49,55.19,23.8,9.22,3.18,28.61,1.96,4.0,33.3,Suburban,Clear,-54.13,Excellent
2626.19,509.43,43.87,4.72,1.35,27.16,2.27,3.0,69.3,Indoor,Rain,-141.1,Poor
849.39,1854.59,43.32,7.15,0.76,44.92,1.83,8.0,34.4,Urban,Clear,-120.24,Poor
2572.0,259.36,23.05,16.82,3.07,26.2,2.15,6.0,94.4,Indoor,Storm,-144.59,Poor
2604.46,33.43,46.21,11.77,1.25,16.5,2.08,7.0,32.0,Urban,Rain,-65.24,Excellent
703.5,304.49,18.63,17.84,1.36,37.95,1.9,2.0,52.6,Rural,Clear,-44.16,Excellent
2570.9,386.37,35.39,12.05,2.1,35.62,1.93,6.0,59.0,Dense Urban,Clear,-119.41,Poor
5021.67,122.26,23.82,3.55,1.13,22.88,1.58,7.0,42.0,Urban,Rain,-118.52,Poor
5007.2,682.75,45.45,12.65,4.7,39.67,1.39,0.0,51.4,Rural,Fog,-41.54,Excellent
714.68,147.76,43.68,15.85,2.89,35.61,1.89,0.0,59.0,Rural,Clear,-7.11,Excellent
899.64,2333.94,22.33,16.6,0.34,16.18,1.55,11.0,93.7,Dense Urban,Clear,-168.8,Poor
907.1,1369.54,29.31,10.87,2.41,18.08,1.68,5.0,62.1,Urban,Clear,-125.22,Poor
2085.45,1486.12,42.1,3.92,2.81,36.49,2.17,4.0,56.4,Urban,Clear,-118.49,Poor
878.43,262.95,36.51,12.29,1.79,34.01,2.07,7.0,80.1,Urban,Clear,-87.37,Fair
4994.04,33.88,30.06,4.29,4.37,11.39,1.39,6.0,68.7,Dense Urban,Storm,-104.86,Poor
3479.74,901.97,20.92,2.9,2.6,20.23,1.37,0.0,79.9,Rural,Clear,-78.64,Good
4973.35,15.35,36.96,5.39,1.19,13.71,2.31,2.0,38.2,Rural,Storm,-38.74,Excellent
858.17,249.41,23.12,3.55,2.71,48.96,1.71,1.0,26.3,Suburban,Rain,-75.43,Good
729.0,13.9,23.63,9.13,3.61,29.33,1.44,6.0,89.5,Urban,Clear,-52.25,Excellent
5823.75,266.8,24.17,17.1,1.54,30.27,2.0,6.0,65.1,Urban,Clear,-110.72,Poor
912.13,710.04,36.94,12.57,4.36,15.86,2.46,5.0,44.2,Suburban,Clear,-78.32,Good
2629.44,135.33,31.52,13.11,0.28,28.74,1.99,5.0,33.2,Dense Urban,Rain,-106.82,Poor
5813.37,133.42,29.69,14.86,1.49,48.55,1.98,7.0,46.7,Dense Urban,Rain,-116.75,Poor
690.36,21.45,45.03,5.83,4.64,44.6,2.36,9.0,92.8,Urban,Rain,-44.5,Excellent
706.07,65.27,31.36,11.16,1.34,29.27,1.46,5.0,30.4,Urban,Rain,-68.54,Excellent
674.79,158.15,42.91,13.41,0.38,45.23,1.93,8.0,92.1,Dense Urban,Clear,-90.22,Fair
833.3,2141.55,46.37,6.86,0.23,26.87,1.51,2.0,43.2,Indoor,Rain,-150.9,Poor
695.05,2652.29,21.47,8.2,3.77,34.5,2.09,4.0,54.8,Suburban,Storm,-108.36,Poor
4982.11,3747.0,43.21,13.22,1.68,25.29,1.94,5.0,55.4,Suburban,Clear,-108.07,Poor
2627.21,18.65,19.78,14.94,3.82,37.23,2.31,9.0,58.0,Urban,Rain,-76.9,Good
5829.74,63.02,36.2,7.79,3.26,38.08,1.96,2.0,24.8,Suburban,Clear,-54.33,Excellent
4992.26,177.58,24.59,12.01,3.75,14.15,1.98,0.0,98.0,Rural,Fog,-55.2,Excellent
5812.55,539.57,22.49,12.63,4.59,45.94,1.83,5.0,69.6,Indoor,Fog,-155.97,Poor
894.47,788.56,45.92,16.86,4.07,20.03,1.27,5.0,71.6,Suburban,Clear,-63.56,Excellent
878.37,1322.62,23.43,14.6,0.76,40.48,1.81,6.0,57.2,Urban,Storm,-127.3,Poor
4990.22,217.95,37.42,5.11,4.54,47.69,1.26,0.0,60.4,Rural,Clear,-44.83,Excellent
884.0,317.84,44.52,12.01,1.68,21.73,2.0,10.0,64.5,Dense Urban,Clear,-114.94,Poor
689.68,3913.38,42.9,17.32,4.02,49.01,1.51,9.0,62.2,Urban,Clear,-121.48,Poor
2582.9,44.45,25.06,8.05,2.61,40.97,1.22,1.0,37.4,Rural,Clear,-39.16,Excellent
4976.74,1476.81,29.63,14.24,0.88,39.34,2.19,4.0,42.1,Suburban,Clear,-102.29,Poor
5783.05,834.02,37.56,10.63,3.45,14.24,1.63,5.0,74.7,Urban,Clear,-121.23,Poor
5824.35,23.88,36.72,9.0,3.34,28.54,2.05,3.0,83.4,Indoor,Fog,-85.8,Fair
825.11,3166.45,23.14,11.12,4.54,28.94,2.09,1.0,39.2,,Clear,-65.85,Excellent
3489.49,2035.08,36.47,8.8,2.05,45.8,1.85,0.0,50.5,Rural,Clear,-60.04,Excellent
5001.71,1270.16,19.61,7.09,3.67,29.61,1.2,4.0,49.8,Indoor,Rain,-182.96,Poor
2591.27,21.99,37.17,,2.59,25.43,2.24,10.0,72.9,Dense Urban,Clear,-78.27,Good
5001.06,23.82,42.6,10.52,2.75,26.97,1.69,5.0,52.5,Indoor,Clear,-79.26,Good
4972.61,698.12,30.47,16.96,1.72,48.55,1.53,0.0,48.6,Rural,Clear,-54.08,Excellent
2108.91,19.48,24.84,2.14,1.81,34.55,2.17,5.0,39.3,Urban,Rain,-75.06,Good
703.81,20.22,23.22,14.31,4.01,29.92,2.23,5.0,74.1,Suburban,Storm,-39.79,Excellent
2110.86,120.32,43.28,4.52,3.17,40.56,2.26,4.0,53.9,Suburban,Clear,-57.7,Excellent
904.04,10.34,29.66,14.18,3.43,21.24,2.2,8.0,48.8,Urban,Rain,-46.53,Excellent
846.27,885.65,45.24,15.92,4.66,44.22,1.44,5.0,53.6,Suburban,Clear,-65.47,Excellent
841.01,287.08,46.14,14.54,3.45,34.93,2.21,9.0,87.3,Urban,Clear,-83.09,Good
2583.59,16.26,30.01,11.5,3.67,20.57,1.52,5.0,60.8,Suburban,Clear,-45.87,Excellent
2400.0,293.17,24.76,3.96,3.86,13.9,1.6,5.0,85.4,Dense Urban,Clear,-133.78,Poor
2371.56,14.0,41.56,17.37,2.15,30.1,1.54,4.0,36.3,Suburban,Clear,-22.19,Excellent
3489.69,15.52,45.18,7.22,2.3,40.5,1.48,2.0,58.2,Rural,Rain,-16.51,Excellent
2410.67,204.3,19.78,2.45,4.89,23.1,1.95,12.0,53.2,Dense Urban,Clear,-147.59,Poor
2576.52,223.36,46.22,2.03,2.8,48.52,2.0,2.0,98.0,Indoor,Clear,-114.22,Poor
673.77,82.21,21.4,13.82,1.88,31.43,2.17,11.0,55.6,Dense Urban,Storm,-110.42,Poor
5009.13,476.59,37.84,15.33,0.29,44.03,1.46,3.0,38.1,Suburban,Clear,-77.94,Good
2093.87,111.04,21.56,14.85,1.08,14.95,1.81,3.0,62.4,Suburban,Fog,-72.98,Good
868.11,383.87,30.56,10.94,3.89,31.82,1.97,2.0,66.4,Suburban,Fog,-66.2,Excellent
5026.24,87.91,37.41,12.11,4.63,49.12,1.68,4.0,86.5,Urban,Rain,-78.92,Good
3527.42,850.5,19.51,16.51,3.92,27.38,1.49,2.0,47.7,Rural,Clear,-65.69,Excellent
695.54,366.0,19.9,12.62,3.98,41.13,1.3,3.0,82.1,Urban,,-97.33,Fair
835.86,27.04,46.24,7.62,4.38,38.2,1.56,13.0,58.9,Dense Urban,Clear,-68.89,Excellent
706.52,711.57,44.42,17.21,2.22,23.63,1.88,12.0,65.9,Dense Urban,Clear,-122.89,Poor
907.69,1305.63,46.41,17.45,0.7,43.21,1.42,6.0,69.3,Urban,Clear,-97.94,Fair
707.34,15.06,41.91,12.05,3.1,27.7,2.34,1.0,54.3,Rural,Clear,4.04,Excellent
3489.31,442.86,47.57,11.06,4.55,25.38,2.12,3.0,27.0,Indoor,Clear,-116.83,Poor
2373.83,1359.4,19.43,16.99,2.23,36.54,1.33,5.0,60.0,Suburban,Rain,-108.14,Poor
5782.6,20.39,21.87,14.45,4.08,18.55,1.46,7.0,45.8,Urban,Clear,-78.92,Good
3479.27,2713.52,30.89,3.9,4.38,46.3,1.27,2.0,32.8,Suburban,Clear,-106.39,Poor
2577.43,131.68,44.09,17.33,0.4,12.67,2.31,3.0,59.4,Suburban,Clear,-52.01,Excellent
2425.58,980.41,42.38,13.59,2.14,45.9,1.5,7.0,36.8,Urban,Storm,-117.16,Poor
670.83,2669.98,31.04,13.82,2.27,31.65,2.46,8.0,59.1,Urban,Rain,-132.62,Poor
706.11,4688.14,22.26,8.41,2.16,36.76,2.47,3.0,56.8,Suburban,Clear,-110.81,Poor
2626.85,376.7,35.56,2.14,1.32,48.29,1.52,4.0,52.1,Urban,Clear,-107.98,Poor
691.6,795.82,22.08,6.35,2.44,48.44,2.4,0.0,36.6,Rural,Rain,-55.32,Excellent
701.63,47.79,23.53,7.3,3.62,44.11,1.66,6.0,27.7,Urban,Fog,-72.53,Good
911.75,60.65,20.0,9.29,3.4,40.55,1.63,4.0,59.5,Indoor,Fog,-103.69,Poor
4989.03,1977.89,25.04,13.22,4.65,32.76,2.38,6.0,80.5,Urban,Rain,-148.48,Poor
2098.66,118.81,21.5,9.21,3.68,19.03,1.97,5.0,71.3,Suburban,Clear,-79.58,Good
3519.03,1658.53,36.34,7.95,3.77,27.61,2.09,4.0,30.2,Urban,Clear,-124.65,Poor
2114.72,13.69,20.39,5.97,1.45,33.15,1.74,1.0,47.6,Rural,Clear,-31.84,Excellent
868.51,38.82,30.08,14.3,0.16,19.74,,3.0,50.2,Suburban,Clear,-40.33,Excellent
1829.24,28.78,44.55,14.6,2.57,34.1,2.21,6.0,30.4,Dense Urban,Fog,-59.11,Excellent
692.22,264.57,48.58,7.81,3.89,32.51,1.42,7.0,43.8,Indoor,Fog,-110.8,Poor
3514.83,16.49,39.14,5.48,1.99,38.72,2.48,1.0,36.2,Rural,Clear,-22.22,Excellent
856.17,84.74,21.32,5.52,4.07,35.23,2.24,7.0,86.9,Urban,Clear,-89.17,Fair
1810.0,4590.35,19.04,12.61,3.1,44.59,1.55,6.0,59.3,Urban,Clear,-151.98,Poor
5814.39,1391.77,44.58,14.36,1.66,26.78,2.11,6.0,84.9,Indoor,Clear,-162.09,Poor
2414.98,1129.31,31.83,14.56,1.71,33.06,1.22,8.0,60.8,Urban,Storm,-131.03,Poor
2123.14,23.16,27.51,15.93,3.41,34.2,2.18,3.0,84.0,Suburban,Clear,-39.93,Excellent
2390.96,96.37,32.34,14.07,2.88,23.91,2.24,2.0,27.6,Rural,Fog,-35.9,Excellent
3509.21,686.89,19.58,9.77,0.33,36.48,1.38,13.0,80.9,Dense Urban,Clear,-168.48,Poor
886.82,11.44,40.96,6.28,2.76,23.21,1.6,8.0,53.4,Dense Urban,Clear,-53.3,Excellent
2605.67,148.35,19.85,7.98,0.22,41.12,2.04,4.0,52.9,Indoor,Rain,-137.9,Poor
5015.07,3208.01,22.68,6.54,2.74,46.31,2.12,1.0,75.7,Rural,Fog,-88.91,Fair
2417.46,16.68,41.95,3.59,4.64,20.1,1.29,5.0,54.1,Indoor,Clear,-73.47,Good
2095.21,2792.33,43.35,4.3,0.46,33.41,1.75,1.0,65.2,Rural,Clear,-63.3,Excellent
850.52,33.5,42.32,2.2,2.42,44.44,1.82,7.0,37.2,Urban,Rain,-61.56,Excellent
890.03,32.39,44.43,5.15,3.87,33.36,2.09,3.0,93.6,Urban,Clear,-39.71,Excellent
5780.14,33.69,19.79,15.36,2.14,26.83,1.65,0.0,39.3,Rural,Clear,-40.57,Excellent
,3261.61,29.36,10.59,1.8,37.75,1.67,9.0,33.8,Urban,Clear,-154.07,Poor
1824.73,426.08,31.46,8.23,2.89,26.09,1.48,5.0,37.6,Suburban,Rain,-88.9,Fair
2088.54,1062.57,23.34,5.8,4.27,29.14,2.38,13.0,30.4,Dense Urban,Rain,-173.56,Poor
2428.49,97.48,31.16,11.44,4.33,49.71,1.32,9.0,18.8,Urban,Clear,-90.36,Fair
2384.49,2274.46,31.72,17.57,1.35,25.18,1.84,1.0,56.9,Rural,Clear,-61.88,Excellent
2613.38,372.08,36.56,7.57,4.84,46.3,1.39,6.0,30.9,Urban,Fog,-105.38,Poor
904.43,415.85,46.06,15.56,0.81,39.68,1.24,5.0,41.2,Indoor,Rain,-116.41,Poor
2611.81,1072.73,38.27,17.03,1.06,26.81,2.1,9.0,12.7,Dense Urban,Clear,-144.97,Poor
2108.64,1224.72,42.32,14.59,3.5,46.09,1.42,12.0,86.6,Dense Urban,Clear,-140.55,Poor
5812.4,692.36,42.85,11.46,4.33,16.02,,5.0,65.3,Indoor,Fog,-148.2,Poor
874.33,20.94,42.66,6.83,0.93,48.14,2.01,6.0,13.4,Dense Urban,Clear,-55.61,Excellent
853.81,2184.08,23.56,2.53,1.63,38.26,2.47,2.0,51.5,Rural,Clear,-74.34,Good
2074.07,50.6,35.8,13.79,0.39,31.86,1.76,1.0,51.2,Suburban,Rain,-45.37,Excellent
2386.25,4883.13,21.64,17.3,2.3,27.9,1.3,0.0,51.9,Rural,Clear,-77.65,Good
2612.49,109.77,44.89,13.03,2.58,47.2,1.8,7.0,62.3,Urban,Clear,-75.02,Good
2099.64,21.08,22.31,2.58,2.95,42.39,1.37,1.0,24.7,Suburban,Rain,-53.26,Excellent
5802.91,71.3,22.0,4.23,0.94,31.98,1.87,8.0,35.4,Dense Urban,Clear,-126.74,Poor
2105.79,353.14,47.84,8.29,1.38,42.61,1.82,0.0,44.7,Rural,Clear,-30.09,Excellent
842.96,113.89,16.87,17.83,3.78,32.35,1.79,0.0,65.4,Rural,Clear,-32.41,Excellent
866.43,1724.2,39.68,3.36,0.55,39.11,2.23,7.0,47.8,Indoor,Storm,-168.76,Poor
5813.41,693.83,39.21,7.09,0.02,35.48,1.68,5.0,59.1,Indoor,Clear,-155.26,Poor
862.86,37.68,22.15,10.83,1.95,17.79,2.19,2.0,29.9,Suburban,Rain,-51.71,Excellent
5812.92,284.67,31.54,3.79,2.9,18.7,2.22,1.0,40.3,Rural,Rain,-68.06,Excellent
923.42,1335.14,43.2,3.88,4.46,38.88,1.67,4.0,69.2,Suburban,Fog,-82.39,Good
705.72,2543.39,45.48,3.1,0.2,21.21,1.61,,65.8,Suburban,Clear,-90.98,Fair
1828.02,116.4,38.43,10.04,1.67,45.74,1.23,12.0,61.0,Dense Urban,Storm,-114.79,Poor
2577.15,3126.82,40.29,6.58,4.28,31.29,2.21,8.0,70.7,Urban,Clear,-138.37,Poor
2107.92,12.5,27.66,2.63,3.56,15.55,2.16,6.0,66.7,Urban,Clear,-63.03,Excellent
3513.02,670.45,37.29,10.03,3.17,40.65,1.4,4.0,44.7,Indoor,Clear,-144.45,Poor
2598.63,1289.89,17.41,13.69,0.05,39.97,1.4,1.0,66.2,Suburban,Rain,-104.29,Poor
2087.29,140.42,19.22,12.7,2.32,36.03,2.2,2.0,57.5,Rural,Clear,-49.97,Excellent
2603.0,10.71,46.37,12.95,4.89,46.36,1.37,6.0,49.8,Indoor,Rain,-52.53,Excellent
5791.88,714.97,23.7,10.81,3.35,39.84,2.24,6.0,47.3,Urban,Clear,-131.24,Poor
2124.55,84.06,44.48,14.5,4.08,40.88,1.49,1.0,76.2,Rural,Fog,-14.17,Excellent
841.41,25.69,20.77,3.0,2.57,30.18,1.83,13.0,69.9,Dense Urban,Clear,-103.67,Poor
2080.54,26.55,23.68,5.05,1.81,40.57,1.45,1.0,45.7,Rural,Clear,-34.42,Excellent
5004.58,1191.11,45.22,13.25,1.6,27.09,1.53,7.0,41.5,Dense Urban,Fog,-140.97,Poor
893.76,32.04,21.94,7.37,3.98,27.97,1.95,4.0,44.5,Suburban,Clear,-54.75,Excellent
5775.75,202.57,45.18,5.82,2.31,34.03,2.31,5.0,70.0,Indoor,Clear,-127.19,Poor
2403.89,4159.6,18.9,2.43,1.61,40.28,1.97,4.0,35.3,Urban,Storm,-171.09,Poor
2602.27,1116.94,36.88,15.9,3.28,13.66,1.47,4.0,52.9,Suburban,Clear,-86.35,Fair
1780.39,299.82,43.36,15.41,4.99,29.38,1.92,1.0,67.9,Suburban,Clear,-51.88,Excellent
5805.86,266.56,36.07,2.97,2.15,10.54,1.43,4.0,63.5,Urban,Rain,-117.49,Poor
704.04,28.29,,6.87,0.82,30.07,1.87,7.0,64.3,Indoor,Clear,-94.31,Fair
916.42,160.28,43.79,5.43,3.21,27.32,1.49,1.0,25.0,Suburban,Clear,-44.64,Excellent
2091.69,24.61,24.33,5.31,2.0,12.47,2.22,8.0,62.9,Urban,Clear,-85.37,Fair
2084.93,16.81,41.2,6.13,2.95,24.18,2.31,1.0,40.0,Rural,Clear,-14.04,Excellent
2127.07,19.7,28.81,6.75,4.99,21.28,2.01,2.0,46.0,Rural,Fog,-31.08,Excellent
853.67,433.74,47.13,13.3,2.29,45.72,1.71,0.0,23.6,Rural,Storm,-21.65,Excellent
871.63,33.3,46.88,17.52,1.51,27.52,2.29,1.0,74.7,Rural,Rain,0.61,Excellent
719.24,25.3,45.02,2.73,4.9,13.5,1.67,1.0,66.1,Suburban,Clear,-23.32,Excellent
2381.81,2189.58,31.95,7.17,3.34,26.01,1.66,3.0,41.7,Suburban,Rain,-105.19,Poor
1817.16,21.35,33.62,12.68,1.53,35.69,1.36,8.0,63.0,Dense Urban,Clear,-67.71,Excellent
2412.31,802.58,29.56,6.89,1.59,46.66,2.33,8.0,70.8,Urban,Clear,-129.44,Poor
2428.13,133.5,32.37,5.06,3.02,44.91,1.38,4.0,80.2,Suburban,Clear,-70.56,Good
3527.93,365.53,28.62,,1.82,27.57,2.43,1.0,66.1,Suburban,Clear,-86.61,Fair
2386.46,11.56,33.59,11.57,3.86,35.32,2.15,4.0,45.7,Suburban,Clear,-29.65,Excellent
2615.99,10.0,43.68,4.42,0.97,48.7,2.29,4.0,33.6,Suburban,Clear,-29.84,Excellent
2389.01,1605.94,46.81,3.54,0.95,15.96,1.83,6.0,98.0,Urban,Clear,-129.04,Poor
2607.75,191.96,47.48,14.0,1.16,45.33,1.53,9.0,48.3,Urban,Fog,-86.67,Fair
2605.86,15.58,34.97,7.5,4.37,43.86,1.84,5.0,54.7,Urban,Fog,-54.44,Excellent
1773.27,84.52,44.39,16.31,0.46,46.59,2.24,4.0,63.5,Suburban,Clear,-38.92,Excellent
870.31,232.61,46.17,9.94,3.01,,1.81,6.0,72.9,Urban,Clear,-72.05,Good
3473.47,23.21,30.52,4.11,4.32,16.59,1.56,7.0,51.8,Indoor,Clear,-100.06,Poor
1777.68,298.23,33.12,,0.88,32.42,1.93,7.0,74.7,Urban,Clear,-109.39,Poor
2385.46,267.35,28.58,16.1,4.59,16.62,1.24,1.0,98.0,Rural,Clear,-44.48,Excellent
874.42,423.68,22.31,4.01,3.56,20.82,2.16,8.0,50.2,Urban,Clear,-123.59,Poor
2101.12,1537.7,22.6,7.05,1.15,41.77,2.06,7.0,67.2,Indoor,Rain,-189.42,Poor
2417.81,130.04,29.58,6.85,4.9,45.17,1.49,7.0,37.5,Urban,Clear,-96.28,Fair
2620.3,2501.48,42.75,17.8,4.16,28.29,1.48,2.0,48.3,Rural,Clear,-48.89,Excellent
2414.1,191.04,22.54,17.59,0.28,39.91,2.21,11.0,40.3,Dense Urban,Storm,-134.2,Poor
1793.48,171.33,37.73,13.07,4.13,18.18,1.58,5.0,35.1,Suburban,Fog,-62.01,Excellent
5821.83,588.4,22.41,5.77,2.88,28.1,1.93,2.0,35.4,Suburban,Clear,-103.49,Poor
2414.52,464.16,27.88,4.87,4.45,10.17,1.92,2.0,83.3,Indoor,Clear,-147.58,Poor
5014.59,10.74,19.6,2.96,2.95,41.15,1.99,0.0,90.2,Rural,Clear,-36.23,Excellent
3524.09,4482.81,37.68,2.98,3.98,20.66,1.25,1.0,81.7,Suburban,Clear,-111.95,Poor
2405.92,3501.88,17.9,17.05,4.16,11.37,1.8,7.0,53.6,Indoor,Fog,-197.71,Poor
5001.71,57.44,23.87,11.66,3.98,24.07,2.21,6.0,72.7,Indoor,Clear,-113.43,Poor
873.41,321.81,38.77,5.17,0.29,24.31,2.17,2.0,28.5,Rural,Storm,-44.28,Excellent
5797.27,1200.93,45.22,14.5,3.33,38.78,1.76,9.0,10.0,Dense Urban,Fog,-144.44,Poor
5018.69,3050.11,30.51,3.22,4.48,24.65,1.35,2.0,49.2,Rural,Clear,-85.67,Fair
2373.23,381.37,20.29,10.36,4.68,22.04,1.89,3.0,59.7,Urban,Clear,-109.1,Poor
3470.08,11.25,46.97,5.13,3.84,10.33,1.99,8.0,50.3,Dense Urban,Clear,-63.58,Excellent
2401.7,687.27,31.45,9.18,1.55,41.27,2.26,4.0,60.0,Urban,Clear,-114.54,Poor
874.42,17.83,21.96,5.67,4.29,12.93,2.2,7.0,57.2,Indoor,Clear,-90.76,Fair
3528.59,647.87,19.89,4.18,0.13,23.71,1.68,4.0,46.5,Urban,Clear,-136.39,Poor
870.33,384.99,30.73,16.83,3.85,19.85,2.01,0.0,47.0,Rural,Fog,-30.47,Excellent
1813.09,535.98,25.68,16.72,2.43,48.2,1.88,0.0,63.2,Rural,Storm,-50.16,Excellent
2384.6,32.42,29.62,9.89,4.4,34.25,1.49,5.0,91.5,Urban,Clear,-67.09,Excellent
5028.05,214.9,24.34,14.58,2.51,11.16,1.54,5.0,48.0,Suburban,Clear,-87.73,Fair
1792.89,465.42,23.47,5.23,2.11,37.02,2.12,9.0,81.9,Urban,Fog,-131.39,Poor
2071.64,64.64,43.3,8.35,4.22,45.31,2.14,6.0,42.4,Urban,Rain,-66.43,Excellent
671.62,30.92,32.0,5.61,1.65,36.73,2.13,5.0,41.4,Suburban,Fog,-43.29,Excellent
853.2,39.9,41.75,3.34,2.44,30.94,1.64,5.0,73.3,Suburban,Clear,-41.67,Excellent
729.2,2069.0,37.35,8.78,4.22,23.07,1.86,6.0,87.6,Urban,Fog,-121.99,Poor
728.79,179.39,37.04,13.92,0.06,34.77,1.46,4.0,35.9,Urban,Clear,-76.61,Good
4990.24,,27.74,13.92,1.75,11.65,2.1,5.0,17.5,Suburban,Fog,-103.21,Poor
4998.96,245.28,31.85,9.09,4.16,18.99,1.66,1.0,48.0,Rural,Storm,-59.66,Excellent
4976.03,1783.55,24.24,9.14,4.4,46.82,1.62,12.0,81.3,Dense Urban,Rain,-184.24,Poor
701.33,235.73,46.05,11.65,0.8,38.43,1.65,9.0,63.2,Dense Urban,Clear,-101.05,Poor
705.98,17.86,29.61,16.93,2.22,13.79,1.26,13.0,21.9,Dense Urban,Rain,-78.34,Good
885.06,34.23,46.0,4.4,1.72,36.82,1.77,5.0,43.4,Suburban,Rain,-36.49,Excellent
2406.73,10.86,44.06,8.48,4.88,45.98,1.89,5.0,60.7,Urban,Fog,-34.78,Excellent
1823.98,1754.93,37.08,16.49,2.82,36.83,1.29,0.0,78.0,Rural,Clear,-46.21,Excellent
2070.06,616.81,45.0,10.78,2.0,33.63,1.68,5.0,49.8,Indoor,Clear,-136.57,Poor
833.74,1119.6,36.22,14.69,4.36,29.79,2.48,3.0,68.6,Suburban,Clear,-70.66,Good
3482.6,850.78,42.98,9.4,3.54,33.64,1.8,7.0,70.4,Urban,Clear,-118.02,Poor
1777.43,1679.76,41.6,16.74,3.56,44.84,1.72,2.0,57.9,Suburban,Clear,-73.46,Good
679.97,4611.06,37.5,16.24,3.06,22.64,1.96,1.0,51.0,Rural,Clear,-49.81,Excellent
3507.55,580.36,41.81,9.14,2.08,40.89,1.68,8.0,69.4,Urban,Storm,-123.83,Poor
5776.16,47.96,41.57,2.08,0.49,35.64,1.36,2.0,47.2,Suburban,Clear,-58.99,Excellent
714.31,18.78,27.79,11.06,3.17,15.23,2.24,6.0,43.6,Urban,Clear,-53.84,Excellent
2123.22,390.58,48.91,5.26,2.07,19.55,2.24,13.0,26.1,Dense Urban,Clear,-132.52,Poor
5025.6,1202.96,37.22,5.85,2.26,45.35,2.15,1.0,10.0,Suburban,Clear,-92.77,Fair
3509.61,327.84,21.28,8.88,4.62,22.97,1.55,5.0,28.0,Indoor,Clear,-152.2,Poor
4981.84,65.96,21.53,9.2,3.61,26.37,1.93,1.0,,Suburban,Clear,-66.63,Excellent
2075.12,876.08,42.89,15.77,3.91,23.31,1.81,4.0,80.8,Suburban,Rain,-78.27,Good
1783.92,161.83,43.42,2.5,3.8,32.24,2.08,3.0,63.3,Indoor,Fog,-114.96,Poor
3527.72,59.36,36.61,6.72,2.16,12.64,2.13,6.0,80.8,Dense Urban,Clear,-98.29,Fair
877.74,1862.35,38.88,12.12,2.79,27.67,1.71,3.0,51.1,Urban,Storm,-112.74,Poor
892.92,359.76,47.9,11.95,2.72,29.99,2.21,1.0,61.6,Rural,Clear,-19.57,Excellent
2589.55,58.21,48.34,7.08,1.2,42.57,2.01,0.0,45.1,Rural,Clear,-16.28,Excellent
2600.6,77.07,43.4,4.85,3.16,18.51,2.16,7.0,12.4,Dense Urban,Clear,-94.46,Fair
837.5,349.07,23.25,6.43,1.87,25.52,2.12,5.0,30.3,Suburban,Clear,-88.1,Fair
2428.78,138.5,42.89,16.28,0.27,31.07,2.2,0.0,43.0,Rural,Clear,-22.57,Excellent
1783.27,27.12,40.07,6.21,4.85,42.39,1.94,1.0,60.5,Rural,Clear,-12.55,Excellent
2392.15,444.26,42.31,9.87,2.08,38.08,2.0,0.0,25.7,Rural,Clear,-35.96,Excellent
5795.76,724.25,41.05,17.08,1.75,11.8,1.34,4.0,62.2,Urban,Clear,-112.7,Poor
677.5,10.01,46.04,3.89,3.14,23.97,1.89,12.0,63.0,Dense Urban,Clear,-55.02,Excellent
5792.97,281.19,46.99,15.93,2.27,18.7,2.38,5.0,25.3,Dense Urban,Clear,-103.89,Poor
2121.4,361.19,20.78,13.89,4.89,14.91,1.57,5.0,68.6,Suburban,Fog,-90.39,Fair
3478.42,78.75,45.46,9.77,0.25,21.02,1.72,4.0,51.1,Urban,Rain,-74.59,Good
2105.04,82.08,28.73,17.18,4.08,32.86,1.98,7.0,26.4,Indoor,Clear,-100.18,Poor
1794.4,72.0,21.87,3.19,0.11,42.68,1.59,12.0,54.5,Dense Urban,Clear,-128.83,Poor
3480.23,159.19,43.21,15.67,0.91,45.4,1.47,5.0,31.3,Suburban,Rain,-60.89,Excellent
2570.74,1553.82,45.77,5.16,0.87,23.42,2.38,6.0,77.8,Dense Urban,Rain,-149.29,Poor
836.4,184.45,17.09,7.67,1.7,19.22,1.28,2.0,18.3,Rural,Clear,-54.13,Excellent
3473.71,4806.49,48.54,3.96,4.38,32.95,1.52,11.0,73.9,Dense Urban,Rain,-179.12,Poor
3492.61,103.57,29.37,9.92,1.22,36.66,2.02,3.0,87.4,Suburban,Clear,-70.43,Good
1818.61,771.41,47.86,4.71,,32.11,2.29,5.0,83.1,Suburban,Storm,-84.7,Good
5813.18,303.14,18.94,6.08,2.39,43.2,1.37,9.0,79.1,Urban,Clear,-137.41,Poor
2626.84,1141.29,37.23,2.95,1.18,25.83,1.6,7.0,45.9,Urban,Clear,-135.05,Poor
1795.62,2498.44,38.46,6.88,2.32,23.27,2.26,5.0,54.1,Urban,Rain,-134.57,Poor
712.47,240.45,44.25,4.62,4.22,32.67,1.41,9.0,58.0,Dense Urban,Rain,-105.35,Poor
2609.92,216.07,29.6,12.97,3.49,36.4,1.28,4.0,29.7,Suburban,Clear,-72.29,Good
883.02,3502.44,20.76,12.21,1.96,23.38,1.25,3.0,70.3,Indoor,Clear,-179.52,Poor
3488.21,3310.7,24.01,12.65,1.35,20.15,2.37,1.0,67.8,Rural,Storm,-89.24,Fair
2401.79,4907.54,22.78,12.82,2.58,48.67,2.26,1.0,61.8,Rural,Clear,-80.28,Good
2117.8,26.44,44.33,3.65,1.12,38.31,1.81,5.0,23.1,Indoor,Rain,-80.94,Good
847.71,10.22,19.06,5.42,0.78,34.52,2.38,9.0,70.2,Dense Urban,Clear,-75.89,Good
3483.66,151.46,45.43,13.8,0.22,21.39,1.32,1.0,63.1,Rural,Rain,-35.64,Excellent
879.61,953.37,37.04,9.71,0.05,46.86,1.25,1.0,38.3,Suburban,Clear,-73.27,Good
2076.93,15.73,39.39,12.08,4.86,31.15,1.84,2.0,55.7,Rural,Clear,-9.57,Excellent
5027.35,101.94,47.36,2.91,1.81,20.8,2.21,9.0,86.2,Urban,Clear,-92.94,Fair
5818.54,370.97,41.78,8.18,0.19,24.46,1.29,6.0,67.6,Indoor,Fog,-143.28,Poor
5820.33,37.47,39.75,9.01,2.91,24.89,1.65,8.0,81.1,Urban,Clear,-78.41,Good
5817.7,940.44,42.88,13.08,2.35,11.37,1.38,8.0,89.2,Urban,Storm,-137.63,Poor
2382.49,41.64,31.01,16.59,2.87,26.36,2.13,5.0,48.8,Dense Urban,Clear,-74.59,Good
907.95,1857.58,44.59,11.19,2.71,20.43,1.55,8.0,48.4,Urban,Clear,-117.58,Poor
5015.4,87.09,42.32,14.18,0.5,28.09,1.91,5.0,55.5,Urban,Clear,-74.05,Good
5014.74,412.79,47.56,12.3,3.74,32.43,1.21,1.0,12.3,Suburban,Fog,-64.23,Excellent
5786.29,294.21,35.68,16.56,1.88,23.43,1.76,7.0,74.1,Urban,Rain,-112.38,Poor
2580.87,63.11,37.08,14.97,4.98,11.22,1.31,6.0,62.9,Dense Urban,Clear,-83.82,Good
839.69,153.12,30.71,5.96,2.95,47.1,2.37,9.0,39.6,Urban,Clear,-94.54,Fair
2398.79,1919.8,44.47,5.56,2.45,14.7,2.04,4.0,50.0,Suburban,Clear,-98.12,Fair
2104.43,301.97,34.33,16.59,1.81,24.03,1.92,4.0,27.5,Suburban,Rain,-71.52,Good
5020.22,14.13,21.36,11.56,2.69,39.09,1.63,4.0,76.5,Suburban,Rain,-58.95,Excellent
1816.14,840.34,41.3,9.19,2.37,45.18,1.23,3.0,55.2,Indoor,Clear,-135.03,Poor
1810.57,31.08,20.69,13.2,2.63,35.85,1.7,1.0,66.2,Rural,Rain,-32.67,Excellent
685.81,205.05,37.98,6.51,4.85,19.62,1.47,7.0,55.9,Urban,Storm,-89.18,Fair
4998.73,183.9,41.67,14.94,2.03,36.54,1.85,10.0,88.7,Dense Urban,Rain,-121.01,Poor
3490.13,205.6,45.2,10.44,1.4,26.1,1.34,1.0,34.0,Rural,Clear,-34.37,Excellent
684.1,12.13,19.43,15.94,2.13,39.79,1.93,0.0,35.6,Rural,Rain,-10.18,Excellent
2070.61,54.35,31.75,12.3,0.26,25.82,2.27,3.0,29.2,Suburban,Clear,-53.66,Excellent
2090.37,13.71,30.91,6.16,2.28,13.51,1.74,9.0,71.9,Urban,Clear,-64.66,Excellent
2085.37,131.81,30.95,17.45,4.6,31.07,1.27,1.0,15.1,Rural,Clear,-31.98,Excellent
5804.31,475.3,46.89,8.44,1.01,11.69,1.96,4.0,18.7,Suburban,Rain,-86.11,Fair
823.74,582.54,37.84,14.25,0.45,34.93,2.42,5.0,42.0,Suburban,Clear,-72.02,Good
1786.23,14.94,30.43,6.09,0.08,22.69,2.42,2.0,74.0,Rural,Clear,-24.52,Excellent
822.69,20.94,47.45,8.67,3.22,45.29,1.69,0.0,70.9,Rural,Rain,6.07,Excellent
908.49,610.08,35.91,13.81,3.83,30.04,1.76,2.0,32.6,Rural,Fog,-40.41,Excellent
5804.09,271.43,29.64,13.14,3.36,11.36,1.58,4.0,16.6,Indoor,Clear,-140.39,Poor
5790.25,1775.64,39.2,17.02,3.2,35.54,2.38,3.0,89.3,Indoor,Fog,-160.87,Poor
678.84,35.78,46.26,14.77,4.08,43.24,1.47,6.0,44.4,Urban,Clear,-36.96,Excellent
2627.48,21.13,29.51,7.19,4.27,11.79,1.92,2.0,72.0,Rural,Clear,-33.26,Excellent
905.06,94.86,38.55,15.81,1.68,39.8,1.84,6.0,72.2,Urban,Rain,-70.68,Good
860.75,524.11,24.26,16.74,2.9,40.46,1.31,3.0,33.7,Indoor,Storm,-133.26,Poor
901.88,204.93,18.05,17.27,3.29,37.22,1.85,6.0,46.2,Indoor,Clear,-129.01,Poor
868.39,18.45,21.09,16.41,1.71,29.6,1.93,8.0,71.5,Urban,Rain,-62.65,Excellent
2123.78,15.57,30.21,13.13,3.18,35.9,1.56,1.0,51.0,Rural,Fog,-16.56,Excellent
5792.96,674.64,44.07,14.73,3.3,29.58,1.43,1.0,26.0,Suburban,Clear,-72.73,Good
2411.4,63.32,23.02,12.37,0.0,25.05,1.78,2.0,53.0,Indoor,Fog,-105.25,Poor
3483.79,641.08,46.7,7.12,0.42,11.99,2.46,5.0,45.6,Dense Urban,Storm,-137.89,Poor
2109.11,62.51,17.25,15.06,3.67,29.85,2.45,8.0,74.3,Dense Urban,Rain,-103.37,Poor
693.95,70.73,41.66,5.64,0.38,41.32,1.71,5.0,69.7,Suburban,Clear,-46.06,Excellent
670.41,36.84,24.11,8.9,2.54,12.04,2.23,1.0,34.5,Rural,Clear,-28.71,Excellent
927.33,4518.79,23.93,7.5,0.22,11.49,2.21,3.0,57.7,Suburban,Rain,-121.91,Poor
922.11,11.05,43.55,4.75,4.14,16.77,2.42,3.0,19.1,Suburban,Clear,-19.33,Excellent
4987.45,22.05,35.96,14.78,2.77,21.81,2.06,3.0,35.9,Suburban,Clear,-44.5,Excellent
5029.87,1807.68,37.2,9.55,1.02,30.0,1.58,8.0,87.2,Dense Urban,Clear,-165.4,Poor
4989.03,23.6,44.66,10.43,4.31,43.15,2.48,2.0,56.8,Rural,Clear,-15.15,Excellent
2597.53,57.23,38.87,10.03,0.6,11.19,1.65,4.0,82.9,Suburban,Clear,-55.91,Excellent
2421.08,51.2,46.07,13.03,4.54,41.28,1.37,2.0,61.4,Suburban,Rain,-34.22,Excellent
2588.28,760.58,31.58,4.81,4.86,38.58,1.83,6.0,67.7,Indoor,Clear,-155.55,Poor
2097.03,128.77,29.77,10.01,3.29,29.97,2.45,1.0,56.7,Rural,Clear,-38.05,Excellent
2609.94,1856.61,31.71,6.16,4.19,17.69,2.04,8.0,14.8,Urban,Clear,-145.03,Poor
3477.83,1040.6,27.56,17.55,4.12,13.4,2.0,7.0,63.6,Indoor,Fog,-162.45,Poor
3495.34,271.29,46.04,2.96,2.27,16.33,1.63,5.0,80.4,Indoor,Clear,-131.93,Poor
2588.56,47.01,37.81,16.85,0.61,23.31,2.15,7.0,71.2,Urban,Fog,-68.47,Excellent
710.61,1376.3,45.6,2.96,0.42,31.23,1.43,5.0,15.0,Urban,Clear,-110.75,Poor
3478.16,2174.12,23.54,3.75,0.52,23.98,1.33,5.0,72.1,Dense Urban,Rain,-178.16,Poor
1783.96,1807.6,43.51,16.5,2.57,32.35,2.34,2.0,52.3,Rural,Clear,-46.69,Excellent
3512.68,13.79,21.57,12.37,0.18,45.26,1.87,2.0,46.4,Rural,Clear,-32.02,Excellent
2379.37,765.19,23.93,7.19,2.4,15.19,2.35,0.0,48.1,Rural,Clear,-66.71,Excellent
4995.32,794.16,,11.41,1.43,45.78,1.25,5.0,55.8,Urban,Clear,-132.96,Poor
1812.77,3510.21,47.32,4.66,4.36,17.77,2.12,7.0,38.8,Dense Urban,Clear,-156.25,Poor
5815.93,51.42,20.97,3.04,0.45,29.7,1.36,9.0,55.0,Urban,Clear,-112.11,Poor
4975.69,1325.34,41.87,2.79,3.4,39.35,1.39,0.0,67.9,Rural,Storm,-70.04,Good
1821.12,724.19,27.92,6.32,0.41,37.87,1.47,6.0,62.5,Dense Urban,Clear,-146.09,Poor
2113.44,2353.19,20.82,4.87,2.64,40.33,1.25,5.0,66.2,Suburban,Clear,-123.73,Poor
2390.36,743.39,30.62,8.45,1.67,38.55,2.48,6.0,84.6,Dense Urban,Clear,-138.59,Poor
3515.83,1998.71,32.08,16.03,2.75,10.64,2.05,5.0,55.4,Indoor,Clear,-172.91,Poor
2613.7,93.43,37.53,8.06,0.37,29.84,2.37,8.0,66.8,Urban,Clear,-91.28,Fair
5006.05,26.63,22.05,8.38,2.5,25.17,1.39,3.0,45.4,Urban,Storm,-87.35,Fair
1803.51,95.65,43.2,3.93,2.54,47.12,2.23,1.0,62.5,Suburban,Clear,-46.85,Excellent
2414.08,1584.16,40.19,17.82,4.22,48.19,1.32,5.0,62.4,Suburban,Clear,-83.65,Good
2129.96,22.66,19.39,4.32,0.28,20.25,1.38,8.0,36.5,Urban,Storm,-96.46,Fair
5804.71,526.98,33.48,7.41,0.62,38.48,2.34,13.0,45.2,Dense Urban,Storm,-169.94,Poor
1818.52,4627.9,37.49,17.13,4.9,19.49,1.43,4.0,34.6,Suburban,Clear,-98.94,Fair
2414.66,2603.86,22.58,9.28,2.44,39.94,2.25,2.0,58.0,Suburban,Clear,-110.09,Poor
871.35,647.89,42.8,7.41,3.55,21.96,2.39,0.0,53.8,Rural,Rain,-37.16,Excellent
5027.27,1378.12,21.6,13.44,1.46,39.22,1.25,8.0,76.4,Dense Urban,Clear,-169.01,Poor
1781.58,20.62,45.0,2.53,3.15,11.08,2.42,5.0,69.6,Suburban,Clear,-39.99,Excellent
1779.93,,31.04,7.14,2.12,38.11,1.91,5.0,60.2,Dense Urban,Clear,-118.91,Poor
2405.18,272.66,27.85,11.28,4.16,26.83,2.0,4.0,70.1,Suburban,Clear,-78.37,Good
2096.96,1295.6,37.76,17.86,2.17,39.54,2.29,8.0,66.0,Urban,Clear,-115.28,Poor
5004.24,57.9,35.78,17.48,3.38,13.66,2.07,5.0,74.5,Suburban,Clear,-58.51,Excellent
2417.88,19.38,34.48,12.02,1.66,44.72,2.45,4.0,75.8,Indoor,Clear,-68.57,Excellent
2425.9,765.93,44.84,7.44,1.02,,2.39,3.0,94.7,Urban,Clear,-99.96,Fair
845.04,213.55,24.99,10.8,1.09,24.83,1.53,6.0,73.0,Urban,Fog,-104.75,Poor
713.08,1876.4,42.19,16.94,2.83,23.66,2.16,6.0,33.9,Urban,Clear,-109.92,Poor
1781.81,199.31,36.18,12.67,2.45,21.82,1.7,10.0,,Dense Urban,Clear,-115.92,Poor
5802.07,1923.35,22.62,4.39,3.51,33.55,1.35,6.0,43.9,Dense Urban,Fog,-180.03,Poor
5771.31,234.76,44.78,17.54,4.24,11.57,1.59,5.0,93.6,Suburban,Clear,-66.78,Excellent
2600.23,1295.63,45.05,16.44,,38.48,1.27,0.0,49.9,Rural,Clear,-42.55,Excellent
2602.72,881.6,23.68,5.47,4.0,41.47,1.88,5.0,88.7,Suburban,Rain,-110.28,Poor
1814.13,52.26,46.11,12.51,4.3,20.13,1.2,6.0,35.4,Indoor,Clear,-78.74,Good
858.97,68.4,36.47,16.05,3.55,15.6,1.43,10.0,87.2,Dense Urban,Clear,-87.84,Fair
691.5,2672.4,44.53,5.53,3.4,48.86,2.49,2.0,91.9,Suburban,Clear,-79.03,Good
1770.34,42.02,30.53,16.78,4.69,35.36,2.42,1.0,95.8,Suburban,Clear,-35.84,Excellent
1776.93,763.02,20.49,4.88,4.45,37.76,1.98,0.0,86.2,Rural,Clear,-65.74,Excellent
878.38,24.64,22.96,7.71,1.84,35.29,2.48,3.0,63.5,Suburban,Rain,-49.24,Excellent
925.34,1091.82,19.77,17.09,3.22,19.97,1.8,7.0,59.0,Urban,Rain,-126.12,Poor
689.51,40.05,48.2,17.15,2.68,42.07,1.83,5.0,62.9,Indoor,Clear,-60.63,Excellent
2585.53,401.2,25.26,2.37,0.53,29.26,1.78,9.0,36.7,Urban,Clear,-134.64,Poor
,333.33,46.57,15.86,1.15,20.54,1.25,0.0,54.2,Rural,Clear,-34.92,Excellent
2611.4,35.42,24.82,13.1,2.52,33.74,1.64,2.0,77.7,Suburban,Rain,-53.5,Excellent
2091.41,211.97,29.78,15.95,2.26,45.35,1.88,7.0,92.6,Dense Urban,Rain,-111.0,Poor
2074.04,2360.83,47.68,9.39,2.87,41.05,1.87,11.0,51.4,Dense Urban,Rain,-158.21,Poor
1794.17,686.64,30.15,17.7,3.99,38.47,1.86,2.0,51.9,Rural,Clear,-44.85,Excellent
835.64,4776.88,44.65,13.97,4.02,20.7,1.66,5.0,90.3,Suburban,Clear,-90.37,Fair
2389.5,1310.66,21.8,14.15,1.36,21.16,2.13,,54.6,Suburban,Clear,-100.97,Poor
2379.78,545.34,47.07,8.83,1.33,43.24,2.44,5.0,41.6,Indoor,Rain,-133.64,Poor
709.53,331.18,35.89,8.28,3.08,41.99,2.24,8.0,81.5,Urban,Clear,-91.79,Fair
2101.6,3389.16,42.37,5.29,1.89,44.45,1.62,2.0,58.2,Rural,Rain,-67.08,Excellent
886.25,264.48,21.13,2.93,4.8,47.95,1.57,4.0,65.5,Urban,Rain,-106.48,Poor
853.23,122.12,47.34,16.42,3.17,24.62,2.35,11.0,53.5,Dense Urban,Rain,-88.75,Fair
3499.56,1787.61,30.24,11.45,1.29,34.0,1.48,4.0,67.8,Suburban,Clear,-108.08,Poor
2417.76,3448.99,22.53,10.93,0.53,32.57,1.35,2.0,34.3,Indoor,Rain,-189.59,Poor
2627.36,196.15,,7.41,3.62,22.14,1.55,9.0,51.4,Dense Urban,Storm,-141.81,Poor
3477.84,23.46,19.58,13.84,1.6,31.84,1.9,3.0,58.2,Urban,Clear,-69.64,Excellent
5823.03,438.51,42.59,8.51,0.96,49.37,1.21,5.0,46.1,Suburban,Rain,-90.13,Fair
5012.29,999.12,25.94,14.95,1.26,47.42,1.46,2.0,71.4,Rural,Clear,-68.89,Excellent
2611.55,101.96,45.29,3.28,3.47,30.77,1.53,2.0,91.7,Rural,Clear,-32.78,Excellent
4992.46,1043.52,23.76,5.96,3.29,19.79,1.93,13.0,70.2,Dense Urban,Clear,-184.04,Poor
2090.63,271.2,20.23,6.53,0.5,43.4,2.15,2.0,54.1,Indoor,Rain,-142.23,Poor
5770.34,65.07,44.16,2.37,3.32,44.28,2.48,2.0,47.2,Rural,Clear,-35.88,Excellent
3528.93,500.1,41.11,12.62,3.08,32.52,1.46,0.0,18.5,Rural,Clear,-40.11,Excellent
2606.39,112.14,36.88,13.23,4.0,28.72,2.11,7.0,39.3,Urban,Clear,-82.97,Good
5794.14,1329.29,40.07,8.61,0.44,17.28,1.5,7.0,48.6,Urban,Fog,-133.22,Poor
2402.63,10.19,45.75,14.73,1.36,23.19,1.98,4.0,71.0,Suburban,Fog,-19.57,Excellent
3472.43,1615.24,22.46,17.26,4.02,10.58,1.53,5.0,41.4,Suburban,Clear,-108.69,Poor
880.42,67.21,29.34,13.79,2.2,27.54,1.8,5.0,67.3,Suburban,Clear,-52.34,Excellent
5807.4,3890.48,47.83,12.77,4.54,15.12,1.82,0.0,,Rural,Fog,-59.62,Excellent
2600.86,1119.34,42.79,9.19,3.46,30.7,2.44,2.0,43.9,Suburban,Fog,-83.16,Good
3517.22,44.73,37.98,10.86,0.27,19.93,1.54,2.0,61.7,Suburban,Rain,-53.33,Excellent
,4382.78,22.14,6.61,2.26,45.47,2.27,3.0,80.7,Urban,Fog,-152.95,Poor
5006.09,223.02,37.07,5.91,1.48,14.93,2.15,5.0,56.1,Indoor,Clear,-133.56,Poor
718.92,257.84,21.45,2.42,3.8,27.58,1.91,1.0,55.4,Rural,Clear,-51.18,Excellent
824.1,2849.46,41.71,9.69,0.75,15.55,2.12,13.0,47.3,Dense Urban,Storm,-171.36,Poor
2411.45,3011.22,23.79,5.6,4.41,32.79,1.66,1.0,43.5,Rural,Fog,-80.09,Good
3512.94,760.09,19.38,9.48,3.65,22.61,2.02,6.0,30.7,Urban,Fog,-135.28,Poor
4986.51,4373.27,38.9,15.0,2.93,14.18,1.39,1.0,43.0,Rural,Fog,-73.04,Good
2081.74,77.2,19.17,7.87,2.81,34.02,2.23,2.0,52.4,Rural,Clear,-46.89,Excellent
2582.83,42.37,42.87,7.15,4.76,31.53,1.64,2.0,62.4,Rural,Storm,-29.33,Excellent
2381.89,11.99,29.85,9.15,4.32,18.41,2.48,3.0,78.9,Suburban,Clear,-37.94,Excellent
5801.43,86.05,35.54,9.93,4.61,48.67,1.76,2.0,29.8,Suburban,Clear,-56.06,Excellent
2578.14,423.15,41.42,6.36,4.11,41.53,2.41,1.0,32.1,Rural,Rain,-40.92,Excellent
2109.56,66.71,43.78,11.6,1.75,34.69,1.54,5.0,82.4,Suburban,Clear,-45.75,Excellent
5776.3,366.76,46.85,2.46,0.85,47.74,1.58,4.0,48.0,Suburban,Clear,-83.82,Good
821.61,13.51,21.67,9.78,1.49,39.87,2.24,7.0,67.6,Indoor,Clear,-76.01,Good
5789.16,90.3,30.81,12.38,4.81,29.31,2.35,10.0,75.4,Dense Urban,Fog,-111.76,Poor
831.51,1044.34,20.84,9.46,4.82,48.53,1.83,2.0,65.5,Rural,Rain,-59.43,Excellent
929.32,19.12,22.43,17.65,1.02,35.68,1.28,4.0,55.5,Urban,Storm,-57.87,Excellent
4988.18,849.82,35.06,4.48,1.13,15.46,1.65,4.0,70.6,Suburban,Clear,-106.05,Poor
3483.32,1148.56,19.94,9.25,3.29,13.94,2.25,3.0,58.6,Urban,Fog,-134.78,Poor
5781.81,342.82,30.55,6.67,2.77,13.69,1.82,3.0,46.7,Suburban,Clear,-90.46,Fair
3492.43,2463.34,45.91,16.45,2.82,24.22,2.13,9.0,55.4,Urban,Clear,-128.26,Poor
2606.35,3769.97,19.11,4.87,4.54,10.33,1.69,1.0,50.4,Rural,Fog,-93.21,Fair
1816.92,12.4,23.7,10.34,2.79,32.35,1.24,4.0,60.0,Suburban,Clear,-42.82,Excellent
691.87,680.49,24.9,8.79,2.9,27.46,2.08,12.0,36.5,Dense Urban,Storm,-148.21,Poor
857.56,43.66,44.84,16.68,3.31,24.56,1.59,3.0,77.1,Indoor,Rain,-65.52,Excellent
898.92,126.38,42.55,10.92,2.55,27.18,1.83,1.0,54.2,Rural,Clear,-21.47,Excellent
720.79,480.7,27.11,9.45,2.91,26.98,2.39,1.0,36.3,Suburban,Storm,-75.49,Good
2404.14,836.38,43.44,11.39,3.73,49.53,1.49,4.0,42.6,Suburban,Rain,-77.77,Good
3487.39,1852.04,18.1,13.38,4.58,26.75,1.65,9.0,38.6,Urban,Clear,-154.53,Poor
5812.22,801.34,42.28,2.51,4.66,46.88,1.4,5.0,35.0,Urban,Rain,-119.92,Poor
2119.2,,21.86,5.95,3.34,44.15,1.25,12.0,87.1,Dense Urban,Clear,-178.02,Poor
4997.93,413.88,43.57,5.77,1.34,27.11,1.74,9.0,80.0,Urban,Fog,-118.25,Poor
5829.23,20.7,30.46,8.65,4.34,11.69,1.33,9.0,34.0,Dense Urban,Rain,-99.66,Fair
5022.75,11.42,42.05,11.22,3.47,43.93,1.59,13.0,36.8,Dense Urban,Rain,-75.31,Good
2081.82,269.07,32.78,16.65,,18.49,2.3,7.0,36.6,Indoor,Clear,-128.67,Poor
1817.21,853.54,37.13,11.05,3.14,12.34,1.26,8.0,64.9,Dense Urban,Fog,-140.23,Poor
5806.06,19.67,45.32,4.9,2.11,44.84,2.02,0.0,59.0,Rural,Rain,-20.7,Excellent
902.09,144.1,41.17,10.41,4.17,36.33,1.71,4.0,62.9,Urban,Clear,-66.73,Excellent
2100.84,49.14,35.66,8.86,1.68,17.12,1.71,2.0,36.1,Rural,Clear,-33.65,Excellent
721.2,339.29,44.13,12.33,2.2,21.56,1.85,1.0,31.9,Rural,Clear,-24.8,Excellent
3506.65,113.23,19.71,12.19,3.96,39.83,1.65,5.0,44.3,Indoor,Fog,-124.68,Poor
2602.26,34.97,41.67,12.56,1.0,14.94,1.31,2.0,70.3,Indoor,Storm,-84.75,Good
672.93,10.28,38.18,17.96,2.82,38.91,2.35,1.0,98.0,Rural,Rain,10.96,Excellent
896.9,73.75,22.12,2.44,2.24,28.34,1.45,5.0,30.4,Suburban,Storm,-72.3,Good
2424.48,247.23,31.26,14.2,1.84,43.49,2.09,2.0,79.9,Indoor,Storm,-122.16,Poor
2412.7,3220.38,30.74,15.68,0.55,35.72,2.18,0.0,67.9,Rural,Clear,-64.99,Excellent
4973.06,41.11,43.97,5.92,0.06,49.28,1.47,2.0,37.3,Indoor,Clear,-88.63,Fair
923.04,241.3,38.35,14.12,3.07,44.28,1.41,4.0,64.6,Indoor,Clear,-104.72,Poor
5819.6,338.03,45.99,3.68,2.8,23.75,2.39,3.0,58.8,Indoor,Clear,-136.63,Poor
2102.8,565.26,35.73,10.68,4.68,29.26,1.23,10.0,59.9,Dense Urban,Fog,-137.3,Poor
4971.34,77.05,47.27,7.16,1.51,47.58,1.77,6.0,69.9,Urban,Rain,-77.98,Good
903.75,18.56,43.6,5.65,0.2,16.09,1.29,3.0,91.2,Indoor,Clear,-65.16,Excellent
673.28,3066.99,38.59,12.35,,26.69,1.75,0.0,69.1,Rural,Fog,-49.6,Excellent
689.22,3727.85,20.17,8.44,0.21,33.05,1.45,2.0,57.9,Rural,Rain,-81.5,Good
1807.73,152.33,31.76,4.66,1.29,24.05,,6.0,43.9,Urban,Fog,-100.14,Poor
5824.77,368.94,18.06,11.71,3.34,13.77,1.61,1.0,53.6,Rural,Clear,-71.25,Good
691.47,11.98,28.49,10.11,2.29,18.26,2.24,9.0,60.8,Urban,Clear,-55.44,Excellent
1821.6,13.41,45.15,2.68,1.64,27.32,1.69,3.0,49.4,Urban,Rain,-42.07,Excellent
875.1,16.1,29.89,15.13,4.0,44.89,1.89,8.0,71.3,Urban,Fog,-48.28,Excellent
5771.26,985.95,43.07,17.79,1.68,32.88,2.08,0.0,90.4,Rural,Clear,-47.98,Excellent
2584.37,41.05,28.89,,0.8,21.94,2.07,7.0,25.4,Indoor,Clear,-108.05,Poor
3512.59,31.46,35.51,17.8,1.4,16.72,2.31,7.0,43.8,Dense Urban,Clear,-78.06,Good
3515.41,10.53,19.02,17.93,4.76,34.73,1.61,4.0,89.7,Suburban,Clear,-40.09,Excellent
2593.55,11.53,40.44,9.43,1.25,17.23,1.83,7.0,57.4,Urban,Fog,-50.78,Excellent
3509.41,124.2,22.57,16.73,1.81,12.83,2.29,3.0,78.9,Suburban,Clear,-74.79,Good
706.73,289.72,29.91,14.52,0.87,11.32,1.62,11.0,35.1,Dense Urban,Rain,-127.35,Poor
5014.39,365.48,46.66,15.35,3.24,37.91,1.47,4.0,64.1,Urban,Clear,-86.05,Fair
3513.12,172.14,23.25,3.96,1.38,45.45,1.56,4.0,49.9,Suburban,Rain,-89.99,Fair
3475.15,173.92,48.69,14.49,1.05,31.21,1.63,13.0,54.4,Dense Urban,Storm,-118.74,Poor
1779.5,1078.22,44.22,5.78,2.94,21.17,1.41,2.0,48.7,Suburban,Clear,-80.06,Good
4977.96,60.47,21.11,13.96,3.82,18.17,1.44,5.0,87.7,Indoor,Storm,-126.27,Poor
1825.95,43.81,30.55,5.77,2.96,21.05,1.27,3.0,45.4,Suburban,Fog,-56.98,Excellent
724.81,2022.07,46.8,14.54,2.49,22.21,1.49,5.0,77.8,Urban,Clear,-105.71,Poor
5817.84,724.94,29.67,16.3,4.87,34.16,2.38,5.0,56.4,Suburban,Clear,-91.85,Fair
877.0,193.66,43.15,10.03,1.43,46.94,1.99,8.0,90.8,Urban,Fog,-82.7,Good
854.46,55.37,48.88,8.93,2.36,18.96,1.63,3.0,67.8,Indoor,Clear,-72.49,Good
2581.23,23.37,19.89,4.33,0.96,24.37,2.24,,28.9,Rural,Clear,-46.52,Excellent
892.1,12.62,41.0,5.78,2.51,33.78,1.98,11.0,57.8,,Clear,-63.56,Excellent
4986.03,1997.6,47.05,17.88,2.43,27.72,1.44,4.0,51.8,Indoor,Rain,-157.92,Poor
2119.74,399.51,38.31,13.69,3.86,14.67,2.01,6.0,67.7,Urban,Clear,-103.09,Poor
678.67,13.3,46.23,14.31,2.29,16.26,2.42,6.0,58.7,Urban,Rain,-30.17,Excellent
5808.77,26.79,40.18,15.02,0.72,33.14,1.3,4.0,24.9,Urban,Clear,-58.74,Excellent
2429.03,56.82,38.93,11.34,4.75,34.34,2.49,9.0,48.4,Urban,Fog,-74.5,Good
911.22,51.29,20.34,9.06,1.34,33.54,1.75,4.0,46.1,Indoor,Clear,-100.95,Poor
2574.75,302.06,42.53,7.57,1.22,42.61,1.84,2.0,55.1,Suburban,Clear,-68.91,Excellent
2424.47,119.7,47.78,2.44,4.51,17.7,1.23,5.0,61.5,Indoor,Clear,-112.51,Poor
708.58,2404.78,19.96,14.96,3.31,28.04,1.54,5.0,69.7,Suburban,Fog,-104.99,Poor
3497.38,874.31,20.17,15.84,4.43,28.62,1.69,3.0,66.5,Suburban,Clear,-96.63,Fair
2109.58,2871.04,36.19,7.49,1.44,18.61,2.46,5.0,10.0,Suburban,Clear,-111.41,Poor
2622.74,2131.68,48.24,10.24,0.26,38.38,2.16,0.0,65.8,Rural,Rain,-54.08,Excellent
4998.63,3067.24,43.36,11.25,2.17,22.49,2.42,0.0,82.4,Rural,Clear,-60.99,Excellent
2601.88,4415.92,41.7,12.52,1.23,34.76,2.15,4.0,58.5,Indoor,Clear,-174.28,Poor
2597.15,69.38,38.71,12.4,3.65,26.85,2.3,2.0,43.0,Indoor,Clear,-88.03,Fair
874.36,36.81,26.31,5.15,1.08,19.6,1.24,4.0,37.8,Indoor,Clear,-95.03,Fair
917.22,27.91,23.76,12.99,0.39,18.28,2.32,1.0,72.9,Suburban,Rain,-45.3,Excellent
2077.58,495.67,41.11,14.04,2.36,29.68,2.26,3.0,61.9,Suburban,Rain,-68.97,Excellent
4993.67,688.51,36.31,2.28,1.41,19.62,1.97,2.0,43.8,Rural,Clear,-69.61,Excellent
2393.21,17.26,42.64,11.89,1.27,36.96,2.11,7.0,58.5,Urban,Clear,-48.31,Excellent
1786.8,1644.55,47.37,8.67,1.57,34.68,2.2,2.0,47.1,Rural,Clear,-50.93,Excellent
3494.15,1298.59,49.31,16.16,1.53,41.6,1.27,7.0,46.4,Urban,Clear,-106.25,Poor
5007.08,496.86,43.33,17.1,2.21,15.33,1.52,2.0,55.8,Suburban,Clear,-70.59,Good
5788.68,149.87,30.67,11.34,2.88,45.29,2.42,11.0,58.9,Dense Urban,Clear,-125.54,Poor
880.35,25.98,23.3,8.39,2.69,30.93,1.59,1.0,40.2,Rural,Rain,-26.86,Excellent
3522.16,231.51,36.14,17.01,2.98,36.05,1.33,4.0,48.0,Indoor,Clear,-117.59,Poor
2428.25,26.89,29.05,6.32,0.64,49.16,2.09,1.0,89.4,Rural,Clear,-30.62,Excellent
2097.52,429.36,46.35,9.88,0.3,30.77,1.69,0.0,36.7,Rural,Clear,-34.44,Excellent
1789.62,68.64,21.24,7.65,4.66,45.2,2.27,2.0,59.4,Rural,Clear,-43.04,Excellent
822.85,46.5,46.99,4.46,1.11,22.99,1.95,3.0,66.9,Suburban,Clear,-36.05,Excellent
872.21,155.02,36.46,16.31,4.15,43.2,2.49,5.0,43.3,Urban,Clear,-68.28,Excellent
2393.57,369.26,18.8,6.01,0.33,47.42,2.13,1.0,44.4,Suburban,Storm,-95.95,Fair
5025.81,98.12,24.97,14.73,3.38,17.5,2.04,4.0,40.8,Urban,Clear,-89.77,Fair
5013.84,3987.83,18.84,14.05,3.02,29.94,1.84,8.0,35.1,Urban,Clear,-168.79,Poor
840.96,10.37,43.13,12.67,2.31,45.81,1.28,6.0,83.8,Urban,Clear,-27.51,Excellent
2628.08,2909.27,34.82,3.74,1.87,24.25,1.24,11.0,46.3,Dense Urban,Clear,-184.02,Poor
695.73,10.04,36.14,8.41,4.32,37.84,2.17,1.0,54.8,Suburban,Clear,-11.81,Excellent
2586.61,38.45,39.24,16.83,3.52,14.07,2.19,0.0,37.0,Rural,Fog,-15.46,Excellent
1795.58,4887.9,28.22,7.85,3.23,22.03,1.47,2.0,62.6,Rural,Clear,-82.07,Good
2082.69,922.8,25.28,2.33,4.64,36.38,1.92,4.0,43.5,Suburban,Clear,-104.2,Poor
3523.14,548.89,44.96,13.61,0.34,27.67,1.63,1.0,69.8,Rural,,-41.26,Excellent
2091.67,911.39,20.34,13.0,3.75,36.34,2.15,3.0,36.8,Suburban,Clear,-94.85,Fair
5009.48,126.47,19.18,11.28,4.84,32.11,2.27,6.0,87.3,Indoor,Fog,-133.67,Poor
2393.34,1307.85,44.22,7.81,4.86,47.17,1.77,5.0,43.3,Suburban,Clear,-86.79,Fair
5824.1,26.18,19.05,7.16,0.87,14.81,2.1,3.0,61.4,Indoor,Clear,-107.65,Poor
2608.54,1388.97,48.6,5.67,4.05,34.94,1.67,5.0,61.9,Urban,Rain,-115.76,Poor
899.3,3433.64,19.15,11.47,0.29,28.24,1.88,1.0,72.5,Rural,,-76.35,Good
3477.93,2064.77,28.84,17.94,3.46,47.07,2.16,9.0,26.0,Dense Urban,Rain,-160.32,Poor
2124.11,991.57,37.28,14.53,3.21,44.26,1.36,7.0,36.5,Dense Urban,Clear,-132.43,Poor
2402.81,572.86,17.89,12.48,2.28,22.67,1.22,6.0,47.6,Dense Urban,Clear,-147.31,Poor
837.1,254.92,45.96,11.11,1.72,43.36,2.04,2.0,77.4,Rural,Rain,-23.16,Excellent
872.68,116.6,44.8,13.29,1.2,33.01,2.23,0.0,51.1,Rural,Clear,-10.82,Excellent
2373.27,2169.57,27.03,10.03,1.75,21.63,2.02,10.0,88.8,Dense Urban,Storm,-178.98,Poor
838.84,559.08,21.62,15.56,0.5,13.66,1.44,12.0,95.8,Dense Urban,Clear,-147.0,Poor
5802.21,149.2,45.89,11.31,1.51,16.67,1.86,9.0,54.3,Urban,Clear,-97.06,Fair
4990.39,1312.59,28.29,5.96,2.54,35.16,1.73,6.0,97.6,Dense Urban,Clear,-163.71,Poor
3498.6,14.0,20.39,11.01,2.57,29.91,2.43,3.0,48.0,Urban,Clear,-60.83,Excellent
3485.86,1565.25,43.75,5.93,2.88,15.35,2.1,8.0,59.8,Urban,Clear,-132.67,Poor
2377.8,1541.92,30.21,10.57,3.64,45.74,1.88,4.0,62.2,Indoor,Clear,-160.59,Poor
672.21,41.38,30.12,14.87,0.58,33.13,1.72,1.0,82.8,Rural,Rain,-17.05,Excellent
1779.46,12.64,38.29,13.64,4.25,48.62,1.64,3.0,76.8,Suburban,Clear,-19.05,Excellent
2127.18,843.87,37.63,6.33,1.83,21.01,1.38,2.0,54.1,Rural,Clear,-60.27,Excellent
5804.52,34.63,42.74,13.67,0.96,17.35,2.11,3.0,43.4,Suburban,Clear,-45.42,Excellent
899.34,4877.9,41.99,3.98,0.9,44.89,1.9,6.0,62.8,Dense Urban,Clear,-162.74,Poor
2093.06,10.59,45.75,12.33,4.03,40.04,1.3,8.0,67.8,Dense Urban,Clear,-45.01,Excellent
1812.51,41.71,45.73,7.04,2.39,18.48,1.73,4.0,80.1,Urban,Rain,-60.06,Excellent
828.48,12.99,36.7,11.87,1.29,24.05,2.2,4.0,87.8,Suburban,Clear,-23.35,Excellent
836.57,1295.28,37.11,15.8,4.66,22.73,1.39,5.0,49.8,Urban,Clear,-105.76,Poor
1809.35,364.65,27.89,4.14,2.93,38.2,2.21,9.0,44.3,Urban,Rain,-119.75,Poor
698.74,1949.39,35.46,13.14,3.17,18.61,1.8,2.0,64.7,Rural,Rain,-53.39,Excellent
716.21,3963.37,21.25,12.93,1.24,13.08,1.29,0.0,29.3,Rural,Clear,-73.66,Good
1823.83,443.28,26.62,14.11,2.0,42.73,2.42,2.0,86.3,Rural,Rain,-51.8,Excellent
919.4,42.22,24.8,17.51,1.53,10.46,1.44,9.0,38.8,Dense Urban,Clear,-94.1,Fair
2381.05,17.79,36.16,9.73,1.23,34.33,1.25,3.0,57.3,Urban,Clear,-50.52,Excellent
675.49,2177.77,48.5,4.18,4.49,22.34,1.89,4.0,28.1,Urban,Storm,-109.24,Poor
1780.17,45.87,31.84,13.14,0.64,26.93,1.39,0.0,40.9,Rural,Clear,-24.72,Excellent
2117.01,2579.76,36.51,10.72,0.45,12.69,1.26,1.0,67.8,Suburban,Rain,-103.52,Poor
5824.83,2346.78,29.66,14.99,1.9,16.62,2.07,2.0,35.8,Suburban,Clear,-110.05,Poor
2625.53,494.81,32.39,14.69,3.29,30.05,1.34,6.0,47.2,Dense Urban,Clear,-127.11,Poor
4987.89,426.74,44.91,13.73,1.58,25.33,2.46,2.0,88.9,Rural,Clear,-43.06,Excellent
1820.42,3683.43,24.46,8.35,1.01,28.02,2.26,1.0,64.6,Suburban,Fog,-115.41,Poor
2102.17,1097.65,47.72,9.61,0.27,10.21,2.33,3.0,47.6,Urban,Fog,-109.38,Poor
2119.37,698.48,18.37,16.66,4.16,47.12,2.07,4.0,27.5,Urban,Rain,-117.52,Poor
5002.9,149.99,23.31,8.98,3.68,30.8,1.91,3.0,79.9,Indoor,Clear,-131.27,Poor
5778.75,202.44,41.84,11.39,3.22,27.41,2.09,8.0,89.0,Dense Urban,Clear,-114.99,Poor
5774.75,112.12,18.33,12.94,3.67,44.71,1.96,10.0,10.6,Dense Urban,Rain,-127.37,Poor
3527.43,3581.72,30.25,3.85,4.21,12.5,2.25,13.0,27.1,Dense Urban,Clear,-194.64,Poor
2395.55,527.55,29.38,14.31,1.33,27.87,1.44,0.0,72.1,Rural,Storm,-57.4,Excellent
2391.03,1276.96,45.75,2.24,3.95,33.05,1.37,9.0,41.5,Urban,Clear,-125.82,Poor
5791.38,12.6,19.25,17.71,0.52,21.1,2.08,1.0,74.2,Rural,Clear,-33.52,Excellent
892.74,1998.36,28.12,11.09,4.67,20.38,1.46,4.0,44.0,Urban,Fog,-124.97,Poor
1826.7,134.03,32.55,4.69,2.82,16.46,2.47,5.0,82.1,Dense Urban,Clear,-111.73,Poor
4973.76,976.28,43.23,14.55,3.82,38.24,1.39,3.0,27.6,Urban,Clear,-105.8,Poor
1777.14,12.82,34.84,15.51,2.44,36.74,2.06,4.0,49.6,,Clear,-25.03,Excellent
917.38,2585.45,20.27,5.28,2.0,26.37,2.24,7.0,49.5,Indoor,Clear,-187.11,Poor
2402.96,603.81,48.28,2.66,3.53,14.0,1.57,5.0,68.8,Suburban,Rain,-86.86,Fair
1777.71,171.7,21.44,10.39,1.65,17.42,2.07,1.0,55.2,Rural,Rain,-54.21,Excellent
4972.07,65.96,42.22,12.25,3.0,26.14,2.44,4.0,49.7,Urban,Fog,-75.6,Good
5783.45,69.09,22.26,4.69,0.01,19.93,2.44,6.0,47.6,Urban,Rain,-111.59,Poor
1785.65,65.9,18.56,10.99,4.19,39.46,1.39,4.0,16.3,Suburban,Clear,-63.83,Excellent
2370.85,22.58,21.89,10.42,0.83,13.17,1.35,2.0,46.1,Suburban,Clear,-55.01,Excellent
5782.97,178.57,45.01,15.82,3.07,25.63,1.6,6.0,38.9,Indoor,Clear,-113.42,Poor
3514.3,167.47,43.8,15.05,4.28,45.5,1.28,5.0,64.7,Suburban,Clear,-55.04,Excellent
921.33,129.36,36.33,4.11,3.4,23.52,1.38,7.0,42.1,Urban,Fog,-86.38,Fair
2423.89,790.01,43.52,13.31,2.37,40.46,1.7,2.0,69.1,Rural,Clear,-43.82,Excellent
2593.39,135.85,45.38,10.05,2.52,22.02,1.22,9.0,45.3,Urban,Storm,-91.1,Fair
2589.16,17.39,30.33,9.46,2.2,35.83,1.29,9.0,51.5,Urban,Clear,-71.07,Good
729.99,1993.81,45.43,4.6,0.17,32.32,2.45,2.0,54.8,Suburban,Rain,-82.71,Good
916.16,140.39,39.75,13.96,3.87,30.88,2.14,2.0,41.9,Rural,Clear,-22.4,Excellent
5002.24,586.94,22.9,15.89,4.78,15.91,1.61,4.0,57.1,Urban,Rain,-124.42,Poor
885.29,3234.17,38.32,5.29,3.6,12.05,1.36,2.0,24.6,Rural,Clear,-66.26,Excellent
889.28,1178.23,19.75,2.47,4.49,15.33,1.82,1.0,64.2,Suburban,Clear,-98.8,Fair
1800.92,284.58,36.27,11.75,4.36,40.19,1.98,3.0,58.1,Indoor,Clear,-116.98,Poor
852.52,295.8,21.32,17.7,1.78,49.92,1.56,1.0,64.9,Suburban,Clear,-62.35,Excellent
820.82,1962.72,20.13,12.86,1.81,20.39,1.94,2.0,78.3,Suburban,Clear,-98.56,Fair
1827.56,1670.93,44.63,6.04,2.3,20.58,1.79,3.0,94.0,Urban,Rain,-117.48,Poor
5004.54,30.35,28.09,15.96,0.46,25.37,2.03,3.0,49.2,Indoor,Fog,-89.08,Fair
705.35,490.8,29.57,10.61,0.22,24.42,1.75,2.0,39.9,Suburban,Clear,-75.83,Good
882.69,2170.4,19.5,10.16,0.01,35.51,1.85,4.0,46.5,Indoor,Clear,-178.98,Poor
715.9,1472.66,20.37,2.92,2.64,27.9,1.36,8.0,84.8,Dense Urban,Clear,-162.37,Poor
2414.24,21.71,46.39,2.97,2.69,35.0,1.48,0.0,35.3,Rural,Clear,-11.5,Excellent
875.71,149.94,37.81,11.27,0.39,13.89,1.81,7.0,98.0,Dense Urban,Clear,-101.64,Poor
3505.7,250.44,32.85,14.91,0.89,39.67,1.89,12.0,57.6,Dense Urban,Clear,-129.77,Poor
2409.49,49.64,35.69,14.05,3.71,40.84,2.21,6.0,62.1,Urban,Clear,-63.24,Excellent
3520.13,682.26,41.61,17.05,2.66,48.0,1.44,5.0,86.1,Suburban,Storm,-80.95,Good
2582.37,192.9,20.37,10.04,3.89,36.19,2.11,11.0,48.0,Dense Urban,Clear,-137.32,Poor
2122.66,63.53,48.18,11.93,1.0,33.04,1.79,5.0,63.0,Indoor,Clear,-84.67,Good
4997.69,81.13,34.81,12.04,2.86,33.25,1.24,2.0,79.7,Rural,Clear,-36.99,Excellent
2075.79,2051.74,23.5,8.08,1.2,13.67,1.27,,35.7,Suburban,Storm,-119.39,Poor
5776.34,2176.94,22.7,2.05,4.8,23.18,1.88,4.0,22.4,Urban,Rain,-159.02,Poor
5781.87,1558.04,21.28,15.42,4.62,45.62,2.08,6.0,59.3,Indoor,Clear,-181.55,Poor
2386.97,2927.55,23.94,3.07,1.63,45.37,2.32,6.0,31.6,Urban,Rain,-155.15,Poor
2599.78,3717.46,30.07,17.35,0.77,48.18,1.5,3.0,63.5,Suburban,Clear,-106.41,Poor
914.93,212.53,23.73,15.5,0.74,36.85,2.26,0.0,51.5,Rural,Storm,-40.8,Excellent
4981.2,18.24,42.01,3.66,0.88,18.93,1.43,6.0,75.3,Urban,Clear,-66.09,Excellent
2629.56,1443.34,24.2,3.95,3.16,43.23,2.05,10.0,73.4,Dense Urban,Clear,-172.61,Poor
5779.69,512.41,32.08,13.79,0.9,33.15,1.42,6.0,23.3,Indoor,Clear,-151.95,Poor
905.96,106.42,37.15,10.7,0.92,13.85,2.01,7.0,47.0,Urban,Clear,-83.13,Good
3525.74,4294.72,19.39,12.38,2.01,12.35,1.55,3.0,31.4,Urban,Clear,-157.93,Poor
2119.95,82.05,22.78,6.64,3.97,34.94,1.69,4.0,63.1,Urban,Storm,-92.33,Fair
858.87,2816.29,21.18,16.14,0.67,36.35,2.04,11.0,31.4,Dense Urban,Clear,-169.75,Poor
862.93,397.53,42.94,10.69,0.78,22.35,1.89,8.0,76.1,Urban,Clear,-93.42,Fair
2378.05,12.56,41.2,11.05,0.38,47.44,1.32,1.0,22.7,Suburban,Clear,-17.95,Excellent
1770.58,2099.03,21.43,17.85,0.32,17.06,2.0,3.0,52.9,Suburban,Clear,-107.97,Poor
846.05,1140.74,41.53,14.34,0.82,16.19,1.93,8.0,39.5,Dense Urban,Clear,-130.21,Poor
2075.37,542.07,43.64,13.02,3.98,24.78,2.16,10.0,46.1,Dense Urban,Clear,-129.51,Poor
2591.47,455.78,17.2,15.87,4.93,29.93,2.31,5.0,44.7,Urban,Clear,-115.43,Poor
1783.42,38.96,20.16,17.86,1.02,28.64,1.46,10.0,55.3,Dense Urban,Clear,-95.57,Fair
5824.98,37.92,42.9,15.0,0.91,37.67,2.08,2.0,33.0,Rural,Fog,-23.34,Excellent
3522.8,11.99,20.05,14.9,0.83,17.96,1.66,4.0,45.5,Indoor,Storm,-90.59,Fair
2419.14,26.06,30.5,5.06,0.22,30.76,1.51,2.0,89.6,Rural,Storm,-42.37,Excellent
5812.84,80.94,35.35,15.97,4.2,30.09,2.13,3.0,56.2,Suburban,Clear,-53.31,Excellent
2079.24,288.01,20.13,16.1,2.55,46.2,1.87,1.0,87.1,Suburban,Clear,-74.11,Good
822.9,22.54,29.38,11.55,1.65,42.21,2.36,2.0,53.3,Suburban,Clear,-28.41,Excellent
709.23,319.79,27.78,12.41,1.05,45.18,1.51,0.0,44.5,Rural,Rain,-39.75,Excellent
5808.54,51.37,41.43,11.98,0.87,45.01,1.43,2.0,31.7,Rural,Clear,-29.96,Excellent
5792.17,48.47,41.55,10.72,0.55,14.02,1.85,3.0,65.0,Indoor,Rain,-100.31,Poor
3498.36,3618.04,24.47,4.93,3.33,30.18,2.22,1.0,85.9,Suburban,Clear,-119.18,Poor
849.35,4767.69,38.25,12.52,3.3,44.84,1.87,2.0,76.8,Rural,Clear,-56.57,Excellent
884.4,1548.99,33.29,8.07,0.64,43.01,1.76,2.0,68.2,Suburban,Storm,-88.34,Fair
688.85,14.02,29.23,10.58,1.06,46.62,2.04,8.0,81.5,Urban,Rain,-52.25,Excellent
695.1,925.88,42.18,16.42,4.09,11.69,1.89,6.0,70.1,Dense Urban,Rain,-116.71,Poor
906.19,30.31,23.2,3.75,2.67,26.8,,6.0,74.2,Urban,Fog,-78.16,Good
2427.35,343.8,36.47,17.29,,14.63,2.19,8.0,71.8,Urban,Clear,-107.08,Poor
702.31,2582.89,29.13,11.09,3.26,14.9,2.48,2.0,73.1,Rural,Rain,-66.89,Excellent
5813.87,106.2,37.08,17.2,4.21,32.34,1.52,5.0,34.2,Indoor,Rain,-111.09,Poor
2118.42,3213.04,31.06,5.21,1.64,49.43,1.98,3.0,43.9,Indoor,Rain,-185.5,Poor
876.81,816.35,42.83,2.87,3.81,40.24,1.98,1.0,91.7,Rural,Clear,-42.5,Excellent
2409.19,64.93,29.14,11.94,4.2,31.5,1.5,5.0,43.1,Suburban,Clear,-60.37,Excellent
3498.93,18.04,17.9,10.43,1.74,43.45,2.45,9.0,33.9,Dense Urban,Clear,-95.25,Fair
1804.35,1587.12,29.77,13.76,4.62,35.25,2.22,4.0,66.0,Suburban,Fog,-93.15,Fair
672.31,172.3,23.65,11.62,2.01,13.42,1.49,2.0,51.7,Rural,Rain,-45.95,Excellent
724.37,15.71,31.68,10.23,0.53,35.07,2.48,2.0,86.0,Rural,Clear,-14.62,Excellent
5027.17,18.98,45.35,16.44,3.79,13.1,1.49,0.0,27.3,Rural,Clear,-8.67,Excellent
820.21,4071.92,20.16,7.17,0.87,24.91,1.53,1.0,31.5,Suburban,Clear,-112.31,Poor
2582.77,45.27,17.48,6.34,1.03,24.7,1.22,10.0,94.2,Dense Urban,Storm,-126.65,Poor
1780.81,4062.57,21.71,14.86,3.28,49.45,1.35,0.0,37.1,Rural,Clear,-71.41,Good
3516.88,689.33,30.31,7.63,2.53,15.1,1.3,7.0,43.3,Urban,Clear,-130.93,Poor
705.88,64.72,17.96,11.01,0.4,43.9,2.41,4.0,49.1,Indoor,Storm,-108.04,Poor
4980.64,108.56,44.86,11.82,4.0,22.14,2.31,3.0,10.0,Indoor,Clear,-100.18,Poor
2618.84,1250.84,37.79,6.71,0.1,29.22,2.09,8.0,65.3,Urban,Clear,-133.57,Poor
2091.21,149.68,41.64,7.69,0.96,45.48,1.7,5.0,28.1,Suburban,Rain,-63.67,Excellent
897.65,15.91,27.78,2.65,3.13,26.81,2.18,2.0,67.0,Suburban,Rain,-38.62,Excellent
5793.24,41.71,44.92,,3.85,37.06,1.83,7.0,24.4,Urban,Clear,-71.74,Good
1801.28,2099.16,41.65,7.22,2.28,45.35,2.45,6.0,69.4,Dense Urban,Fog,-150.2,Poor
2098.81,756.75,44.17,2.27,2.26,17.95,1.24,2.0,50.8,Suburban,Clear,-82.24,Good
1786.48,225.02,17.89,15.17,4.7,23.21,1.21,0.0,51.7,Rural,Clear,-49.13,Excellent
895.47,45.98,42.65,16.17,,34.31,1.69,1.0,67.3,Rural,Clear,-4.2,Excellent
2124.5,190.94,31.1,4.84,2.74,24.92,2.29,5.0,72.8,Urban,Clear,-101.15,Poor
850.17,1346.11,21.93,11.69,3.22,27.69,2.09,2.0,56.8,Suburban,Clear,-92.03,Fair
724.98,16.6,23.67,9.07,4.64,38.59,1.62,7.0,54.7,Indoor,Clear,-74.62,Good
903.01,4840.04,22.51,4.05,3.82,44.71,1.33,2.0,44.9,Suburban,Clear,-114.09,Poor
866.13,2091.57,20.92,2.4,0.59,25.08,1.93,5.0,63.0,Urban,Clear,-141.85,Poor
2087.62,72.14,28.82,12.62,3.83,20.65,1.93,11.0,83.0,Dense Urban,Rain,-110.0,Poor
5017.42,2236.97,43.42,3.28,3.11,39.28,1.24,6.0,65.5,Dense Urban,Rain,-163.09,Poor
835.86,691.71,30.18,16.26,3.87,33.88,2.28,2.0,32.4,Rural,Fog,-42.77,Excellent
671.17,628.74,22.04,14.63,0.49,39.72,2.18,8.0,55.3,Dense Urban,Rain,-135.98,Poor
829.64,23.83,43.84,13.59,4.6,47.6,1.85,8.0,42.0,Urban,Clear,-37.34,Excellent
2371.3,2786.01,23.38,15.48,3.97,19.18,1.42,5.0,32.9,Urban,Fog,-141.82,Poor
926.82,164.23,43.8,3.71,4.24,40.34,1.89,5.0,49.5,Dense Urban,Clear,-91.79,Fair
2130.0,1471.93,29.21,12.03,4.4,20.87,2.02,1.0,63.1,Suburban,Clear,-90.95,Fair
715.73,64.33,18.8,5.3,0.48,19.83,2.38,1.0,68.2,Rural,Clear,-42.35,Excellent
1776.49,67.81,21.77,10.32,3.99,38.8,1.51,0.0,64.7,Rural,Clear,-36.83,Excellent
2123.94,4014.83,43.02,7.74,3.5,21.46,2.22,6.0,41.1,Urban,Clear,-134.56,Poor
2114.63,219.01,46.36,3.96,3.4,10.51,1.85,3.0,36.7,Urban,Clear,-85.13,Fair
2389.93,14.51,30.42,13.75,1.91,26.88,1.27,12.0,29.3,Dense Urban,Clear,-82.39,Good
3500.14,1801.14,47.89,6.83,1.32,24.47,2.24,3.0,52.5,Indoor,Clear,-158.07,Poor
2109.71,41.05,23.73,3.97,3.04,10.96,1.95,3.0,66.2,Urban,Rain,-87.35,Fair
4971.44,2353.59,28.16,16.07,1.43,23.98,1.26,4.0,64.3,Urban,Rain,-142.92,Poor
2400.09,2974.7,30.3,4.15,4.59,24.45,2.09,1.0,36.3,Rural,Clear,-74.92,Good
913.94,15.72,23.88,5.29,3.04,31.27,1.93,8.0,87.7,Urban,Fog,-68.2,Excellent
881.29,373.21,31.89,2.38,1.79,29.69,1.72,3.0,59.6,Urban,Clear,-104.28,Poor
1796.63,4457.63,29.77,10.3,0.11,16.56,1.32,6.0,70.0,Urban,Clear,-150.4,Poor
2401.95,3254.8,42.78,15.2,0.8,37.88,2.36,7.0,65.7,Urban,Clear,-130.09,Poor
914.13,261.59,31.62,,1.45,46.54,2.41,4.0,26.8,Urban,Fog,-83.48,Good
5827.87,686.48,20.27,13.9,0.81,41.79,2.42,6.0,69.7,Dense Urban,Clear,-150.9,Poor
2120.9,427.45,27.6,9.54,2.73,16.35,2.02,4.0,84.5,Indoor,Rain,-148.21,Poor
5007.29,35.37,43.28,16.23,3.61,32.11,1.28,7.0,35.6,Urban,Storm,-68.35,Excellent
2605.02,578.66,22.76,14.27,4.42,17.54,2.03,7.0,36.1,Indoor,Clear,-159.36,Poor
1806.19,79.28,43.43,16.23,3.22,25.96,2.28,6.0,63.5,Urban,Clear,-64.4,Excellent
902.71,81.69,19.75,5.83,2.89,45.08,2.49,1.0,56.6,Suburban,Clear,-60.69,Excellent
3473.56,136.0,21.32,11.62,1.2,14.68,1.93,2.0,65.3,Suburban,Fog,-81.46,Good
1811.9,1995.26,17.35,2.35,4.37,47.64,1.66,8.0,34.4,Dense Urban,Fog,-176.28,Poor
912.98,43.98,21.38,10.34,1.58,23.49,1.79,8.0,68.9,Urban,Clear,-81.2,Good
5800.75,47.52,28.13,16.03,3.52,34.76,1.95,8.0,23.7,Dense Urban,Storm,-106.52,Poor
2122.22,10.47,45.7,13.82,3.74,29.75,2.27,7.0,48.4,Urban,Clear,-31.93,Excellent
710.35,26.2,40.03,14.42,0.22,32.14,2.43,0.0,61.3,Rural,Rain,-0.52,Excellent
2091.76,4379.52,35.9,7.07,3.25,35.08,1.49,4.0,40.7,Urban,Clear,-139.5,Poor
2071.18,148.25,46.87,8.37,4.66,13.55,1.52,6.0,56.4,Urban,Clear,-77.32,Good
4973.55,33.63,20.46,17.78,3.47,18.01,2.29,10.0,76.3,Dense Urban,Clear,-101.56,Poor
3491.11,4039.67,22.58,6.28,2.38,40.13,1.8,12.0,39.0,Dense Urban,Rain,-200.86,Poor
847.73,11.84,43.56,3.38,2.01,40.01,1.56,2.0,47.5,Rural,Clear,-4.05,Excellent
830.01,202.65,46.46,8.22,0.75,32.21,1.36,8.0,10.0,Urban,Rain,-85.14,Fair
2581.36,1484.56,17.28,14.28,1.12,47.84,1.44,,58.3,Urban,Rain,-139.21,Poor
683.81,1218.52,23.32,10.38,4.45,11.76,1.63,8.0,81.0,Dense Urban,Rain,-154.85,Poor
1816.83,32.41,29.03,,1.95,46.09,1.24,5.0,34.5,Urban,Clear,-72.15,Good
866.28,813.4,21.51,12.64,0.81,27.33,2.46,1.0,45.3,Rural,Clear,-55.34,Excellent
692.98,,38.27,13.77,1.99,46.49,1.91,2.0,75.5,Rural,Clear,-31.38,Excellent
5780.34,664.58,35.53,11.64,2.19,28.65,2.27,1.0,83.9,Suburban,Clear,-86.78,Fair
676.65,52.26,28.81,4.74,1.7,40.81,1.77,10.0,53.8,Dense Urban,Clear,-96.36,Fair
675.23,1542.23,20.67,5.06,0.08,49.36,2.45,6.0,36.7,Indoor,Clear,-172.51,Poor
5793.48,323.12,30.29,8.52,1.84,44.96,1.75,5.0,46.2,Suburban,Clear,-92.29,Fair
822.73,905.66,47.07,7.73,4.48,13.57,1.72,8.0,65.8,Urban,Clear,-102.88,Poor
4990.02,3434.64,42.34,3.63,1.37,41.39,2.15,6.0,41.6,Dense Urban,Storm,-171.9,Poor
727.69,2036.86,45.63,15.75,1.81,28.53,1.93,0.0,45.3,Rural,Clear,-33.5,Excellent
850.45,1292.72,39.86,16.79,3.58,21.56,1.6,8.0,40.5,Urban,Clear,-108.85,Poor
869.36,60.5,21.4,4.3,0.78,38.49,1.2,1.0,73.7,Rural,Clear,-40.84,Excellent
3477.76,13.99,22.02,11.0,4.21,27.36,1.36,4.0,58.0,Urban,Clear,-58.71,Excellent
2586.08,355.59,19.64,8.88,2.73,33.52,1.54,3.0,43.9,Indoor,Clear,-147.1,Poor
2126.79,12.39,37.82,8.54,2.67,41.29,1.34,11.0,56.9,Dense Urban,Clear,-63.92,Excellent
893.01,846.4,23.38,11.29,0.64,42.9,1.87,8.0,64.2,Urban,Fog,-125.39,Poor
708.9,974.23,21.12,9.28,0.34,28.69,1.64,2.0,22.6,Indoor,Clear,-154.25,Poor
2428.57,330.58,44.43,9.22,4.24,27.62,2.11,2.0,63.6,Suburban,Storm,-67.07,Excellent
903.05,28.43,19.67,4.3,1.11,26.52,1.82,7.0,80.6,Urban,Rain,-82.24,Good
2388.32,2309.65,17.99,13.37,2.18,37.07,1.47,1.0,40.2,Suburban,Clear,-109.89,Poor
2601.92,405.86,28.8,11.28,2.54,47.91,1.77,3.0,40.3,Suburban,Clear,-80.67,Good
4973.28,245.29,42.31,2.9,0.12,20.72,2.15,9.0,77.0,Urban,Clear,-114.13,Poor
2076.74,340.34,43.86,8.01,3.52,21.43,1.88,6.0,17.4,Urban,Clear,-93.88,Fair
670.43,16.74,21.94,5.48,2.71,35.92,1.75,0.0,98.0,Rural,Clear,-18.81,Excellent
923.05,996.36,22.33,8.24,4.54,27.92,1.67,4.0,33.9,Indoor,Storm,-164.15,Poor
5010.28,14.59,38.54,3.9,0.65,11.89,2.1,3.0,45.5,Suburban,Rain,-54.26,Excellent
2387.9,363.96,43.35,11.77,0.84,12.9,2.13,2.0,36.0,Suburban,Clear,-66.77,Excellent
2583.27,28.63,23.34,11.3,,34.18,2.02,1.0,31.2,Suburban,Clear,-51.96,Excellent
2110.98,36.36,46.58,11.48,1.52,25.11,1.94,3.0,62.1,Suburban,Rain,-34.41,Excellent
875.17,42.61,43.63,7.86,4.71,34.97,1.67,9.0,64.9,Urban,Rain,-61.81,Excellent
4987.95,10.93,22.25,13.55,2.84,40.11,2.17,3.0,41.2,Urban,Clear,-57.03,Excellent
3489.29,2552.97,41.4,15.48,1.35,23.66,2.34,8.0,26.3,Urban,Clear,-134.58,Poor
5821.25,1481.18,39.28,8.66,1.07,33.27,1.36,3.0,45.5,Urban,Rain,-132.43,Poor
5023.6,12.15,18.72,8.93,2.61,26.9,2.4,1.0,64.4,Suburban,Storm,-58.5,Excellent
924.84,14.25,28.32,16.38,1.01,46.91,1.5,2.0,54.6,Suburban,Clear,-24.69,Excellent
887.59,1297.06,23.03,11.68,0.4,48.6,1.37,6.0,60.1,Indoor,Clear,-164.36,Poor
877.22,10.43,18.89,10.15,3.12,37.03,2.07,1.0,48.3,Rural,Rain,-19.36,Excellent
5796.4,184.42,31.58,13.79,3.34,25.26,1.77,3.0,10.0,Urban,Clear,-97.87,Fair
2387.75,19.48,42.6,6.96,0.37,47.96,2.47,5.0,22.7,Dense Urban,Clear,-59.21,Excellent
2123.03,395.18,38.77,2.52,2.53,23.42,1.74,5.0,76.3,Urban,Clear,-108.0,Poor
5772.2,4948.7,20.67,13.23,2.86,31.18,2.05,5.0,59.7,Indoor,Clear,-199.85,Poor
2608.03,29.13,42.42,12.34,3.18,47.61,1.39,6.0,33.6,Indoor,Clear,-74.38,Good
5824.37,3819.98,21.67,8.86,0.04,34.34,1.75,11.0,53.0,Dense Urban,Clear,-202.84,Poor
5828.6,2167.21,29.02,2.73,3.97,26.04,2.09,2.0,90.7,Suburban,Fog,-118.05,Poor
709.01,4579.24,36.52,17.04,2.64,11.28,1.36,4.0,43.1,Indoor,Clear,-168.41,Poor
1827.0,1169.28,46.79,13.69,2.06,41.61,1.95,4.0,55.1,Urban,Clear,-99.7,Fair
3474.54,2055.9,43.34,8.17,2.2,13.46,2.44,4.0,67.5,Indoor,Clear,-167.97,Poor
4991.56,402.53,21.99,5.22,2.27,13.61,1.59,3.0,42.3,Suburban,Clear,-105.8,Poor
820.52,2191.66,27.7,10.89,4.26,19.09,1.98,0.0,98.0,Rural,Storm,-62.72,Excellent
1828.87,20.0,,2.34,3.44,35.22,2.02,7.0,52.0,Urban,Clear,-50.77,Excellent
2424.16,1003.93,21.91,9.32,1.43,45.73,2.29,4.0,78.4,Urban,Rain,-128.73,Poor
3471.68,497.63,46.04,17.81,0.06,10.33,1.4,8.0,70.5,Urban,Clear,-106.43,Poor
821.09,14.51,36.37,13.83,1.88,37.12,2.13,4.0,71.0,Indoor,Rain,-53.96,Excellent
2592.02,61.23,35.92,17.76,0.95,30.86,1.92,8.0,68.6,Dense Urban,Storm,-97.51,Fair
885.51,38.31,36.6,8.34,3.03,34.84,1.91,0.0,23.5,Rural,Fog,-16.57,Excellent
920.82,124.04,45.89,3.39,3.2,37.6,2.03,0.0,27.6,Rural,Storm,-23.39,Excellent
2379.63,34.3,44.04,17.44,1.61,36.36,2.23,4.0,86.3,Urban,Fog,-46.68,Excellent
2117.44,55.18,30.63,15.84,4.32,43.22,2.13,9.0,35.9,Urban,Rain,-79.43,Good
2603.27,62.95,40.14,11.0,4.91,14.36,1.27,1.0,92.1,Rural,Rain,-28.81,Excellent
1792.64,415.79,43.21,5.68,2.35,18.94,1.82,1.0,27.3,Rural,Clear,-44.08,Excellent
4978.74,23.12,35.99,13.82,2.36,43.78,2.07,3.0,47.4,Suburban,Clear,-37.03,Excellent
729.86,44.74,19.75,2.31,0.39,12.85,1.21,4.0,58.6,Suburban,Fog,-69.99,Excellent
5007.08,71.77,46.85,16.63,4.39,49.22,1.59,0.0,47.8,Rural,Rain,-15.97,Excellent
696.36,162.94,24.51,13.15,0.72,28.19,1.35,4.0,70.6,Indoor,Rain,-121.89,Poor
3492.27,12.67,39.01,4.81,3.14,24.14,1.61,4.0,94.4,Indoor,Rain,-69.27,Excellent
1824.34,4975.56,35.47,4.63,3.23,27.75,2.19,1.0,40.3,Rural,Rain,-74.09,Good
1819.27,64.68,21.92,2.93,1.73,21.41,2.22,8.0,35.6,Urban,Clear,-102.08,Poor
718.67,59.64,45.93,14.33,0.5,43.03,2.07,9.0,63.4,Dense Urban,Fog,-70.94,Good
3506.97,314.47,18.61,4.05,3.27,34.64,1.38,3.0,64.6,Urban,Clear,-119.69,Poor
873.28,2018.4,45.69,10.32,1.71,21.52,2.14,4.0,35.3,Urban,Rain,-112.88,Poor
2587.96,170.97,47.82,7.73,0.76,41.2,2.15,2.0,89.3,Suburban,Clear,-52.63,Excellent
3512.22,46.95,37.69,10.79,4.57,38.34,1.26,10.0,39.0,Dense Urban,Clear,-95.09,Fair
4994.27,336.73,44.18,13.12,2.43,33.49,1.92,2.0,69.6,Rural,Fog,-41.93,Excellent
3506.0,201.12,44.19,5.36,3.5,27.74,1.85,7.0,55.8,Urban,Clear,-96.43,Fair
1829.89,138.63,44.15,5.21,1.5,43.91,2.04,1.0,76.0,Suburban,Fog,-53.39,Excellent
3529.07,4523.46,41.9,7.4,0.74,18.3,2.1,11.0,35.2,Dense Urban,Clear,-182.23,Poor
5000.76,4875.73,46.12,16.96,0.17,46.26,1.29,13.0,67.4,Dense Urban,Storm,-181.37,Poor
1804.43,328.6,41.31,9.1,1.72,33.86,1.52,9.0,15.0,Urban,Clear,-100.41,Poor
873.84,15.26,45.36,6.11,0.25,47.79,2.27,1.0,52.6,Suburban,Fog,-15.97,Excellent
5029.14,338.92,22.1,10.31,4.95,47.42,1.87,4.0,42.3,Urban,Storm,-120.16,Poor
866.72,3721.29,32.43,4.89,1.17,13.34,2.26,4.0,63.7,Urban,Fog,-142.38,Poor
2373.91,3150.77,32.33,14.24,0.63,23.38,1.53,8.0,92.3,Urban,Clear,-145.76,Poor
889.36,38.16,43.31,7.11,4.11,36.21,2.42,6.0,38.9,Urban,Storm,-55.68,Excellent
873.79,32.59,32.51,17.72,4.0,15.16,1.8,1.0,,Rural,Clear,-11.73,Excellent
3516.1,25.76,30.14,12.08,4.98,31.88,1.83,5.0,45.3,Urban,Rain,-66.62,Excellent
864.53,1631.45,43.12,11.79,1.22,23.66,1.58,3.0,83.2,Suburban,Clear,-77.63,Good
2610.08,210.21,38.54,6.65,0.24,49.98,2.23,3.0,62.9,Urban,Clear,-87.48,Fair
2594.92,81.73,38.06,4.85,3.62,18.02,2.11,6.0,47.3,Dense Urban,Clear,-100.87,Poor
694.19,75.27,43.2,3.24,4.04,14.43,2.32,9.0,71.0,Urban,Clear,-73.5,Good
868.54,55.38,42.08,15.69,1.75,28.22,1.75,6.0,33.8,Indoor,Clear,-80.37,Good
3487.63,2410.82,42.45,17.67,4.68,19.76,2.26,5.0,60.3,Suburban,Clear,-90.53,Fair
2411.09,127.56,44.0,5.44,3.86,42.36,1.77,4.0,51.0,Suburban,Clear,-59.45,Excellent
863.57,45.56,21.5,17.89,2.05,10.7,1.59,4.0,69.0,Suburban,Storm,-57.44,Excellent
5820.67,826.73,39.16,11.85,3.6,36.09,2.48,2.0,16.3,Rural,Clear,-56.28,Excellent
889.19,518.89,19.98,14.59,0.0,26.3,1.55,1.0,39.6,Rural,Clear,-53.96,Excellent
714.51,852.61,43.45,17.81,1.7,47.26,1.46,7.0,49.4,Indoor,Clear,-131.76,Poor
5776.39,1653.62,19.98,17.6,0.85,46.55,1.96,4.0,24.0,Indoor,Clear,-177.85,Poor
678.28,18.76,37.15,11.09,1.53,42.03,2.2,0.0,19.4,Rural,Rain,-0.64,Excellent
2395.04,10.12,44.68,10.43,1.05,27.18,1.38,2.0,77.9,Rural,Clear,-6.4,Excellent
5773.31,13.69,34.35,12.81,3.58,27.05,2.24,3.0,51.7,Suburban,Clear,-37.19,Excellent
2426.86,808.38,20.73,5.52,4.15,10.85,2.46,12.0,82.5,Dense Urban,Clear,-171.47,Poor
2424.11,3327.96,30.02,8.22,0.9,47.11,1.87,8.0,54.6,Dense Urban,Clear,-173.81,Poor
1772.94,78.28,41.93,15.24,2.09,49.09,2.46,3.0,78.7,Indoor,Clear,-85.29,Fair
870.3,1283.57,45.24,3.76,2.99,18.43,1.38,6.0,32.6,Indoor,Clear,-153.63,Poor
2400.53,929.07,48.75,9.34,0.72,28.91,1.94,1.0,68.6,Suburban,Clear,-74.0,Good
5012.12,4362.74,41.01,7.05,1.8,33.14,2.35,1.0,26.3,Suburban,Clear,-106.4,Poor
723.22,186.49,22.75,11.32,0.98,31.59,1.79,2.0,63.5,Rural,Clear,-43.85,Excellent
5004.62,28.07,45.44,5.03,2.81,29.19,2.27,8.0,98.0,Urban,Clear,-67.86,Excellent
2076.98,1162.35,21.09,16.85,4.51,34.25,2.05,13.0,48.2,Dense Urban,Clear,-160.29,Poor
2370.15,1621.69,22.32,14.67,2.31,41.58,1.54,13.0,61.4,Dense Urban,Clear,-174.25,Poor
849.82,810.93,23.06,3.3,3.36,26.57,2.37,5.0,49.7,Suburban,Clear,-99.04,Fair
2626.95,2136.49,30.62,7.21,3.6,12.98,1.68,4.0,62.6,Suburban,Fog,-112.74,Poor
854.36,100.42,45.88,2.69,4.95,21.03,1.26,6.0,53.8,Dense Urban,Clear,-87.92,Fair
892.38,729.69,44.66,3.97,3.14,14.78,1.5,1.0,98.0,Suburban,Rain,-73.33,Good
3471.86,51.54,46.67,8.78,0.93,34.16,2.24,4.0,62.4,Suburban,Rain,-48.15,Excellent
724.9,160.3,45.85,7.27,0.05,30.36,2.13,13.0,37.5,Dense Urban,Storm,-107.2,Poor
2089.63,45.13,20.94,10.33,0.69,15.99,2.07,1.0,42.6,Suburban,Storm,-68.09,Excellent
2412.29,26.13,47.39,6.65,0.62,23.59,1.31,1.0,82.7,Rural,Fog,-16.26,Excellent
861.65,12.5,43.77,7.31,2.62,46.52,2.2,2.0,49.1,Indoor,Fog,-46.4,Excellent
885.23,648.86,44.55,17.33,2.2,44.86,1.99,5.0,80.2,Indoor,Clear,-121.56,Poor
1773.83,2303.22,19.62,16.0,3.07,33.47,1.37,13.0,74.5,Dense Urban,Clear,-183.14,Poor
2593.1,70.57,44.24,2.21,0.39,10.68,1.77,4.0,48.0,Urban,Rain,-83.86,Good
5789.03,144.04,43.74,11.64,4.1,41.56,1.61,6.0,43.0,Dense Urban,Clear,-101.32,Poor
5012.02,10.22,22.78,4.27,0.54,12.07,2.13,11.0,65.6,Dense Urban,Rain,-101.96,Poor
869.19,130.1,23.01,14.63,3.42,46.62,1.74,9.0,33.7,Urban,Clear,-91.73,Fair
683.35,57.45,42.4,15.38,3.46,33.3,2.09,2.0,78.7,Suburban,Clear,-21.28,Excellent
701.69,354.61,22.23,12.57,2.84,20.18,2.39,2.0,42.8,Indoor,Clear,-132.62,Poor
2372.44,2831.79,28.44,12.77,0.87,13.81,1.76,2.0,52.2,Suburban,Clear,-107.89,Poor
832.86,232.32,38.21,15.62,3.06,39.48,2.34,0.0,62.2,Rural,Clear,-19.63,Excellent
915.71,665.64,44.35,3.63,4.62,15.32,1.66,1.0,63.2,Rural,Clear,-39.12,Excellent
5017.6,801.82,24.2,13.32,4.03,28.63,1.61,5.0,,Suburban,Fog,-103.18,Poor
5016.58,25.79,19.66,3.92,0.65,10.86,1.4,2.0,15.6,Suburban,Clear,-76.58,Good
4978.54,86.18,43.36,2.68,1.66,46.54,2.15,0.0,42.8,Rural,Clear,-35.53,Excellent
903.06,20.2,48.23,12.22,3.95,40.9,2.17,4.0,61.2,Suburban,Storm,-17.55,Excellent
2595.36,154.73,40.94,6.35,0.98,16.32,1.37,3.0,74.4,Suburban,Clear,-66.46,Excellent
2629.49,2481.75,29.88,2.73,3.57,35.55,2.41,5.0,26.4,Indoor,Clear,-181.97,Poor
859.24,198.62,43.35,3.01,4.59,29.1,1.69,6.0,53.6,Urban,Rain,-85.87,Fair
2426.11,170.27,16.54,17.68,1.42,13.47,2.05,4.0,21.7,Suburban,Fog,-85.09,Fair
2378.72,36.72,37.66,5.57,0.47,28.63,2.32,11.0,10.0,Dense Urban,Fog,-94.18,Fair
1797.05,68.75,36.0,8.53,2.3,24.83,1.86,4.0,98.0,Indoor,Clear,-99.44,Fair
3516.3,3371.74,36.63,6.26,1.57,19.23,2.35,2.0,45.0,Rural,Clear,-78.15,Good
2592.07,65.73,45.01,16.97,2.54,47.44,2.19,8.0,58.3,Urban,Clear,-64.85,Excellent
2407.95,941.87,46.21,3.18,1.51,19.08,1.69,1.0,70.5,Suburban,Rain,-86.46,Fair
3500.7,12.99,42.47,10.69,2.52,36.61,1.78,5.0,90.7,Urban,Clear,-42.6,Excellent
3529.52,22.2,19.74,9.64,0.79,48.94,2.03,9.0,50.6,Urban,Fog,-84.57,Good
2380.43,69.29,45.66,13.07,0.86,10.82,2.34,1.0,40.5,Rural,Fog,-23.11,Excellent
926.12,2709.62,43.61,16.37,1.92,15.59,2.48,9.0,42.9,Urban,Rain,-125.18,Poor
3494.09,39.07,35.67,2.01,0.45,38.08,1.41,0.0,49.9,Rural,Clear,-33.87,Excellent
3498.08,915.09,36.27,2.26,4.92,31.97,2.01,13.0,54.8,Dense Urban,Fog,-163.44,Poor
5801.72,28.32,18.21,8.04,1.61,42.59,2.38,3.0,55.0,Suburban,Rain,-71.7,Good
835.92,450.86,22.32,8.43,1.0,29.16,1.56,2.0,42.7,Suburban,Clear,-79.59,Good
2127.82,383.56,48.41,16.25,3.52,46.63,1.85,6.0,32.9,Dense Urban,Rain,-102.56,Poor
5824.69,477.11,19.75,6.46,2.11,18.48,2.11,4.0,88.0,Suburban,Clear,-109.84,Poor
2428.37,59.25,43.99,15.57,4.79,29.47,1.81,8.0,54.2,Urban,Rain,-65.82,Excellent
5829.82,27.38,23.65,3.43,0.26,44.36,1.42,0.0,37.2,Rural,Clear,-48.99,Excellent
710.19,2469.44,42.41,3.24,2.4,15.43,1.45,1.0,16.1,Rural,Clear,-57.25,Excellent
697.1,344.28,23.84,13.92,1.17,33.13,1.97,6.0,59.1,Indoor,Clear,-132.55,Poor
3521.04,37.35,19.64,14.2,3.52,26.29,2.49,0.0,49.8,Rural,Clear,-33.16,Excellent
1771.43,130.49,39.17,3.51,2.73,33.57,1.35,3.0,37.1,Suburban,Clear,-60.54,Excellent
2420.06,15.17,41.63,17.89,1.19,16.1,1.84,8.0,70.4,Dense Urban,Clear,-59.9,Excellent
2099.84,191.88,18.25,3.29,2.63,33.16,1.31,9.0,30.4,Urban,Clear,-123.34,Poor
2110.39,139.34,24.41,16.15,3.89,33.44,2.19,3.0,56.9,Suburban,Fog,-65.81,Excellent
5792.44,22.82,19.99,5.1,4.87,33.48,2.25,3.0,64.8,Suburban,Clear,-63.21,Excellent
692.12,158.25,45.74,2.35,1.13,17.13,2.11,1.0,33.2,Suburban,Rain,-51.84,Excellent
3471.9,532.2,24.2,15.68,0.27,25.6,2.06,3.0,57.2,Suburban,Clear,-89.2,Fair
4995.43,3206.03,16.71,4.95,2.83,28.16,2.27,3.0,49.5,Suburban,Fog,-134.34,Poor
2594.5,790.45,46.1,10.47,1.54,36.28,2.13,5.0,66.6,Urban,Fog,-105.33,Poor
1783.49,227.02,17.76,15.23,3.72,47.97,1.99,5.0,69.6,Suburban,Rain,-82.81,Good
834.84,1197.69,27.23,4.48,3.84,13.28,2.13,13.0,10.0,Dense Urban,Clear,-170.73,Poor
2605.05,56.96,21.4,13.86,0.95,47.94,1.34,8.0,63.7,Dense Urban,Clear,-103.98,Poor
2089.07,638.3,22.72,10.5,2.24,44.35,1.65,4.0,63.8,Urban,Clear,-119.45,Poor
869.82,10.32,41.94,6.09,0.12,25.55,2.06,2.0,90.4,Rural,Clear,-6.78,Excellent
1776.68,15.7,21.66,2.66,3.63,32.38,2.24,9.0,69.0,Urban,Clear,-78.96,Good
5804.66,484.03,37.12,6.21,2.73,20.53,1.47,4.0,58.8,Suburban,Clear,-91.08,Fair
879.6,33.09,36.27,8.8,4.9,29.83,1.63,2.0,47.0,Suburban,Rain,-31.14,Excellent
851.69,722.54,41.04,,1.69,42.65,1.78,4.0,31.8,Urban,Clear,-98.21,Fair
2603.15,523.09,20.34,13.47,3.28,10.3,2.39,6.0,62.8,Indoor,Clear,-157.72,Poor
858.54,14.85,33.09,8.56,2.86,45.66,1.68,2.0,42.7,Suburban,Fog,-24.6,Excellent
5795.65,114.64,18.95,8.09,2.77,31.25,1.38,0.0,40.7,Rural,Rain,-62.87,Excellent
5000.57,451.31,45.12,15.0,2.12,34.55,2.33,0.0,51.6,Rural,Clear,-39.77,Excellent
5780.86,842.69,44.41,9.42,1.86,29.04,1.72,5.0,,Suburban,Clear,-93.31,Fair
5797.78,1594.36,31.78,17.77,1.15,19.74,2.32,3.0,75.6,Urban,Storm,-137.13,Poor
892.38,77.96,38.39,11.19,3.46,25.11,1.31,0.0,59.3,Rural,Clear,-15.45,Excellent
909.97,1812.47,19.33,17.0,3.52,30.09,2.43,7.0,60.4,Dense Urban,Rain,-152.34,Poor
1796.09,90.39,45.1,16.12,3.33,27.08,2.44,7.0,47.5,Indoor,Clear,-88.87,Fair
2116.76,10.44,41.58,8.62,4.89,33.39,1.57,2.0,45.8,Indoor,Rain,-48.89,Excellent
4995.56,442.98,19.57,11.8,1.63,11.26,1.25,6.0,49.7,Urban,Rain,-136.34,Poor
3484.15,44.9,38.53,4.25,0.81,38.54,1.72,1.0,58.9,Rural,Rain,-35.18,Excellent
2586.42,21.66,23.06,10.43,0.3,31.9,1.5,7.0,30.9,Dense Urban,Clear,-84.76,Good
4972.72,49.81,38.93,8.78,0.66,46.5,2.21,6.0,35.4,Indoor,Fog,-102.94,Poor
2602.4,1715.99,35.92,9.74,1.33,29.76,1.26,5.0,74.4,Suburban,Clear,-102.92,Poor
1819.85,2929.96,26.53,4.95,0.3,11.47,1.35,3.0,56.3,Urban,Clear,-149.49,Poor
2116.15,3940.85,33.91,15.86,4.72,42.48,2.06,3.0,10.0,Suburban,Clear,-97.92,Fair
2396.27,65.66,43.32,3.28,1.63,47.66,2.26,9.0,64.8,Urban,Clear,-80.67,Good
681.77,170.03,21.17,14.5,4.65,34.54,1.24,8.0,56.1,Dense Urban,Rain,-112.26,Poor
3521.81,1465.53,18.82,17.11,1.88,25.29,1.53,3.0,58.8,Suburban,Clear,-109.21,Poor
2573.41,72.11,27.96,3.7,2.7,31.95,1.99,2.0,54.5,Rural,Clear,-46.95,Excellent
3493.95,109.52,30.23,,2.97,44.74,1.57,5.0,88.7,Suburban,Fog,-75.11,Good
2421.4,43.69,20.01,11.36,1.99,13.36,2.05,3.0,54.5,Suburban,Rain,-66.36,Excellent
3493.59,350.59,29.6,17.86,1.79,12.23,2.01,2.0,10.0,Suburban,Clear,-77.62,Good
5777.07,601.65,21.53,15.85,3.32,43.34,1.86,4.0,83.2,Indoor,Clear,-154.88,Poor
2385.96,72.35,43.67,8.63,4.51,16.72,2.22,0.0,75.6,Rural,Clear,-21.1,Excellent
2106.0,11.63,43.38,17.49,3.74,38.17,1.29,1.0,41.5,Suburban,Clear,-6.75,Excellent
829.12,968.71,25.62,7.3,2.2,46.57,1.34,8.0,44.4,Urban,Rain,-127.63,Poor
3509.3,461.51,37.56,7.44,3.93,19.63,1.37,8.0,74.0,Urban,Clear,-114.69,Poor
5796.29,39.0,20.14,10.1,3.16,47.44,2.47,5.0,98.0,Suburban,Rain,-77.99,Good
2590.06,70.67,29.78,14.47,2.56,42.38,1.56,7.0,65.8,Dense Urban,Fog,-95.91,Fair
4984.46,3830.19,25.89,5.07,4.42,37.38,1.71,5.0,40.6,Suburban,Clear,-126.42,Poor
5019.4,502.23,45.54,13.88,2.52,31.34,1.55,2.0,68.0,Rural,Clear,-46.17,Excellent
3493.8,404.74,32.8,2.04,2.2,18.91,2.16,7.0,40.8,Indoor,Clear,-158.48,Poor
2414.31,532.73,38.54,6.2,3.34,33.3,1.54,7.0,39.4,Dense Urban,Rain,-132.89,Poor
696.42,3767.19,22.39,17.59,2.17,11.84,1.94,5.0,51.4,Urban,Clear,-136.33,Poor
675.51,82.66,44.38,12.5,1.43,26.44,1.34,2.0,70.9,Suburban,Clear,-32.93,Excellent
896.43,57.3,43.51,9.4,2.58,35.69,2.26,4.0,75.4,Indoor,Rain,-78.86,Good
2100.46,103.95,21.91,13.71,4.69,45.53,2.44,5.0,27.8,Suburban,Clear,-68.44,Excellent
3497.47,1451.23,20.63,8.96,2.51,17.8,1.66,9.0,42.0,Urban,Clear,-152.81,Poor
2118.97,21.21,37.18,3.71,4.95,11.67,1.33,2.0,21.5,Indoor,Clear,-72.91,Good
724.65,36.16,26.94,9.96,4.1,10.14,1.65,13.0,76.3,Dense Urban,Clear,-94.73,Fair
917.21,41.31,42.49,17.29,2.43,42.62,1.41,9.0,62.5,Urban,Clear,-53.04,Excellent
5804.97,521.87,34.52,6.36,1.69,24.47,2.36,5.0,62.6,Urban,Rain,-126.57,Poor
5802.49,539.03,37.84,2.85,3.23,14.65,2.45,3.0,55.1,Suburban,Clear,-96.1,Fair
1808.68,100.86,28.97,13.86,4.77,42.17,1.58,9.0,60.2,Dense Urban,Clear,-98.92,Fair
4987.27,55.65,47.74,9.27,2.07,13.99,2.19,7.0,60.7,Indoor,Fog,-102.32,Poor
3518.71,1088.39,42.19,7.36,1.07,32.3,2.19,4.0,61.8,Indoor,Fog,-155.94,Poor
5821.41,12.18,42.05,9.8,0.65,35.89,2.21,8.0,38.2,,Clear,-55.73,Excellent
4986.03,985.9,34.58,16.88,2.58,46.07,1.32,6.0,72.7,Indoor,Clear,-155.42,Poor
2624.17,36.94,37.59,6.0,2.22,27.33,2.3,1.0,79.5,Rural,Rain,-30.17,Excellent
1820.92,2732.55,43.74,5.21,2.57,37.16,1.77,4.0,60.0,Suburban,Clear,-95.76,Fair
2595.47,130.78,24.41,10.54,2.43,10.59,2.27,12.0,50.5,Dense Urban,Fog,-134.14,Poor
1824.54,541.43,37.98,9.41,2.87,30.8,1.63,2.0,93.1,Indoor,Clear,-127.62,Poor
1777.23,21.21,20.6,4.4,1.57,27.74,2.39,3.0,69.8,Indoor,Rain,-91.77,Fair
2571.68,48.44,30.89,11.29,2.38,21.89,1.49,5.0,22.6,Urban,Rain,-76.88,Good
2390.87,777.9,24.05,11.19,2.14,46.79,1.44,3.0,68.2,Indoor,Clear,-153.15,Poor
2403.93,305.77,24.36,11.69,2.63,36.37,1.22,6.0,77.9,Urban,Fog,-115.03,Poor
1791.09,1200.87,34.71,8.62,2.25,32.62,1.57,7.0,51.7,Dense Urban,Clear,-143.78,Poor
2126.52,331.59,29.31,6.64,3.25,15.25,1.75,8.0,29.2,Urban,Rain,-118.87,Poor
685.28,344.04,27.57,7.25,3.55,37.23,2.2,3.0,79.8,Suburban,Clear,-73.32,Good
2586.87,2072.12,46.5,15.35,2.0,28.29,1.28,2.0,61.1,Rural,Clear,-50.73,Excellent
2408.09,140.03,32.44,12.0,3.66,38.02,1.49,9.0,79.7,Urban,Rain,-95.32,Fair
5770.23,2604.35,21.34,8.37,4.56,39.45,1.98,2.0,59.6,Indoor,Rain,-193.02,Poor
2413.65,101.06,42.09,11.81,3.84,42.94,2.2,4.0,21.2,Urban,Rain,-67.97,Excellent
2092.65,77.07,23.76,7.59,3.88,27.81,2.1,4.0,69.8,Urban,Clear,-84.94,Good
728.66,1269.51,46.52,15.8,3.66,45.07,2.2,2.0,68.9,Suburban,Storm,-59.29,Excellent
861.49,10.74,37.35,13.64,1.97,24.62,2.21,1.0,35.8,Suburban,Clear,-9.74,Excellent
1773.13,29.16,21.04,3.62,4.77,36.53,1.42,3.0,98.0,Indoor,Clear,-94.38,Fair
1775.56,15.62,38.97,2.9,0.96,24.33,1.57,0.0,36.7,Rural,Clear,-15.34,Excellent
1775.29,241.08,44.23,2.53,1.47,45.7,2.37,4.0,40.6,Urban,Clear,-86.8,Fair
1827.16,495.62,45.45,2.44,1.04,26.96,2.15,0.0,86.5,Rural,Storm,-49.16,Excellent
3511.04,10.67,31.44,9.95,2.42,18.4,2.45,7.0,28.3,Urban,Storm,-69.32,Excellent
845.66,27.28,19.44,4.89,3.74,49.35,2.46,1.0,53.2,Suburban,Rain,-42.62,Excellent
1782.03,65.55,20.12,12.79,1.29,22.04,1.2,0.0,41.3,Rural,Rain,-42.88,Excellent
872.42,62.25,46.18,9.72,4.8,46.35,1.97,2.0,54.7,Rural,Clear,-6.54,Excellent
1782.09,18.29,37.1,3.5,3.3,43.57,2.24,12.0,35.1,Dense Urban,Clear,-86.46,Fair
2612.4,29.28,43.17,2.09,4.68,31.5,2.04,2.0,95.2,Rural,Clear,-23.29,Excellent
715.8,1932.71,43.32,2.59,3.03,21.39,1.29,7.0,37.1,Indoor,Clear,-164.85,Poor
1787.68,777.76,43.11,,2.94,12.78,2.09,3.0,69.9,Suburban,Fog,-76.96,Good
700.29,62.97,35.66,11.39,4.82,20.13,1.81,2.0,26.2,Indoor,Storm,-84.0,Good
5783.38,51.4,27.67,7.65,4.73,45.49,1.95,1.0,51.5,Suburban,Rain,-61.81,Excellent
3492.74,16.46,24.5,3.26,3.47,21.34,2.23,5.0,81.7,Dense Urban,Clear,-85.14,Fair
927.91,87.44,24.57,16.96,0.57,19.33,1.42,1.0,58.1,Rural,Fog,-34.25,Excellent
861.59,118.68,43.51,8.49,0.59,12.28,1.66,4.0,81.6,Suburban,Rain,-53.12,Excellent
720.8,2756.51,20.49,8.87,0.17,30.7,1.27,3.0,51.3,Urban,Clear,-139.88,Poor
2102.44,1013.09,18.63,8.1,0.74,31.79,1.94,7.0,68.3,Indoor,Rain,-183.61,Poor
3484.34,196.44,39.34,2.95,2.74,37.51,1.31,3.0,59.1,Indoor,Clear,-125.14,Poor
2412.77,23.12,36.63,13.37,2.23,44.69,1.53,10.0,35.8,Dense Urban,Clear,-76.54,Good
5000.03,590.15,17.15,12.64,3.47,14.2,2.18,13.0,78.4,Dense Urban,Clear,-169.36,Poor
1780.61,3359.46,20.28,4.63,4.46,24.91,1.35,7.0,38.7,Indoor,Rain,-201.83,Poor
894.75,16.24,24.96,6.3,1.88,34.61,1.65,10.0,64.5,Dense Urban,Clear,-80.74,Good
2108.09,1951.49,19.08,10.75,4.35,17.65,2.18,5.0,51.7,Suburban,Clear,-116.52,Poor
914.12,30.63,22.16,8.03,4.48,20.84,2.2,4.0,61.4,Suburban,Fog,-53.47,Excellent
5784.59,,41.49,17.97,3.39,41.81,2.17,5.0,55.9,Urban,Rain,-111.91,Poor
872.56,31.35,46.07,9.94,4.18,11.37,1.98,6.0,96.5,Indoor,Clear,-72.84,Good
2092.77,416.31,22.95,16.12,4.63,45.74,2.11,0.0,69.4,Rural,Clear,-47.4,Excellent
2386.27,43.79,21.47,5.27,2.28,41.38,2.06,2.0,47.8,Indoor,Storm,-106.02,Poor
681.71,289.75,44.37,10.9,2.52,22.99,1.91,5.0,51.1,Indoor,Fog,-111.53,Poor
2118.25,416.69,34.05,7.15,2.58,23.88,1.7,2.0,55.1,Rural,Clear,-55.18,Excellent
2091.25,467.05,24.78,16.95,2.3,19.74,1.34,2.0,47.0,Rural,Fog,-54.51,Excellent
899.0,696.39,42.83,10.82,4.74,10.3,2.28,9.0,29.6,Urban,Clear,-108.31,Poor
833.37,15.36,29.82,12.46,0.46,38.26,1.85,1.0,96.3,Rural,Clear,-10.73,Excellent
711.17,791.45,45.23,3.22,1.82,41.83,2.22,10.0,73.7,Dense Urban,Clear,-131.21,Poor
716.86,26.14,45.2,9.8,4.53,17.33,1.81,4.0,41.9,Suburban,Rain,-25.95,Excellent
2090.37,671.88,44.44,11.27,3.87,25.94,2.03,2.0,59.3,Suburban,Clear,-66.42,Excellent
726.7,21.62,47.5,6.65,1.44,28.17,2.48,3.0,80.3,Suburban,Fog,-17.77,Excellent
5771.84,196.76,35.25,13.77,3.32,13.57,1.32,13.0,46.3,Dense Urban,Fog,-137.27,Poor
877.98,110.63,37.55,9.47,0.01,21.6,1.58,3.0,19.0,Indoor,Clear,-96.81,Fair
2605.33,4081.68,21.67,10.98,2.66,21.58,1.53,1.0,38.5,Rural,Clear,-84.01,Good
2612.08,504.12,22.47,7.77,4.59,44.28,2.36,2.0,31.5,Rural,Rain,-65.65,Excellent
2085.04,17.3,19.68,12.82,,14.25,1.36,13.0,54.0,Dense Urban,Storm,-99.43,Fair
5003.24,779.24,47.04,3.65,4.55,19.46,2.29,7.0,29.0,Indoor,Fog,-157.07,Poor
839.1,33.42,24.09,10.1,0.38,28.17,1.34,5.0,72.0,Indoor,Clear,-91.72,Fair
903.25,59.2,37.64,16.33,2.67,15.54,2.48,2.0,58.9,Indoor,Clear,-77.97,Good
909.56,105.05,30.38,5.76,3.42,18.09,1.39,2.0,68.7,Suburban,Clear,-60.28,Excellent
878.37,1244.54,43.58,15.9,0.17,48.19,1.25,2.0,67.0,Rural,Clear,-39.09,Excellent
897.34,3532.21,29.58,16.16,4.33,44.74,2.39,0.0,33.2,Rural,Clear,-49.48,Excellent
1808.89,3124.3,44.32,5.69,1.28,15.11,2.41,1.0,10.4,Rural,Clear,-64.3,Excellent
3504.68,28.88,34.67,3.29,4.32,20.88,1.8,4.0,71.9,Urban,Rain,-71.47,Good
1789.05,14.56,23.89,14.23,1.4,44.81,2.0,4.0,40.9,Suburban,Clear,-41.3,Excellent
4985.18,1722.61,30.16,17.34,4.91,24.04,1.45,3.0,69.0,Indoor,Clear,-167.31,Poor
3529.27,59.96,30.68,6.09,4.44,27.67,2.44,8.0,52.4,Urban,Rain,-92.6,Fair
5782.41,374.14,41.76,16.61,4.28,17.3,2.29,11.0,59.0,Dense Urban,Storm,-141.13,Poor
867.42,4378.11,23.15,5.33,3.44,31.88,2.35,4.0,73.9,Indoor,Clear,-192.28,Poor
5778.8,31.85,20.12,7.75,2.01,15.81,2.3,3.0,39.4,Suburban,Fog,-74.34,Good
2618.26,102.74,44.92,16.17,2.29,30.95,1.92,1.0,40.4,Rural,Clear,-19.1,Excellent
5781.14,2195.96,47.28,6.86,2.94,46.75,1.63,2.0,81.9,Rural,Clear,-62.92,Excellent
1828.03,567.91,21.89,14.09,1.34,29.09,2.49,12.0,73.6,Dense Urban,Storm,-159.48,Poor
5811.16,3391.78,46.76,4.35,1.28,42.85,1.72,2.0,63.3,Rural,Fog,-72.72,Good
2375.41,506.98,18.88,8.06,2.43,32.96,2.46,4.0,28.0,Urban,Clear,-125.05,Poor
711.59,65.97,26.08,17.05,2.64,24.69,1.5,3.0,50.8,Urban,Storm,-63.64,Excellent
2106.22,1489.24,22.59,5.62,3.99,47.68,1.98,3.0,34.2,Urban,Fog,-128.48,Poor
840.25,1120.03,29.44,13.23,3.72,49.87,1.92,2.0,42.3,Indoor,Clear,-141.99,Poor
5785.64,3309.86,38.56,16.71,3.13,23.01,1.55,0.0,38.7,Rural,Clear,-61.24,Excellent
1813.13,192.82,45.01,14.56,3.27,49.55,1.54,8.0,33.9,Urban,Clear,-80.31,Good
914.48,227.59,44.79,17.17,4.36,49.36,2.22,2.0,54.6,Rural,Clear,-13.92,Excellent
2389.63,74.82,45.18,17.1,0.29,22.75,1.63,2.0,,Rural,Clear,-18.14,Excellent
2122.57,53.13,37.38,3.82,2.85,28.23,2.07,7.0,45.6,Urban,Clear,-77.77,Good
686.13,4893.26,30.26,11.63,0.3,11.64,1.88,4.0,38.0,Suburban,Clear,-113.07,Poor
4974.19,4340.94,46.75,8.83,0.55,10.64,1.44,1.0,81.2,Rural,Clear,-71.3,Good
5005.99,268.84,19.26,12.92,2.38,16.33,1.57,4.0,59.7,Urban,Clear,-118.19,Poor
3476.42,3782.22,43.06,13.88,1.96,20.74,1.62,3.0,65.0,Indoor,Fog,-168.28,Poor
2586.6,91.46,44.74,5.92,3.67,45.67,1.55,0.0,52.3,Rural,Rain,-24.93,Excellent
2100.43,1968.38,22.2,14.8,4.09,23.1,1.33,5.0,54.3,Suburban,Rain,-110.62,Poor
2387.18,517.0,35.03,8.55,3.95,38.68,1.21,3.0,59.7,Urban,Fog,-101.81,Poor
2382.9,861.67,44.77,12.51,2.9,47.87,2.24,5.0,85.3,Dense Urban,Clear,-118.72,Poor
862.19,867.78,42.36,8.84,0.03,31.05,1.54,4.0,77.1,Urban,Clear,-101.14,Poor
702.82,520.09,49.58,7.54,0.12,43.58,2.37,1.0,57.1,Suburban,Clear,-51.64,Excellent
920.39,1997.14,24.15,13.1,0.95,26.63,1.23,2.0,36.2,Rural,Storm,-69.11,Excellent
2104.87,114.3,35.72,10.67,1.34,20.21,2.22,2.0,68.6,Rural,Rain,-40.15,Excellent
849.01,1958.55,44.23,15.65,2.3,40.9,1.59,4.0,45.5,Indoor,Rain,-142.44,Poor
835.68,31.26,20.77,14.58,1.9,35.74,2.07,0.0,46.2,Rural,Clear,-21.73,Excellent
5017.52,34.65,37.41,15.89,0.76,36.45,2.1,3.0,51.3,Urban,Clear,-56.8,Excellent
1781.81,863.15,47.04,14.25,0.48,23.2,1.48,5.0,57.9,Urban,Rain,-101.34,Poor
2384.53,1058.23,30.09,16.67,0.11,29.86,1.46,9.0,74.4,Dense Urban,Clear,-152.69,Poor
2420.5,2724.48,43.26,4.51,0.35,25.6,2.31,0.0,35.2,Rural,Rain,-63.96,Excellent
3514.47,55.13,40.67,12.25,0.0,46.14,1.5,7.0,65.9,Urban,Clear,-72.99,Good
3506.77,14.17,25.16,,0.16,47.26,1.36,3.0,48.9,Urban,Fog,-65.94,Excellent
872.34,234.23,29.33,9.99,2.24,14.53,2.1,7.0,98.0,Dense Urban,Rain,-119.06,Poor
4977.64,2304.19,28.14,15.78,3.38,38.34,1.48,2.0,52.3,Indoor,Rain,-177.42,Poor
1800.0,4187.52,29.24,13.61,2.09,20.5,2.14,3.0,76.5,Urban,Rain,-142.74,Poor
5014.78,2066.56,36.3,11.33,1.31,38.6,1.8,9.0,89.8,Urban,Clear,-143.79,Poor
2097.85,210.08,35.8,13.1,3.08,20.23,1.67,1.0,34.9,Rural,Clear,-36.86,Excellent
821.04,2139.16,31.17,4.77,3.16,27.8,1.28,4.0,54.7,Urban,Clear,-127.55,Poor
3481.06,37.8,38.46,16.89,3.56,26.4,1.58,12.0,65.1,Dense Urban,Clear,-88.78,Fair
705.33,3063.44,34.06,5.4,1.42,42.67,1.54,7.0,37.2,Indoor,Clear,-175.47,Poor
3511.65,338.77,45.23,4.67,4.78,24.08,2.17,3.0,46.9,Suburban,Clear,-73.44,Good
672.01,112.43,42.34,4.24,0.86,46.53,1.85,1.0,49.3,Rural,Rain,-22.24,Excellent
872.6,371.39,36.74,16.98,4.82,14.16,2.39,10.0,70.9,Dense Urban,Clear,-115.2,Poor
2585.68,1306.21,25.56,9.37,3.17,19.39,1.31,1.0,87.6,Rural,Rain,-72.43,Good
5775.01,44.47,21.78,10.53,1.36,19.45,1.86,4.0,51.3,Urban,Fog,-90.31,Fair
2102.52,18.84,25.34,8.06,1.0,20.23,1.51,1.0,35.9,Suburban,Clear,-44.81,Excellent
827.42,952.07,22.78,2.44,1.16,33.93,1.8,3.0,98.0,Indoor,Clear,-164.62,Poor
908.89,3721.22,48.36,3.07,3.23,25.58,1.46,10.0,66.4,Dense Urban,Clear,-160.49,Poor
5016.63,523.82,36.53,2.25,4.79,28.31,1.6,3.0,70.9,Urban,Clear,-113.0,Poor
3528.23,24.26,45.36,10.62,4.34,49.55,2.09,1.0,21.5,Rural,Clear,-8.74,Excellent
876.9,545.1,19.97,5.1,4.91,43.01,2.27,8.0,22.8,Urban,Clear,-122.88,Poor
1786.4,20.64,44.94,8.43,1.61,27.3,1.92,1.0,47.7,Rural,Clear,-9.77,Excellent
871.76,65.95,37.24,9.37,1.94,39.93,1.61,1.0,66.7,Rural,Clear,-19.3,Excellent
839.76,12.17,43.31,10.52,3.73,15.17,1.67,3.0,55.6,Urban,Clear,-25.29,Excellent
5012.51,206.9,30.96,16.28,1.25,22.89,1.87,2.0,42.7,Rural,Clear,-49.96,Excellent
2573.59,73.68,35.68,2.69,1.69,47.32,1.92,2.0,32.7,Rural,Clear,-41.41,Excellent
841.58,18.33,30.51,9.91,1.43,49.16,2.26,5.0,72.0,Suburban,Clear,-36.15,Excellent
2587.88,68.24,42.06,4.11,2.04,44.42,2.44,2.0,65.4,Indoor,Clear,-92.38,Fair
2083.16,559.46,25.21,16.82,3.86,35.78,1.46,5.0,42.2,Dense Urban,Fog,-131.76,Poor
712.37,60.29,37.63,16.68,0.04,42.47,2.4,5.0,53.4,Urban,Clear,-57.07,Excellent
2109.55,24.33,31.04,4.24,0.13,15.69,1.95,1.0,38.5,Rural,Clear,-31.77,Excellent
852.13,295.39,39.94,3.88,0.02,26.11,,4.0,38.0,Suburban,Clear,-69.49,Excellent
924.65,1078.79,21.06,3.76,3.2,33.88,1.44,7.0,59.1,Dense Urban,Clear,-157.62,Poor
4976.19,1739.91,22.73,3.57,1.83,33.79,2.05,2.0,95.6,Rural,Clear,-86.86,Fair
3478.98,188.01,34.84,4.53,2.36,20.9,2.08,5.0,61.0,Urban,Fog,-104.75,Poor
843.01,830.16,30.14,4.49,2.33,35.25,2.37,2.0,66.7,Indoor,Clear,-144.92,Poor
5009.35,1774.71,20.72,4.62,1.02,21.37,1.62,5.0,49.7,Urban,Rain,-160.42,Poor
2405.04,654.8,46.92,4.38,3.95,40.11,1.9,2.0,50.4,Indoor,Fog,-130.03,Poor
4974.44,264.9,48.15,8.05,0.93,29.15,2.03,10.0,67.1,Dense Urban,Rain,-124.37,Poor
3527.51,14.51,17.31,6.06,3.42,31.62,2.21,13.0,59.7,Dense Urban,Clear,-105.1,Poor
1788.3,60.64,36.96,8.67,3.7,47.77,2.31,4.0,65.8,Suburban,Clear,-48.4,Excellent
2391.54,72.97,42.75,16.3,1.28,49.05,2.16,0.0,31.5,Rural,Clear,-11.56,Excellent
2407.42,116.45,40.02,7.63,3.55,42.23,1.59,5.0,52.6,Suburban,Clear,-63.14,Excellent
3526.71,3684.94,24.37,6.58,1.08,27.39,1.85,0.0,54.8,Rural,Rain,-88.73,Fair
909.76,36.62,46.94,16.63,2.63,28.03,1.89,7.0,66.9,Dense Urban,Clear,-56.55,Excellent
1827.29,289.49,40.04,7.15,3.58,30.65,2.47,6.0,62.3,Urban,Clear,-97.69,Fair
881.26,4734.43,46.74,3.95,0.73,40.75,1.9,9.0,40.9,Urban,Rain,-141.31,Poor
907.13,467.85,41.68,11.9,3.39,39.22,1.25,5.0,77.7,Suburban,Clear,-65.27,Excellent
869.73,36.63,46.77,6.51,0.67,21.13,2.17,3.0,82.2,Suburban,Rain,-31.77,Excellent
700.54,3904.15,21.93,10.32,0.36,28.18,1.71,13.0,43.5,Dense Urban,Storm,-192.7,Poor
5791.73,80.84,22.3,14.29,1.75,37.09,1.87,1.0,35.4,Suburban,Clear,-69.02,Excellent
729.09,13.46,38.28,11.05,1.09,13.0,2.16,0.0,41.2,Rural,Fog,-0.03,Excellent
4978.46,145.96,19.47,14.94,0.75,14.28,2.45,4.0,41.7,Urban,Clear,-106.38,Poor
694.66,44.62,25.21,7.52,1.29,42.97,2.25,9.0,54.8,Dense Urban,Storm,-96.27,Fair
3522.4,1622.14,44.2,4.7,3.81,47.18,1.53,2.0,76.0,Rural,Fog,-62.03,Excellent
1824.03,39.23,42.18,8.31,4.3,17.16,1.48,1.0,53.1,Suburban,Rain,-36.7,Excellent
2428.82,1632.16,37.57,8.59,4.69,46.67,2.47,6.0,79.0,Urban,Clear,-122.34,Poor
923.09,12.52,34.02,13.46,4.76,44.22,1.48,5.0,88.2,Suburban,Clear,-20.42,Excellent
2073.06,3219.35,36.08,12.99,3.14,,1.38,1.0,75.5,Rural,Clear,-64.36,Excellent
2125.79,13.0,31.02,6.95,3.47,15.85,2.36,8.0,74.6,Dense Urban,Rain,-78.8,Good
2395.69,3412.64,42.8,16.87,1.53,29.63,1.78,2.0,72.9,Suburban,Clear,-86.63,Fair
1809.1,15.81,44.88,6.41,4.48,41.48,1.26,3.0,56.3,Suburban,Storm,-29.97,Excellent
2393.66,2265.05,20.1,17.94,1.74,29.65,1.97,8.0,33.2,Urban,Clear,-149.18,Poor
5018.82,1752.83,22.94,2.52,3.67,42.88,1.68,3.0,78.0,Indoor,Fog,-187.75,Poor
2104.56,402.1,24.65,12.78,3.92,15.31,1.77,4.0,72.2,Suburban,Rain,-87.65,Fair
1820.73,12.51,42.49,11.92,4.89,19.89,1.98,1.0,26.9,Rural,Clear,0.26,Excellent
831.63,474.73,36.96,11.36,0.16,39.14,2.49,1.0,51.1,Suburban,Fog,-64.29,Excellent
1781.1,465.1,43.16,14.47,1.26,30.36,1.34,3.0,54.9,Suburban,Clear,-67.15,Excellent
846.42,319.05,36.9,11.45,2.36,26.39,1.51,2.0,47.1,Rural,Clear,-36.25,Excellent
820.29,506.37,38.74,11.76,3.99,43.43,2.29,1.0,74.2,Rural,Clear,-32.78,Excellent
5811.57,4101.03,42.0,16.04,3.63,15.6,1.38,5.0,71.3,Urban,Clear,-134.34,Poor
687.76,4862.33,18.75,4.99,0.38,26.33,2.47,3.0,69.3,Indoor,Rain,-192.74,Poor
2103.44,253.98,41.41,10.5,4.29,46.13,1.63,2.0,51.1,Indoor,Clear,-113.67,Poor
4974.2,17.69,42.79,13.39,2.06,46.41,2.02,10.0,40.1,Dense Urban,Clear,-71.79,Good
5780.24,22.99,25.23,6.93,4.28,24.68,1.45,4.0,80.2,Suburban,Clear,-61.41,Excellent
857.37,879.44,41.65,5.51,4.42,27.07,1.61,6.0,37.0,Urban,Rain,-107.77,Poor
838.34,4469.82,19.64,4.06,4.59,13.05,1.92,2.0,26.3,Rural,Rain,-89.14,Fair
1782.88,150.28,22.34,6.2,3.93,18.56,2.45,2.0,51.4,Suburban,Fog,-78.93,Good
2383.73,18.39,29.79,12.66,3.77,10.71,1.69,13.0,51.9,Dense Urban,Rain,-92.82,Fair
5782.89,89.71,46.77,11.84,2.55,31.34,2.37,3.0,59.7,Suburban,Storm,-62.62,Excellent
907.37,109.43,27.87,4.75,2.78,49.53,1.47,6.0,71.6,Indoor,Fog,-114.85,Poor
830.06,4895.32,32.1,9.86,2.58,15.86,1.25,7.0,73.8,Dense Urban,,-171.16,Poor
891.76,712.96,42.82,5.42,2.58,48.0,2.29,4.0,68.6,Urban,Clear,-96.05,Fair
5011.27,20.8,41.47,16.98,1.05,26.29,2.11,4.0,44.5,Indoor,Clear,-67.97,Excellent
700.82,81.24,41.47,13.59,1.64,12.01,1.35,2.0,56.7,Suburban,Rain,-41.43,Excellent
1805.84,13.52,22.53,4.77,0.89,16.41,1.23,4.0,54.5,Indoor,Clear,-89.83,Fair
835.05,578.88,45.12,6.64,3.59,28.13,2.27,5.0,86.1,Suburban,Rain,-71.83,Good
875.96,654.19,21.51,15.65,2.1,18.19,1.42,4.0,35.6,Suburban,Rain,-88.28,Fair
5794.83,14.29,36.35,10.91,1.22,36.75,1.82,9.0,44.8,Dense Urban,Fog,-78.76,Good
687.22,80.46,43.07,7.7,4.0,19.46,2.31,7.0,92.9,Indoor,Clear,-92.71,Fair
1824.26,2733.59,23.23,11.57,4.48,41.0,1.94,8.0,82.5,Dense Urban,Fog,-165.24,Poor
5809.32,1704.32,43.67,8.23,0.02,18.38,2.37,4.0,55.9,Suburban,Storm,-113.85,Poor
2606.84,354.64,37.35,16.58,4.39,33.49,1.25,3.0,51.4,Indoor,Rain,-122.93,Poor
723.2,203.23,20.97,15.98,0.13,30.9,1.75,8.0,73.6,Dense Urban,Clear,-117.61,Poor
2073.51,4782.75,22.59,4.57,3.55,42.14,1.46,1.0,76.5,Suburban,Clear,-119.01,Poor
5820.26,889.58,46.11,12.84,4.38,34.32,1.72,1.0,55.0,Suburban,Clear,-75.86,Good
2110.67,3725.07,19.27,15.4,1.18,30.6,2.19,8.0,94.0,Urban,Clear,-158.67,Poor
2391.6,15.6,32.03,5.38,4.72,46.22,2.36,6.0,52.3,Indoor,Rain,-78.24,Good
2385.38,37.38,29.1,15.94,3.6,45.25,1.39,7.0,58.8,Dense Urban,Clear,-83.11,Good
2576.29,12.13,27.86,8.71,4.92,45.29,1.65,2.0,85.2,Rural,Rain,-26.23,Excellent
876.46,2200.31,27.5,6.92,1.0,19.47,1.78,7.0,52.3,Urban,Rain,-142.16,Poor
4978.51,747.67,46.46,17.74,0.64,38.74,1.52,7.0,91.3,Urban,Rain,-110.17,Poor
5785.57,30.16,21.74,13.01,3.31,35.61,1.46,1.0,70.7,Rural,Rain,-43.81,Excellent
861.47,4259.04,44.27,6.65,2.57,43.96,2.27,0.0,43.0,Rural,Rain,-52.57,Excellent
5012.61,3798.99,41.68,10.48,4.07,35.28,2.33,1.0,84.8,Suburban,Fog,-96.42,Fair
4979.65,40.38,46.58,12.3,2.15,17.68,1.24,5.0,45.3,Suburban,Clear,-47.91,Excellent
3518.85,557.52,37.0,13.39,0.01,21.49,2.4,1.0,32.2,Suburban,Clear,-77.16,Good
1800.62,635.61,45.12,5.35,2.43,29.39,2.23,9.0,55.6,Urban,Clear,-114.51,Poor
2120.91,10.25,18.08,11.87,3.33,32.14,1.58,5.0,43.0,Urban,Storm,-60.49,Excellent
4975.24,722.76,43.46,15.56,1.56,27.08,2.03,1.0,50.0,Suburban,Clear,-74.53,Good
822.57,39.57,43.98,14.86,2.51,44.47,1.8,2.0,46.0,Indoor,Clear,-61.13,Excellent
5008.22,2707.9,46.74,6.71,3.02,44.09,1.47,4.0,37.9,Urban,Rain,-132.33,Poor
5779.0,1832.76,20.04,17.52,3.59,39.97,1.34,2.0,22.3,Rural,Clear,-77.79,Good
2601.5,2775.62,35.42,2.2,1.18,27.82,1.97,0.0,71.3,Rural,Clear,-72.14,Good
1770.85,1108.19,37.47,14.46,1.34,40.49,1.24,3.0,67.4,Indoor,Clear,-142.25,Poor
2416.8,27.87,20.36,7.07,3.43,44.35,2.24,5.0,67.2,Urban,Clear,-75.06,Good
723.97,94.0,35.03,17.06,1.77,34.24,2.06,13.0,60.5,Dense Urban,Clear,-95.54,Fair
5820.33,819.19,29.55,15.78,3.75,34.23,2.04,6.0,37.7,Indoor,Clear,-162.01,Poor
1827.5,74.58,30.55,16.1,1.34,19.39,1.91,2.0,63.3,Suburban,Clear,-53.46,Excellent
724.19,824.82,42.88,6.03,3.77,24.2,2.0,0.0,43.0,Rural,Storm,-37.82,Excellent
3496.64,80.78,40.06,14.74,0.79,37.41,2.39,6.0,40.5,Urban,Clear,-75.21,Good
2593.9,30.18,36.04,7.32,2.26,46.08,1.93,1.0,16.0,Rural,Clear,-22.49,Excellent
2623.77,250.33,28.94,9.16,0.96,37.5,1.56,2.0,74.9,Suburban,Rain,-82.87,Good
725.62,711.39,46.84,16.47,2.58,23.68,2.14,1.0,39.8,Rural,Rain,-23.19,Excellent
3528.37,248.83,26.9,13.53,3.5,41.46,1.64,3.0,67.3,Indoor,Clear,-127.03,Poor
2616.1,539.98,30.2,12.25,2.64,29.24,,2.0,28.3,Rural,Rain,-59.75,Excellent
3482.12,152.16,28.2,4.06,0.8,24.4,1.77,3.0,40.4,Indoor,Fog,-131.54,Poor
5026.7,1260.94,22.76,10.61,4.61,24.08,1.55,1.0,78.1,Suburban,Clear,-104.22,Poor
926.83,567.86,30.02,3.98,0.02,,1.3,7.0,72.5,Urban,Rain,-122.72,Poor
909.97,355.51,47.13,3.2,3.65,44.23,1.63,0.0,80.2,Rural,Storm,-34.28,Excellent
5821.44,149.64,21.86,17.15,3.61,23.08,1.87,10.0,45.9,Dense Urban,Fog,-129.04,Poor
2403.67,279.2,39.09,11.48,4.48,18.21,1.3,6.0,34.0,Dense Urban,Clear,-109.96,Poor
2126.65,13.73,30.81,2.1,4.31,31.46,2.47,6.0,64.0,Urban,Rain,-61.9,Excellent
875.64,630.17,20.0,9.5,0.75,43.75,1.99,0.0,23.6,Rural,Clear,-54.79,Excellent
2621.84,,25.23,6.59,4.73,14.25,2.2,1.0,42.9,Suburban,Fog,-56.97,Excellent
3473.33,2096.6,22.48,4.46,0.75,29.51,1.3,8.0,39.9,Dense Urban,Clear,-181.29,Poor
690.35,1557.73,30.08,15.11,2.82,10.02,1.73,0.0,85.3,Rural,Rain,-54.0,Excellent
2378.12,266.03,29.63,4.46,0.78,33.69,1.7,12.0,42.0,Dense Urban,Clear,-142.78,Poor
5798.75,1933.67,33.8,4.66,1.9,20.35,2.07,5.0,58.4,Dense Urban,,-168.67,Poor
883.93,646.37,31.91,5.72,3.96,24.89,1.81,7.0,28.9,Indoor,Clear,-147.89,Poor
927.12,24.06,44.01,13.4,4.68,22.85,1.53,9.0,76.2,Urban,Rain,-49.59,Excellent
5003.56,998.44,26.44,5.05,1.6,29.67,2.17,4.0,69.4,Suburban,Rain,-118.3,Poor
723.86,4871.38,47.5,7.14,2.18,37.22,2.1,1.0,46.7,Rural,Clear,-50.37,Excellent
1786.68,12.9,45.54,16.44,4.01,13.99,1.73,6.0,75.2,Indoor,Clear,-52.22,Excellent
2071.56,45.82,44.48,11.04,2.98,36.17,2.34,5.0,83.3,Urban,Fog,-57.43,Excellent
3516.54,410.47,20.11,4.77,4.49,21.14,1.38,4.0,46.2,Suburban,Rain,-104.66,Poor
862.14,132.01,43.96,15.76,1.64,40.0,1.87,3.0,77.5,Indoor,Fog,-84.84,Good
2102.73,525.71,43.04,10.19,0.94,14.27,2.3,12.0,54.8,Dense Urban,Storm,-143.7,Poor
868.92,382.55,35.65,15.35,2.74,41.86,2.12,2.0,28.0,Rural,Fog,-34.55,Excellent
3520.41,1338.94,28.17,3.26,2.33,37.64,1.88,6.0,62.5,Urban,Rain,-145.88,Poor
2605.27,15.54,44.3,4.59,4.41,13.92,1.32,5.0,44.6,Dense Urban,Clear,-56.49,Excellent
2127.96,154.6,37.59,3.47,0.44,45.5,1.25,1.0,29.3,Suburban,Clear,-64.37,Excellent
1813.18,2095.36,45.25,9.7,0.23,13.01,2.07,2.0,59.5,Suburban,Rain,-91.9,Fair
860.61,95.3,36.41,8.2,0.87,15.48,1.77,7.0,62.9,Indoor,Clear,-109.36,Poor
5791.69,228.93,41.56,8.66,3.36,17.5,1.74,7.0,94.7,Dense Urban,Clear,-117.74,Poor
2570.14,11.44,46.96,7.86,1.63,17.64,1.71,2.0,52.3,Indoor,Rain,-54.47,Excellent
1784.46,40.28,41.75,8.79,0.49,46.63,1.43,5.0,30.3,Suburban,Clear,-43.8,Excellent
2115.84,178.4,22.53,8.1,4.43,26.38,1.93,6.0,46.0,Indoor,Rain,-139.94,Poor
3512.59,119.34,46.79,4.55,3.81,16.45,1.69,7.0,76.1,Urban,Rain,-89.8,Fair
3489.86,848.85,42.81,11.11,4.42,31.92,1.3,8.0,93.1,Urban,Fog,-115.27,Poor
2107.53,448.17,29.27,15.91,0.56,39.73,2.41,4.0,72.7,Suburban,Clear,-79.48,Good
1781.72,2376.05,17.9,17.91,1.58,49.14,1.85,2.0,63.7,Rural,Clear,-70.49,Good
2585.82,2027.68,47.41,3.88,3.13,33.93,1.52,8.0,46.5,Urban,Rain,-133.18,Poor
2626.84,44.78,36.45,8.58,0.39,14.74,2.12,6.0,44.9,Indoor,Clear,-104.15,Poor
2394.79,11.16,30.93,5.86,4.96,15.05,2.3,4.0,65.2,Suburban,Clear,-38.84,Excellent
684.7,2023.91,37.73,11.07,4.96,47.04,1.59,2.0,59.4,Indoor,Clear,-139.67,Poor
2099.23,77.32,21.64,7.77,2.59,40.64,2.41,0.0,23.9,Rural,Clear,-42.8,Excellent
2593.22,86.46,42.65,16.04,4.97,15.91,1.97,2.0,30.1,Suburban,Rain,-42.89,Excellent
5813.77,26.76,22.48,16.96,4.68,41.68,1.54,3.0,50.2,Suburban,Clear,-51.14,Excellent
2427.73,742.0,21.34,7.2,3.05,13.9,2.11,2.0,56.2,Suburban,Clear,-103.34,Poor
1805.5,57.02,36.19,7.7,0.42,24.98,2.01,3.0,42.6,Urban,Rain,-70.6,Good
2405.47,29.99,37.51,10.56,0.63,10.84,2.4,10.0,62.0,Dense Urban,Clear,-91.14,Fair
841.89,228.37,18.77,12.17,1.49,49.0,2.35,5.0,60.3,Urban,Clear,-96.29,Fair
703.88,1060.11,37.47,14.04,4.12,23.6,1.98,1.0,62.9,Rural,Clear,-40.04,Excellent
2589.16,53.41,22.2,3.6,2.7,14.99,2.02,0.0,72.6,Rural,Rain,-53.04,Excellent
5770.07,888.71,45.33,2.82,4.15,42.46,1.48,7.0,33.1,Urban,Clear,-122.68,Poor
5021.97,176.55,28.03,12.85,3.56,26.69,2.17,5.0,57.5,Dense Urban,Clear,-117.74,Poor
2395.77,122.96,29.38,9.66,4.07,34.82,2.27,1.0,59.2,Rural,Fog,-41.38,Excellent
699.53,93.4,34.87,12.76,1.33,44.48,2.49,1.0,69.0,Rural,Fog,-20.3,Excellent
5775.01,24.71,22.0,6.83,3.5,20.43,1.49,2.0,54.8,Indoor,Clear,-99.65,Fair
2120.23,79.03,20.13,4.75,0.39,31.53,1.92,7.0,38.1,Urban,Rain,-104.54,Poor
880.22,2360.88,44.91,3.78,3.45,16.64,2.46,3.0,53.8,Urban,Clear,-117.19,Poor
4994.64,18.87,36.16,14.58,2.44,44.04,2.14,2.0,54.5,Rural,Clear,-19.09,Excellent
3520.42,3858.54,21.23,8.45,1.68,22.82,1.63,3.0,56.4,Suburban,,-127.22,Poor
3497.47,19.5,38.52,3.33,3.48,29.48,1.26,7.0,83.9,Dense Urban,Clear,-75.69,Good
925.87,94.87,48.76,5.95,0.03,38.96,2.47,6.0,43.5,Urban,Storm,-73.25,Good
5782.56,432.91,40.76,15.78,3.86,46.15,2.03,4.0,60.2,Urban,Rain,-97.97,Fair
2112.91,1825.19,31.56,9.7,2.68,23.92,2.27,8.0,18.0,Dense Urban,Fog,-157.85,Poor
2428.68,24.41,36.63,15.65,2.15,13.4,1.3,13.0,38.3,Dense Urban,Clear,-86.21,Fair
3502.98,24.03,47.9,17.13,2.65,30.95,1.95,2.0,44.7,Suburban,Fog,-21.65,Excellent
2611.53,496.56,20.25,3.07,1.36,10.53,2.4,7.0,47.9,Indoor,Clear,-173.7,Poor
843.59,61.68,43.34,17.09,3.09,25.7,2.02,8.0,75.6,Urban,Rain,-55.59,Excellent
1815.08,548.9,45.39,7.94,1.14,26.33,1.69,2.0,75.3,Rural,Clear,-43.67,Excellent
1824.53,1639.57,30.99,13.17,4.64,28.64,1.59,8.0,15.5,Urban,Fog,-131.67,Poor
5812.18,16.12,46.09,8.45,3.9,26.33,1.33,5.0,50.6,Suburban,Clear,-39.45,Excellent
3526.16,1902.24,20.03,11.83,4.42,39.52,1.2,5.0,75.0,Dense Urban,Clear,-164.68,Poor
1805.32,12.63,29.84,12.72,3.58,19.48,1.65,3.0,60.0,Indoor,Clear,-64.79,Excellent
3504.63,2666.27,25.34,4.13,0.4,30.77,1.94,5.0,52.3,Suburban,Clear,-130.11,Poor
3488.28,4296.99,19.74,8.9,2.61,23.0,2.37,12.0,45.7,Dense Urban,Clear,-201.12,Poor
1812.58,633.06,38.3,5.31,3.52,34.85,2.48,5.0,10.0,Urban,Clear,-110.64,Poor
2122.92,4533.94,37.94,3.91,3.09,26.88,1.33,2.0,55.3,Indoor,Clear,-178.25,Poor
5008.78,1653.98,31.33,11.47,3.42,18.25,1.57,0.0,20.7,Rural,Rain,-70.12,Good
2383.98,13.17,44.48,12.88,2.68,33.75,1.24,7.0,50.6,Dense Urban,Clear,-50.45,Excellent
852.65,10.24,24.06,6.12,3.17,19.91,1.65,3.0,80.5,Indoor,Clear,-65.5,Excellent
3515.36,11.38,43.51,2.12,2.8,25.86,2.05,3.0,67.2,Urban,Clear,-44.4,Excellent
2426.36,165.84,35.22,17.53,0.39,26.63,1.74,5.0,36.8,Suburban,Rain,-67.59,Excellent
2379.4,481.38,45.68,9.6,2.93,45.94,2.26,9.0,57.3,Urban,Clear,-101.84,Poor
3477.65,199.29,23.44,12.43,2.33,39.57,1.29,2.0,81.0,Rural,Storm,-62.39,Excellent
5794.78,672.29,45.41,3.2,2.52,35.17,2.03,3.0,49.6,Urban,Storm,-118.55,Poor
1777.54,163.48,19.45,11.92,0.37,14.5,2.5,3.0,63.7,Suburban,Clear,-80.35,Good
2128.83,13.03,43.68,14.2,4.52,22.36,1.44,0.0,63.3,Rural,Clear,1.3,Excellent
845.46,40.78,42.19,2.76,4.19,11.99,2.45,5.0,57.8,Indoor,Clear,-85.83,Fair
2602.02,4775.99,20.21,10.38,0.25,31.56,2.2,5.0,48.1,Urban,Clear,-160.72,Poor
2083.63,85.8,19.33,4.27,4.5,14.71,1.62,2.0,98.0,Indoor,Clear,-123.18,Poor
1796.95,75.25,20.6,4.35,4.22,11.16,1.75,5.0,85.9,Suburban,Clear,-79.86,Good
2629.08,25.85,19.91,11.84,3.88,24.27,1.34,2.0,57.4,Suburban,Clear,-52.58,Excellent
2099.32,4616.06,22.93,11.91,4.65,39.76,2.09,6.0,48.7,Indoor,Clear,-195.58,Poor
2070.53,41.88,46.07,10.86,3.3,27.03,1.93,8.0,64.5,Urban,Storm,-67.59,Excellent
2084.55,556.88,22.67,10.16,0.61,13.46,1.44,2.0,94.8,Suburban,Clear,-93.42,Fair
928.71,12.99,44.54,9.52,0.8,31.6,1.88,9.0,61.9,Dense Urban,Clear,-52.59,Excellent
879.34,15.11,17.91,9.7,0.36,27.98,2.44,0.0,76.6,Rural,,-23.35,Excellent
4982.63,859.99,39.54,7.35,2.1,48.44,2.46,5.0,38.7,Dense Urban,Clear,-137.85,Poor
706.92,517.96,28.52,6.12,0.82,15.49,2.23,0.0,65.2,Rural,Clear,-51.95,Excellent
1774.61,685.07,38.79,6.25,0.17,37.31,1.39,0.0,86.8,Rural,Clear,-48.16,Excellent
2604.65,42.01,45.18,16.53,2.58,38.82,1.67,6.0,75.9,Indoor,Clear,-81.43,Good
827.56,4551.83,22.21,6.27,1.54,43.94,1.99,5.0,81.6,Suburban,Rain,-124.16,Poor
2619.12,321.39,19.36,7.99,0.99,43.86,1.43,7.0,51.5,Indoor,Rain,-161.52,Poor
3526.37,4137.91,22.84,10.07,3.51,26.17,2.34,7.0,45.4,Urban,Fog,-161.56,Poor
2580.38,27.74,43.93,13.88,2.87,39.9,2.1,0.0,76.0,Rural,Storm,-10.14,Excellent
1797.76,123.98,35.5,14.43,2.76,25.67,1.56,4.0,41.4,Urban,Clear,-74.95,Good
676.12,80.54,45.84,13.55,1.77,45.79,2.34,0.0,85.4,Rural,Clear,-4.75,Excellent
4990.35,1091.25,45.53,6.85,3.78,38.2,2.1,1.0,75.7,Rural,Fog,-53.92,Excellent
1773.91,1041.53,18.27,4.61,0.76,11.69,2.27,4.0,94.1,Suburban,Clear,-117.19,Poor
4985.87,205.67,18.43,15.07,2.22,17.54,2.03,7.0,45.9,Urban,Fog,-120.54,Poor
879.41,11.06,20.19,15.99,1.94,46.17,2.45,6.0,36.3,Urban,Storm,-50.33,Excellent
822.68,29.71,23.17,16.61,3.98,32.53,2.32,2.0,69.2,Suburban,Clear,-33.31,Excellent
3521.54,13.67,28.85,15.73,0.93,41.08,2.43,4.0,60.7,Suburban,Fog,-41.13,Excellent
5774.65,1932.27,20.12,7.78,4.94,44.04,2.4,5.0,36.4,Suburban,Clear,-123.01,Poor
5001.74,60.55,45.03,4.46,0.79,11.91,2.01,5.0,71.4,Suburban,Clear,-63.9,Excellent
3497.13,20.81,31.96,12.73,2.2,14.37,2.31,8.0,90.5,Dense Urban,Rain,-83.02,Good
925.89,90.34,42.85,12.39,3.03,47.5,1.68,2.0,91.1,Rural,Fog,-13.61,Excellent
5781.94,16.17,47.65,5.97,2.11,34.35,1.33,2.0,53.7,Rural,Clear,-19.05,Excellent
2580.78,4384.36,17.46,11.92,4.38,38.78,1.83,6.0,30.2,Urban,Clear,-157.48,Poor
864.92,70.83,30.48,17.97,3.22,25.79,1.37,3.0,42.6,Urban,Rain,-61.24,Excellent
863.54,3298.52,43.89,4.7,3.41,19.68,1.47,5.0,36.6,Suburban,Clear,-97.05,Fair
5011.95,696.09,45.79,8.06,4.41,14.0,1.96,3.0,39.8,Suburban,Rain,-88.36,Fair
871.57,337.21,42.19,8.26,0.65,18.56,1.53,3.0,59.9,Indoor,Clear,-118.08,Poor
3485.6,192.02,22.77,5.42,2.24,14.11,1.22,4.0,38.7,Suburban,,-94.85,Fair
870.39,716.5,24.11,14.61,2.01,47.1,1.58,7.0,21.7,Urban,Clear,-108.9,Poor
906.05,711.6,41.18,13.32,3.75,44.85,1.93,7.0,36.1,Dense Urban,Clear,-115.3,Poor
906.13,10.68,38.05,5.47,4.21,40.19,1.84,6.0,84.7,Urban,Fog,-41.01,Excellent
887.75,2818.91,23.48,15.72,2.25,10.88,1.61,3.0,69.9,Suburban,Clear,-105.06,Poor
2585.61,98.43,29.61,8.81,0.59,30.86,2.13,8.0,34.2,Dense Urban,Rain,-114.3,Poor
5826.79,89.84,45.67,10.81,3.81,19.59,1.54,3.0,65.8,Suburban,Clear,-54.71,Excellent
5813.67,125.13,23.09,12.96,3.92,13.02,2.13,1.0,55.3,Rural,Clear,-57.11,Excellent
3477.61,707.23,25.49,15.99,1.38,10.84,1.46,1.0,49.7,Rural,Clear,-64.83,Excellent
926.26,103.48,46.52,5.63,0.86,38.67,1.29,2.0,49.1,Indoor,Fog,-87.86,Fair
5804.94,102.08,41.59,11.48,0.71,25.16,1.67,10.0,82.2,Dense Urban,Clear,-114.84,Poor
2390.0,14.84,22.35,12.75,0.51,33.55,2.32,2.0,37.3,Indoor,Clear,-74.89,Good
2393.83,133.2,21.28,16.18,1.45,40.98,2.16,3.0,59.0,Suburban,Clear,-70.05,Good
3513.52,25.32,43.17,14.36,3.58,27.93,2.12,2.0,45.8,Suburban,Clear,-26.58,Excellent
3492.58,2038.03,21.26,16.63,1.43,15.17,1.3,5.0,30.0,Urban,Rain,-146.17,Poor
5804.72,79.95,43.18,3.2,4.19,47.73,1.43,6.0,75.7,Indoor,Clear,-107.06,Poor
2412.63,3920.6,31.91,8.81,1.67,35.87,2.05,7.0,80.6,Indoor,Clear,-193.55,Poor
2581.72,703.92,24.49,6.9,3.53,17.96,2.09,3.0,56.9,Suburban,Storm,-102.29,Poor
3526.65,1098.58,28.27,9.95,1.06,37.31,1.73,3.0,73.1,Indoor,Rain,-169.75,Poor
891.37,3613.7,41.8,14.97,0.57,27.13,2.39,5.0,45.2,Suburban,Rain,-93.59,Fair
1795.16,44.14,41.59,9.88,1.21,41.7,2.46,2.0,70.1,Rural,Clear,-20.8,Excellent
2611.91,339.7,16.13,2.56,3.13,38.8,1.4,1.0,54.5,Rural,Clear,-72.71,Good
,12.88,45.75,12.73,3.32,20.44,1.49,8.0,40.5,Urban,Clear,-31.69,Excellent
1796.41,18.7,24.2,2.16,3.1,39.62,,1.0,52.6,Rural,Clear,-31.67,Excellent
3508.98,97.59,36.62,3.56,2.11,32.02,2.25,8.0,55.0,Urban,Clear,-96.15,Fair
5824.17,695.11,21.1,13.64,2.8,36.91,1.5,2.0,64.7,Rural,Storm,-81.04,Good
2418.02,1756.77,21.73,15.3,4.71,25.81,2.37,5.0,10.0,Suburban,Clear,-105.85,Poor
1819.46,49.21,45.51,7.09,0.37,14.14,2.03,6.0,46.8,Indoor,Clear,-94.43,Fair
2085.5,1051.32,44.16,11.1,0.41,11.44,1.92,4.0,79.4,Indoor,Clear,-146.19,Poor
2595.16,40.3,45.73,10.75,2.47,41.67,2.17,4.0,52.9,Urban,Clear,-50.64,Excellent
2403.23,10.38,20.95,2.89,4.01,21.24,1.49,1.0,29.5,Rural,Clear,-34.76,Excellent
672.65,14.02,22.88,10.72,4.39,33.57,1.73,3.0,75.3,Indoor,Fog,-63.43,Excellent
2416.19,380.54,20.36,2.18,3.65,43.64,1.75,4.0,66.8,Suburban,Clear,-98.88,Fair
2089.41,219.68,28.59,15.12,1.1,48.01,1.72,0.0,39.4,Rural,Clear,-36.83,Excellent
3486.96,53.69,28.97,13.97,3.79,48.8,1.32,2.0,28.2,Suburban,Clear,-49.51,Excellent
4985.56,10.42,44.12,6.54,1.09,42.22,1.74,0.0,69.3,Rural,Clear,-10.52,Excellent
5787.0,341.23,23.9,6.2,0.07,30.88,1.39,11.0,47.7,Dense Urban,Storm,-166.71,Poor
2590.28,1609.52,36.56,5.04,0.76,20.65,2.01,1.0,10.0,Suburban,Fog,-96.48,Fair
1806.29,15.31,40.6,17.24,4.84,10.7,2.38,9.0,30.8,Urban,Clear,-45.95,Excellent
2105.01,972.13,20.72,15.53,3.57,19.03,2.16,7.0,47.5,Indoor,Storm,-174.45,Poor
835.34,515.95,31.46,15.4,0.73,19.46,1.77,2.0,91.0,Suburban,Storm,-74.22,Good
5782.39,196.68,28.78,9.46,1.55,31.05,1.81,5.0,69.4,Suburban,Clear,-88.28,Fair
5019.58,13.5,20.72,14.98,4.42,35.1,1.99,3.0,23.8,Urban,Clear,-59.82,Excellent
4975.56,3109.51,29.69,11.47,3.57,49.21,2.43,8.0,40.6,Urban,Clear,-147.87,Poor
1800.77,194.36,19.82,6.79,1.22,25.63,2.44,6.0,83.8,Urban,Clear,-113.42,Poor
1801.23,119.82,25.93,8.89,4.89,47.54,2.12,2.0,31.9,Rural,Clear,-37.97,Excellent
5004.45,2113.96,22.69,8.55,2.91,42.29,1.77,2.0,69.4,Rural,Fog,-85.68,Fair
2423.14,1915.09,37.3,7.63,2.75,38.28,1.49,3.0,37.8,Indoor,Rain,-165.36,Poor
3507.43,918.03,29.06,5.88,2.93,17.0,1.42,1.0,47.3,Rural,Clear,-70.03,Good
2128.42,1731.48,42.56,8.37,3.66,34.72,1.21,0.0,18.9,Rural,Rain,-50.6,Excellent
2122.28,21.66,30.24,11.59,1.32,33.71,1.68,9.0,49.3,Urban,Rain,-74.52,Good
2582.88,1131.59,41.44,5.14,0.12,41.62,1.28,0.0,49.0,Rural,Clear,-53.0,Excellent
4984.47,76.8,39.54,4.27,3.25,33.17,2.1,3.0,47.3,Indoor,Clear,-109.31,Poor
1790.69,2194.53,31.26,13.04,2.37,48.54,1.39,3.0,94.7,Urban,Rain,-129.02,Poor
4993.49,,43.78,10.42,4.06,17.96,2.25,6.0,71.7,Indoor,Clear,-112.66,Poor
903.18,14.01,42.79,7.63,4.64,16.62,1.59,10.0,37.8,Dense Urban,Clear,-61.54,Excellent
2083.95,131.34,35.86,16.53,3.05,39.06,2.32,1.0,35.5,Suburban,Clear,-47.03,Excellent
5783.34,1102.86,38.55,9.38,2.98,49.83,1.22,3.0,71.5,Urban,Fog,-118.89,Poor
5792.88,224.91,43.92,7.31,3.18,19.52,1.34,1.0,32.9,Suburban,Rain,-73.23,Good
5810.32,1150.87,42.4,5.46,0.39,12.15,2.22,5.0,45.9,Suburban,Clear,-106.72,Poor
1811.29,12.45,41.37,7.17,1.82,36.29,2.03,4.0,75.6,Urban,Clear,-40.44,Excellent
5028.57,30.07,17.64,6.38,3.29,39.89,1.38,4.0,46.4,Indoor,Storm,-114.82,Poor
5782.14,332.02,23.04,15.87,2.63,30.42,2.37,1.0,41.1,Rural,Clear,-58.89,Excellent
5793.57,109.64,29.63,16.27,3.92,19.12,2.08,2.0,41.0,Indoor,Clear,-110.65,Poor
727.88,685.13,38.78,8.6,0.59,29.85,1.85,4.0,37.4,Suburban,Clear,-75.54,Good
3511.4,3961.91,31.49,6.18,3.18,22.31,2.14,2.0,76.1,Rural,Clear,-84.55,Good
5805.54,603.88,43.06,4.09,4.2,18.71,2.02,6.0,58.6,Indoor,Clear,-152.14,Poor
3502.38,133.8,29.88,13.46,3.32,30.05,1.2,2.0,49.3,Rural,Storm,-49.8,Excellent
874.53,290.95,35.27,16.07,0.39,11.91,2.37,5.0,51.6,Indoor,Clear,-124.43,Poor
3523.6,2908.65,44.59,8.58,3.32,38.67,2.28,4.0,69.1,Urban,Clear,-127.65,Poor
857.53,655.21,,16.0,4.25,40.62,1.95,5.0,44.8,Indoor,Rain,-137.31,Poor
2104.3,1471.49,37.91,5.96,0.74,49.41,1.88,8.0,54.8,Urban,Clear,-133.63,Poor
2602.37,65.13,44.77,11.74,3.09,45.15,2.25,2.0,36.2,Rural,Rain,-22.75,Excellent
2093.51,1020.71,29.15,3.3,2.43,21.79,1.39,6.0,86.2,Dense Urban,Clear,-156.09,Poor
2585.28,23.79,44.76,11.01,1.12,22.17,2.43,6.0,63.3,Dense Urban,Clear,-65.17,Excellent
915.32,1055.9,40.7,12.22,2.21,27.75,2.42,0.0,29.0,Rural,Clear,-38.13,Excellent
2600.57,2394.97,43.89,12.31,2.11,38.97,1.76,1.0,43.3,Rural,Clear,-51.8,Excellent
2572.04,2689.68,42.58,14.46,2.86,11.64,,2.0,42.0,Suburban,Clear,-92.44,Fair
2593.95,20.64,44.86,3.52,3.74,48.47,2.06,0.0,50.9,Rural,Clear,-9.65,Excellent
925.72,1737.11,42.54,6.46,0.48,38.11,2.23,2.0,91.6,Rural,Clear,-51.64,Excellent
1792.43,19.8,37.49,13.09,1.01,44.03,2.28,10.0,45.6,Dense Urban,Storm,-73.98,Good
894.79,195.51,42.15,11.47,3.21,37.6,2.12,7.0,51.0,Dense Urban,Fog,-94.67,Fair
2107.44,695.19,29.97,17.19,0.62,46.83,2.26,4.0,40.1,Urban,Clear,-107.73,Poor
2418.1,202.76,45.59,14.55,,42.68,1.56,3.0,57.5,Urban,Clear,-70.04,Good
1810.11,82.68,35.87,9.54,3.28,27.44,1.84,3.0,40.9,Suburban,Fog,-54.14,Excellent
2121.0,700.83,43.36,10.54,1.68,38.35,2.35,0.0,39.6,Rural,Rain,-42.08,Excellent
876.84,607.7,22.04,12.56,4.94,47.68,2.1,8.0,44.8,Urban,Rain,-116.19,Poor
925.48,374.29,23.86,2.16,2.37,47.8,2.19,1.0,56.3,Suburban,Clear,-75.76,Good
2624.24,266.82,36.54,7.83,4.81,46.01,1.79,3.0,51.0,Suburban,Clear,-67.62,Excellent
5001.15,803.1,43.42,3.95,0.89,40.0,1.88,0.0,53.5,Rural,Clear,-57.1,Excellent
907.48,122.4,43.93,5.83,4.68,35.39,1.38,9.0,71.4,Urban,Storm,-82.44,Good
4982.77,15.33,23.96,15.27,2.88,31.99,2.05,7.0,29.5,Indoor,Clear,-86.69,Fair
2396.88,282.21,49.38,10.78,4.95,17.6,1.98,7.0,57.8,Indoor,Clear,-120.67,Poor
832.16,896.57,37.03,15.77,2.99,28.35,2.47,1.0,77.9,Rural,Clear,-37.27,Excellent
1771.32,64.18,37.27,16.22,4.66,15.39,1.85,6.0,76.7,Urban,Clear,-67.12,Excellent
728.85,23.98,46.72,14.9,1.75,16.14,1.82,7.0,57.8,Urban,Clear,-41.84,Excellent
685.55,2890.89,44.53,14.19,3.16,16.31,1.88,1.0,67.5,Suburban,Clear,-75.08,Good
1805.59,2144.05,24.44,4.66,0.16,28.91,2.33,4.0,79.2,Suburban,Clear,-114.74,Poor
2088.02,466.8,20.48,6.31,2.92,13.48,1.93,5.0,39.2,Dense Urban,Rain,-148.89,Poor
3492.24,1327.48,22.95,13.27,1.87,44.37,1.81,3.0,47.1,Suburban,Fog,-104.97,Poor
843.87,4118.85,24.26,6.82,4.12,46.26,1.57,6.0,42.9,Dense Urban,Clear,-167.46,Poor
4990.1,343.88,22.89,8.0,2.48,37.04,2.5,2.0,50.1,Rural,Fog,-66.8,Excellent
908.24,45.61,35.07,16.98,2.62,30.73,2.1,5.0,37.8,Indoor,Storm,-83.41,Good
877.66,529.83,43.75,13.29,4.92,48.15,1.35,10.0,45.8,Dense Urban,Clear,-112.33,Poor
2595.72,2940.77,36.56,3.71,4.45,22.87,1.37,3.0,65.2,Suburban,Clear,-108.81,Poor
3528.4,728.94,30.18,13.54,4.66,34.16,1.93,13.0,46.8,Dense Urban,Storm,-156.96,Poor
2610.07,11.77,26.71,14.7,0.85,41.93,2.05,5.0,57.6,Urban,Clear,-51.65,Excellent
856.43,2987.54,42.82,16.61,4.4,39.45,1.62,3.0,39.5,Suburban,Clear,-74.29,Good
834.23,1081.8,37.07,12.96,2.14,43.76,1.22,2.0,70.6,Suburban,Clear,-71.72,Good
1773.78,121.49,19.39,3.53,4.26,19.32,2.02,3.0,23.9,Urban,Clear,-100.78,Poor
2121.12,4626.06,30.93,14.24,2.54,42.07,1.38,4.0,50.1,Urban,Clear,-136.83,Poor
5804.44,886.73,23.42,12.5,3.33,11.42,1.9,1.0,73.8,Suburban,Clear,-101.17,Poor
894.86,1689.82,29.04,9.3,1.25,32.06,2.38,2.0,48.2,Indoor,Rain,-158.96,Poor
868.72,3512.19,18.48,14.17,0.97,10.39,1.84,4.0,37.8,Indoor,Clear,-188.48,Poor
5788.63,12.79,22.4,10.4,2.79,23.97,1.41,7.0,77.1,Urban,Fog,-76.46,Good
867.02,1230.65,41.73,16.92,0.72,33.17,1.89,9.0,40.1,Urban,Clear,-109.34,Poor
689.68,110.34,22.65,16.91,3.12,38.42,1.33,5.0,49.0,Dense Urban,Clear,-92.11,Fair
2125.25,2216.19,20.21,5.61,0.16,29.92,2.24,5.0,48.0,Suburban,Rain,-126.58,Poor
2086.08,2355.67,22.25,9.05,1.0,47.93,1.88,2.0,45.2,Suburban,Clear,-109.6,Poor
2578.25,1723.52,48.18,5.18,1.38,30.46,1.7,1.0,77.3,Rural,Rain,-58.83,Excellent
5011.89,1267.77,47.74,7.29,0.84,12.87,1.91,1.0,24.8,Rural,Clear,-61.24,Excellent
5779.77,1392.34,36.66,5.57,0.59,17.26,1.45,2.0,41.3,Suburban,Clear,-104.51,Poor
926.96,63.15,41.55,10.19,3.82,43.81,1.59,0.0,52.5,Rural,Clear,-9.59,Excellent
5809.33,125.09,45.96,2.01,2.09,47.81,1.65,2.0,65.2,Suburban,Storm,-69.79,Excellent
2583.85,20.44,22.8,14.66,1.27,36.76,2.02,1.0,32.0,Suburban,Rain,-43.96,Excellent
682.53,1744.78,29.91,4.54,1.52,39.76,1.97,9.0,67.4,Dense Urban,Storm,-158.62,Poor
5825.43,554.05,19.4,6.39,3.97,34.76,1.36,4.0,63.2,Indoor,Clear,-167.16,Poor
856.47,450.51,35.43,4.8,1.13,35.54,2.35,2.0,28.0,Suburban,Rain,-74.35,Good
2423.62,46.15,46.05,7.66,3.81,46.58,1.53,2.0,43.0,Rural,Clear,-16.73,Excellent
3476.61,457.05,19.47,3.23,3.65,27.43,2.33,1.0,49.8,Suburban,Clear,-95.47,Fair
925.52,168.59,42.61,15.74,0.34,36.68,1.65,2.0,77.4,Rural,Clear,-21.84,Excellent
901.2,4855.13,30.14,8.64,4.53,36.95,1.87,9.0,80.4,Urban,Rain,-150.22,Poor
2110.11,2134.99,45.9,16.79,2.82,25.85,1.82,9.0,70.3,Dense Urban,Rain,-147.39,Poor
4992.37,262.79,37.11,2.75,4.19,27.95,2.06,4.0,44.0,Suburban,Fog,-83.54,Good
873.55,1520.54,29.4,4.76,1.59,22.81,1.54,9.0,59.9,Dense Urban,Clear,-160.34,Poor
2627.48,27.8,20.54,15.37,3.45,48.15,2.05,7.0,60.6,Indoor,Clear,-92.18,Fair
2129.68,18.78,35.92,9.42,3.01,15.27,1.76,0.0,31.5,Rural,Clear,-16.3,Excellent
841.87,503.63,44.37,2.95,1.35,20.15,2.16,3.0,51.4,Urban,Clear,-92.05,Fair
3526.63,915.32,18.67,2.75,4.26,40.91,1.92,4.0,85.2,Suburban,Clear,-111.34,Poor
4980.06,13.91,18.98,16.32,4.07,23.71,2.22,7.0,32.6,Urban,Clear,-69.1,Excellent
2379.28,34.87,44.07,6.19,3.35,37.72,2.35,2.0,61.4,Rural,Clear,-18.28,Excellent
824.39,281.88,20.46,8.57,4.34,39.08,1.74,1.0,55.5,Rural,Clear,-47.2,Excellent
843.48,14.78,37.76,16.35,1.1,32.11,1.45,1.0,37.0,Rural,Clear,1.13,Excellent
2073.14,139.48,38.91,12.68,3.55,26.34,1.29,11.0,69.4,Dense Urban,Clear,-111.6,Poor
2393.68,200.04,30.84,14.33,1.44,38.05,1.65,3.0,44.1,Suburban,Rain,-69.66,Excellent
2378.3,3075.65,29.28,9.54,4.7,10.41,1.95,7.0,79.2,Indoor,Clear,-190.2,Poor
913.83,71.12,40.43,13.12,2.82,38.34,2.11,1.0,98.0,Suburban,Storm,-35.92,Excellent
2420.0,28.53,23.29,11.35,4.25,33.05,2.04,1.0,56.2,Suburban,Clear,-45.06,Excellent
911.27,10.48,20.59,4.72,0.9,43.74,1.44,0.0,91.4,Rural,Clear,-22.33,Excellent
2582.03,21.29,45.87,11.16,1.59,39.64,1.84,5.0,57.5,Indoor,Fog,-70.74,Good
3516.01,1063.08,18.8,16.81,3.82,32.48,2.2,8.0,11.8,Dense Urban,Clear,-159.24,Poor
2584.97,158.79,19.58,7.52,1.79,41.24,2.22,1.0,49.0,Rural,Clear,-57.5,Excellent
715.57,34.38,45.22,9.9,0.45,16.79,1.98,5.0,53.8,Dense Urban,Clear,-60.59,Excellent
5804.04,3297.72,35.12,8.66,3.29,25.86,1.37,9.0,90.2,Dense Urban,Rain,-183.25,Poor
692.0,1335.19,22.47,13.02,0.55,31.27,1.77,2.0,57.2,Rural,Clear,-61.79,Excellent
5775.01,20.35,19.81,12.03,2.78,40.86,1.2,1.0,11.3,Rural,Clear,-39.63,Excellent
719.65,53.2,29.29,9.63,4.18,17.91,2.09,4.0,63.6,Urban,Rain,-67.88,Excellent
2426.38,1961.63,20.7,2.76,2.92,38.23,1.69,1.0,57.0,Suburban,Clear,-111.99,Poor
859.96,739.35,35.89,6.23,2.5,21.04,1.46,2.0,51.4,Rural,Clear,-51.36,Excellent
727.87,3564.5,30.57,7.03,1.14,17.94,1.5,7.0,54.9,Dense Urban,Clear,-163.69,Poor
2626.05,16.06,46.48,13.72,0.81,25.96,1.21,6.0,78.0,Dense Urban,Rain,-56.33,Excellent
3481.68,1238.26,40.93,8.34,0.09,17.87,2.29,2.0,58.2,Rural,Rain,-65.93,Excellent
863.87,16.08,30.35,8.05,4.0,27.45,1.21,0.0,58.9,Rural,Rain,-13.32,Excellent
5790.96,81.03,35.42,9.13,0.15,31.69,1.66,2.0,45.0,Rural,Clear,-46.28,Excellent
1799.25,1061.77,41.25,8.91,4.29,24.86,2.03,5.0,29.7,Urban,Rain,-113.69,Poor
1779.42,829.84,23.44,13.48,1.98,47.62,2.26,5.0,,Suburban,Clear,-92.9,Fair
928.49,10.13,36.39,12.72,4.55,36.96,2.44,2.0,43.8,Suburban,Storm,-13.74,Excellent
2113.57,,20.56,14.21,0.78,26.15,1.56,5.0,58.0,Urban,Clear,-74.26,Good
836.01,1262.84,46.57,5.32,4.05,47.87,1.2,2.0,14.6,Suburban,Fog,-69.33,Excellent
2092.29,21.9,43.86,13.86,4.33,22.71,2.16,9.0,57.1,Urban,Clear,-51.87,Excellent
895.35,,47.11,6.74,2.09,35.57,1.86,2.0,53.9,Rural,Clear,-14.75,Excellent
714.85,31.36,23.43,2.0,4.91,28.81,1.74,7.0,56.3,Urban,Fog,-74.75,Good
1825.54,19.99,42.12,12.23,1.06,44.9,2.12,2.0,59.7,Rural,Clear,-6.24,Excellent
2589.29,1811.46,36.8,2.19,0.56,27.54,2.49,2.0,64.6,Rural,Clear,-73.8,Good
3498.35,14.64,47.15,3.57,4.86,11.58,1.49,1.0,66.2,Suburban,Clear,-25.59,Excellent
1805.59,279.76,19.52,2.66,1.28,22.31,2.02,9.0,51.2,Dense Urban,Storm,-154.71,Poor
1793.6,740.45,33.17,11.7,0.14,22.63,1.97,3.0,73.8,Suburban,Clear,-86.36,Fair
3500.25,14.3,22.24,5.33,1.97,25.8,2.0,2.0,53.4,Rural,Clear,-38.78,Excellent
2576.34,512.39,46.18,14.95,4.96,39.23,1.89,8.0,28.0,,Clear,-96.26,Fair
4980.06,79.73,22.66,7.7,4.2,38.32,2.47,4.0,69.1,Urban,Rain,-99.01,Fair
5794.07,1777.11,19.72,7.36,0.48,14.34,1.53,3.0,51.1,Urban,Fog,-152.39,Poor
5024.9,1421.87,19.1,10.24,1.8,12.26,2.33,5.0,47.6,Urban,Clear,-151.56,Poor
5790.96,1389.08,46.19,14.4,2.68,17.58,2.06,6.0,84.5,Urban,Fog,-122.51,Poor
2084.99,119.12,38.03,13.14,3.98,27.98,2.38,0.0,50.6,Rural,Clear,-25.04,Excellent
1814.57,1659.71,17.98,5.3,0.96,33.02,2.24,8.0,60.8,Urban,Clear,-152.99,Poor
1826.95,501.54,30.96,14.22,0.45,28.39,2.06,2.0,75.9,Suburban,Rain,-80.55,Good
897.55,105.21,31.4,10.11,3.67,42.48,1.26,,44.5,Urban,Storm,-70.93,Good
3470.52,16.51,43.86,17.8,0.11,30.31,1.99,1.0,69.8,Rural,Storm,-13.63,Excellent
3511.29,15.15,22.81,10.27,2.58,39.59,1.49,4.0,58.4,Urban,Clear,-64.56,Excellent
4994.9,47.7,20.8,6.58,3.53,49.54,1.64,8.0,81.2,Dense Urban,Storm,-119.57,Poor
860.42,64.35,44.95,14.18,3.33,36.26,1.72,4.0,43.8,Indoor,Fog,-73.69,Good
2086.66,3186.92,29.91,2.47,2.55,34.73,2.34,7.0,42.3,Indoor,Clear,-196.19,Poor
870.14,4998.08,20.04,13.59,3.91,40.58,2.42,0.0,60.8,Rural,Rain,-68.9,Excellent
4990.67,24.42,33.2,10.69,2.95,30.19,2.2,6.0,35.5,Urban,Rain,-70.55,Good
912.29,3503.51,30.46,4.81,4.12,46.7,1.4,0.0,80.0,Rural,Fog,-63.6,Excellent
843.59,807.11,21.49,2.39,2.9,35.32,1.71,1.0,49.4,Suburban,Clear,-90.97,Fair
2383.15,221.68,24.31,2.75,2.16,46.04,1.21,3.0,89.5,Urban,Fog,-108.5,Poor
4997.84,3772.86,20.6,3.31,2.99,29.49,2.31,13.0,35.1,Dense Urban,Rain,-211.38,Poor
5815.14,843.79,45.02,9.8,2.13,19.21,1.38,1.0,75.9,Suburban,Clear,-84.07,Good
677.17,400.18,18.34,13.32,1.05,43.67,2.04,2.0,50.0,Suburban,Clear,-74.11,Good
1811.51,36.77,37.36,4.14,2.36,17.21,1.89,3.0,43.0,Indoor,Fog,-93.39,Fair
860.04,45.68,19.91,4.54,4.74,48.5,1.53,4.0,63.9,Urban,Storm,-76.65,Good
1792.24,2884.8,41.13,15.02,2.94,46.62,1.95,9.0,57.8,Urban,Clear,-131.24,Poor
2428.22,38.05,29.87,5.65,3.64,25.24,1.59,9.0,66.2,Urban,Storm,-89.08,Fair
923.68,12.22,45.77,15.25,3.29,44.55,1.61,5.0,40.9,Urban,Fog,-21.72,Excellent
688.97,52.3,19.91,3.52,2.31,46.38,1.37,3.0,24.0,Suburban,Rain,-62.05,Excellent
2371.87,198.16,23.74,15.39,2.04,25.09,1.91,0.0,68.0,Rural,Clear,-45.68,Excellent
688.5,107.38,27.36,13.72,0.99,45.57,2.37,4.0,41.6,Urban,Fog,-74.8,Good
882.28,3355.09,18.33,4.36,0.08,36.79,1.65,7.0,56.0,Indoor,Clear,-197.42,Poor
702.84,134.81,29.27,7.41,4.32,22.63,1.95,4.0,67.3,Indoor,Clear,-109.09,Poor
725.12,2509.15,31.99,7.33,1.39,28.55,1.69,2.0,58.1,Rural,Clear,-63.6,Excellent
2122.22,402.7,33.55,4.14,2.96,46.74,1.57,2.0,51.0,Suburban,Clear,-79.22,Good
4988.35,259.77,37.01,8.03,2.31,35.56,1.84,12.0,43.9,Dense Urban,Rain,-137.69,Poor
3495.72,27.06,23.07,12.85,0.55,35.92,1.53,5.0,76.9,Urban,Clear,-73.49,Good
672.19,53.89,19.33,13.69,0.18,39.06,2.1,2.0,70.4,Indoor,Clear,-92.47,Fair
702.65,2190.07,31.36,5.25,4.71,39.88,2.39,3.0,78.0,Suburban,Clear,-92.5,Fair
1773.8,1273.74,37.67,13.55,1.81,23.47,1.74,7.0,32.8,Urban,Rain,-120.95,Poor
2626.32,161.28,30.42,6.27,1.57,43.99,2.08,5.0,42.0,Indoor,Clear,-127.52,Poor
3522.02,2840.69,28.13,2.68,0.42,33.51,1.52,5.0,47.3,Urban,Rain,-158.05,Poor
4982.85,1625.32,48.97,5.11,0.01,48.97,1.87,2.0,61.9,Suburban,Clear,-89.41,Fair
1811.96,20.07,39.28,7.48,3.62,32.18,1.97,6.0,88.6,Dense Urban,Clear,-64.35,Excellent
854.08,431.9,20.44,2.57,4.43,17.77,2.29,0.0,56.1,Rural,Clear,-59.21,Excellent
718.08,1432.37,31.49,3.52,1.27,12.76,2.1,0.0,46.4,,Clear,-60.24,Excellent
848.54,1519.49,20.08,7.7,2.24,37.52,1.58,3.0,60.0,Suburban,Clear,-101.48,Poor
681.51,17.64,47.23,16.79,3.1,32.52,2.21,6.0,27.7,Urban,Clear,-25.74,Excellent
5008.39,40.38,41.04,12.17,0.83,44.72,2.3,7.0,12.8,Urban,Storm,-76.41,Good
874.82,130.25,26.59,16.95,1.85,44.02,1.91,5.0,31.3,Dense Urban,Clear,-91.82,Fair
5005.08,47.77,21.1,2.6,2.45,25.14,1.94,3.0,46.7,Urban,Fog,-95.15,Fair
2382.76,19.68,41.79,15.89,3.22,49.73,2.08,11.0,63.6,Dense Urban,Clear,-65.97,Excellent
2411.1,497.87,22.03,4.17,4.91,43.94,1.81,5.0,77.3,Indoor,Clear,-155.69,Poor
2119.68,234.24,43.67,5.79,2.48,12.84,1.95,2.0,81.5,Rural,Clear,-42.16,Excellent
4976.57,26.2,45.61,3.61,1.29,23.51,2.1,7.0,73.0,Indoor,Fog,-98.33,Fair
694.02,382.5,22.96,8.58,3.27,36.01,1.55,9.0,28.8,Urban,Rain,-116.19,Poor
714.01,14.7,35.22,5.24,0.57,11.77,1.31,2.0,50.7,Suburban,Clear,-29.87,Excellent
2079.82,108.1,18.09,13.83,0.03,21.56,1.61,1.0,83.3,Rural,Clear,-50.81,Excellent
1803.99,1377.15,37.06,14.08,1.88,32.07,1.72,2.0,26.9,Indoor,Clear,-144.98,Poor
2410.31,2524.74,42.19,6.65,0.35,48.32,2.36,9.0,55.2,Urban,Clear,-136.7,Poor
3491.29,45.91,20.01,14.8,2.39,44.76,2.38,6.0,55.5,Urban,Clear,-82.41,Good
2419.92,2088.28,46.82,4.62,1.63,11.41,2.0,2.0,70.9,Rural,Clear,-63.98,Excellent
900.64,2551.69,25.46,2.64,4.47,41.7,1.33,9.0,10.0,Dense Urban,Clear,-173.56,Poor
1807.62,434.47,29.97,4.64,0.89,15.9,1.38,9.0,67.1,Urban,Clear,-128.85,Poor
3478.45,4475.78,25.72,5.93,3.47,46.87,1.2,1.0,30.7,Rural,Clear,-84.33,Good
871.39,46.18,46.61,2.81,3.16,36.6,1.78,0.0,72.4,Rural,Clear,-8.79,Excellent
2373.04,15.35,44.03,3.76,4.98,15.78,2.08,3.0,29.8,Indoor,Clear,-62.99,Excellent
2424.24,1889.85,47.58,6.84,2.84,49.38,2.42,0.0,57.2,Rural,Fog,-46.8,Excellent
3522.96,211.35,31.08,15.64,4.04,14.33,1.49,6.0,15.7,Indoor,Clear,-128.95,Poor
3518.46,86.11,35.8,15.69,1.76,17.91,1.38,2.0,34.3,Rural,Fog,-35.37,Excellent
2081.98,14.1,38.62,17.9,0.36,13.01,1.55,4.0,64.5,Urban,Clear,-42.73,Excellent
1801.53,14.94,22.44,3.57,2.02,24.94,1.91,1.0,41.4,Suburban,Storm,-52.21,Excellent
1817.77,17.57,46.45,2.03,3.36,16.97,1.25,8.0,66.9,Urban,Storm,-61.22,Excellent
2110.48,31.31,46.2,11.05,1.27,49.68,2.28,0.0,61.0,Rural,Clear,-4.69,Excellent
876.93,4159.9,47.72,11.65,0.69,31.4,2.0,5.0,51.8,Dense Urban,Rain,-144.02,Poor
2623.73,57.48,30.59,,0.52,41.06,2.2,,11.7,Suburban,Rain,-63.1,Excellent
879.64,1603.93,17.92,14.75,2.64,21.9,2.44,13.0,58.1,Dense Urban,Clear,-172.88,Poor
2580.31,11.28,23.14,17.3,1.67,20.51,2.15,6.0,69.0,Indoor,Clear,-77.1,Good
3524.06,73.89,38.25,7.31,3.82,29.71,2.25,4.0,65.1,Urban,Clear,-77.17,Good
5799.08,2791.17,42.17,17.13,3.19,41.1,2.05,4.0,37.9,Indoor,Clear,-162.88,Poor
842.37,31.58,41.29,3.67,4.69,35.19,1.56,9.0,59.5,Urban,Clear,-60.37,Excellent
3503.22,58.42,44.42,9.61,4.9,29.19,1.47,5.0,50.9,Suburban,Rain,-53.01,Excellent
728.88,1701.14,41.47,5.15,0.0,15.72,2.47,2.0,57.7,Suburban,Clear,-84.49,Good
1777.18,21.26,47.2,11.35,1.18,29.86,1.74,4.0,79.1,Suburban,Clear,-25.53,Excellent
865.42,13.92,47.6,3.14,1.21,35.63,1.86,8.0,60.4,Dense Urban,Rain,-53.51,Excellent
840.06,4047.08,29.03,10.07,4.4,12.59,1.47,7.0,44.3,Dense Urban,Fog,-169.35,Poor
827.02,123.74,41.89,4.77,0.66,35.01,1.35,2.0,65.4,Rural,Clear,-31.76,Excellent
695.32,596.45,22.29,8.68,2.09,48.44,1.78,2.0,56.7,Suburban,Clear,-82.19,Good
5002.93,22.03,41.52,13.01,0.27,18.23,2.02,0.0,74.8,Rural,Clear,-19.13,Excellent
682.36,39.29,20.34,7.34,2.39,19.2,2.34,7.0,32.6,Urban,Clear,-78.15,Good
1794.32,174.37,20.56,10.65,0.19,27.8,1.63,4.0,31.3,Urban,Clear,-99.82,Fair
2608.14,664.08,24.09,17.54,3.62,38.74,1.72,3.0,50.0,Suburban,Clear,-87.52,Fair
5804.59,61.87,35.75,16.01,2.59,29.39,2.33,3.0,20.1,Urban,Rain,-74.36,Good
5013.39,2441.18,47.26,17.95,4.99,15.97,2.12,4.0,46.3,Suburban,Clear,-90.17,Fair
870.18,1283.17,35.52,4.83,4.93,39.1,1.57,9.0,58.6,Urban,Clear,-123.72,Poor
5794.55,308.06,38.26,9.91,3.92,31.21,2.39,7.0,76.7,Dense Urban,Clear,-126.83,Poor
2595.38,173.54,40.77,14.55,1.46,40.71,1.26,1.0,47.4,Rural,Clear,-30.4,Excellent
849.8,470.03,48.35,16.86,0.56,20.47,2.04,5.0,72.0,Urban,Clear,-82.87,Good
2103.98,943.49,36.22,5.85,0.78,49.32,2.46,6.0,59.1,Urban,Clear,-123.1,Poor
5776.5,23.13,43.9,17.8,3.45,16.41,1.28,3.0,52.0,Suburban,Clear,-31.88,Excellent
1788.76,2001.03,31.02,9.06,0.67,48.6,1.92,2.0,35.1,Suburban,Rain,-101.64,Poor
830.31,209.36,44.1,14.35,1.42,13.53,1.68,3.0,43.0,Indoor,Clear,-99.53,Fair
4993.15,3345.53,31.25,10.29,0.46,20.52,1.74,2.0,43.9,Rural,Clear,-84.45,Good
5828.4,3792.98,45.17,6.76,0.26,15.63,1.51,6.0,48.4,Urban,Clear,-149.03,Poor
5804.96,12.1,45.54,3.74,1.95,42.97,2.38,2.0,44.0,Indoor,Clear,-62.26,Excellent
5795.76,109.07,44.99,4.59,2.07,37.84,1.41,7.0,71.6,Indoor,Fog,-122.76,Poor
5003.96,263.19,25.42,12.36,0.96,30.38,1.31,8.0,51.8,Dense Urban,Clear,-136.27,Poor
2110.14,285.99,28.25,10.86,4.6,47.56,1.33,1.0,87.3,Suburban,Clear,-68.4,Excellent
846.1,1658.12,43.65,8.92,3.04,17.12,1.25,1.0,36.6,Rural,Clear,-44.54,Excellent
2596.86,24.03,45.06,12.02,1.46,24.51,1.94,6.0,70.6,Urban,Clear,-50.66,Excellent
912.08,478.7,38.64,10.12,4.17,10.38,1.53,5.0,31.9,Dense Urban,Clear,-115.74,Poor
2073.65,3499.78,46.48,4.26,2.76,26.87,2.37,2.0,49.6,Suburban,Clear,-95.1,Fair
2602.4,4898.24,29.05,6.18,2.23,12.04,2.21,6.0,49.8,Urban,Fog,-162.33,Poor
5802.84,10.65,46.21,8.91,3.76,18.58,1.99,1.0,50.4,Rural,Storm,-19.01,Excellent
915.41,4216.28,29.42,8.37,1.83,17.83,1.55,2.0,76.0,Rural,Fog,-74.33,Good
928.96,21.37,38.56,16.44,4.01,32.62,2.45,6.0,56.5,Dense Urban,Clear,-51.9,Excellent
3517.75,281.33,36.63,17.07,0.02,21.56,1.42,4.0,88.0,Suburban,Clear,-73.86,Good
700.23,46.23,47.36,10.54,1.23,13.28,2.41,7.0,79.7,Urban,Fog,-57.46,Excellent
2380.17,433.14,42.4,6.25,2.65,36.8,1.62,5.0,53.0,Suburban,Rain,-82.56,Good
3505.3,12.59,49.37,14.78,4.18,16.67,2.12,4.0,74.3,Urban,Rain,-34.4,Excellent
2420.06,43.98,16.71,4.91,3.72,19.12,2.11,5.0,30.7,Urban,Clear,-91.79,Fair
1825.94,64.75,23.57,9.87,4.67,32.21,1.9,7.0,53.1,Dense Urban,Clear,-98.6,Fair
5019.52,2959.35,45.98,17.91,1.3,49.1,1.63,5.0,51.3,Suburban,Clear,-94.68,Fair
1781.34,376.01,19.93,16.0,4.61,42.89,1.53,2.0,63.1,Rural,Clear,-49.77,Excellent
3512.75,815.52,43.43,16.87,0.57,42.69,1.77,5.0,66.5,Suburban,Clear,-80.35,Good
2122.81,667.64,37.09,3.57,1.0,36.16,2.38,11.0,37.7,Dense Urban,Storm,-153.21,Poor
710.86,114.49,30.33,9.39,2.33,21.89,1.61,0.0,62.4,Rural,Clear,-27.98,Excellent
2411.15,10.91,20.61,14.31,1.05,33.54,2.0,1.0,79.2,Rural,Fog,-25.24,Excellent
700.01,19.45,22.62,4.5,0.16,41.92,1.31,2.0,68.3,Rural,Fog,-27.95,Excellent
5808.22,173.11,41.85,14.3,3.2,17.17,1.42,7.0,61.9,Indoor,Clear,-124.19,Poor
2587.66,3471.57,22.77,7.47,2.04,48.23,1.22,3.0,71.6,Suburban,Storm,-124.57,Poor
1775.33,46.92,46.84,16.2,4.61,42.47,2.39,11.0,10.0,Dense Urban,Clear,-75.26,Good
2119.66,766.9,17.37,8.68,4.92,32.96,2.0,5.0,18.9,Indoor,Clear,-163.47,Poor
2626.59,1701.99,30.07,6.0,4.63,29.55,2.17,2.0,86.0,Suburban,Clear,-100.8,Poor
921.41,2801.47,22.06,16.67,2.58,39.91,2.14,5.0,66.4,Suburban,Rain,-104.96,Poor
890.03,61.96,38.38,13.4,1.54,48.33,1.23,3.0,60.1,Urban,Clear,-51.48,Excellent
2075.61,3262.16,22.51,9.41,4.78,20.08,1.81,3.0,56.9,Indoor,Clear,-187.11,Poor
886.81,437.45,37.56,17.38,1.87,13.64,2.36,5.0,53.8,Suburban,Fog,-69.52,Excellent
3520.57,235.6,42.95,11.64,1.89,35.49,2.15,12.0,62.7,Dense Urban,Rain,-124.87,Poor
859.35,1261.42,44.96,11.39,3.18,23.99,2.12,4.0,59.9,Suburban,Clear,-73.52,Good
5028.0,44.08,37.95,7.78,3.17,21.48,2.01,3.0,47.0,Suburban,Rain,-55.19,Excellent
1790.56,1560.02,48.2,15.36,0.52,27.42,1.58,1.0,59.1,Rural,Rain,-41.44,Excellent
2403.09,567.85,40.7,11.36,0.96,34.76,1.67,8.0,58.7,Urban,Rain,-115.79,Poor
867.4,1437.03,41.18,11.95,0.0,17.63,1.2,2.0,43.2,Rural,Clear,-49.92,Excellent
1784.04,2039.71,37.02,16.98,0.49,28.72,2.08,8.0,75.5,Urban,Clear,-127.66,Poor
3527.85,463.66,32.0,6.32,1.71,28.68,1.54,4.0,43.1,Indoor,Clear,-152.59,Poor
905.54,12.56,39.42,14.65,4.74,19.0,1.67,1.0,40.9,Suburban,Rain,-12.71,Excellent
820.47,63.62,18.91,14.97,4.0,10.05,1.31,5.0,46.2,Urban,Clear,-77.02,Good
2371.51,2342.87,45.39,3.01,1.14,18.23,2.34,3.0,27.4,Suburban,Clear,-96.59,Fair
872.93,492.19,50.0,13.56,0.58,11.04,1.43,11.0,52.1,Dense Urban,Clear,-116.49,Poor
1808.72,2524.85,22.17,15.29,4.99,11.4,1.78,10.0,46.8,Dense Urban,Clear,-177.7,Poor
2115.78,109.1,44.01,10.58,3.6,32.96,1.67,5.0,66.3,Suburban,Clear,-50.44,Excellent
2417.04,230.27,42.32,3.78,2.62,49.6,1.46,3.0,52.8,Urban,Rain,-91.96,Fair
2595.23,2128.68,46.71,3.26,4.89,23.19,2.3,2.0,23.7,Rural,Clear,-61.33,Excellent
2617.92,1139.46,44.7,2.38,4.77,43.36,1.53,3.0,46.3,Urban,Rain,-114.69,Poor
,104.44,41.74,7.86,0.58,25.84,1.61,3.0,28.1,Urban,Clear,-81.69,Good
680.33,11.51,45.44,11.94,3.18,36.38,2.28,1.0,73.5,Rural,Clear,12.02,Excellent
1815.85,2376.9,22.18,11.12,3.45,29.08,1.74,2.0,74.5,Indoor,Fog,-175.24,Poor
688.47,1325.42,29.54,10.16,4.32,49.28,1.94,3.0,61.9,Suburban,Clear,-82.95,Good
689.29,163.03,20.79,8.68,2.49,35.4,2.2,8.0,68.1,Dense Urban,Rain,-119.84,Poor
894.77,298.05,48.84,12.89,3.4,32.45,1.66,4.0,56.5,Suburban,Clear,-51.27,Excellent
2421.82,35.6,22.11,16.13,1.77,23.96,1.79,2.0,59.9,Suburban,Rain,-54.0,Excellent
4971.32,129.49,35.52,15.22,2.01,42.58,1.63,7.0,43.1,Urban,Clear,-91.8,Fair
3496.04,27.57,20.01,13.44,2.82,49.83,1.32,5.0,48.0,Suburban,Fog,-59.14,Excellent
2610.8,37.01,21.72,6.68,1.07,20.97,2.09,2.0,68.9,Rural,Clear,-46.99,Excellent
3476.62,1924.54,40.55,17.05,3.96,15.25,1.68,5.0,37.9,Urban,Clear,-119.37,Poor
867.54,95.13,24.6,15.78,2.49,48.86,1.27,2.0,57.6,Rural,Rain,-32.07,Excellent
5026.51,1580.93,37.12,17.16,4.26,38.33,2.44,0.0,43.3,Rural,Clear,-51.96,Excellent
4975.46,190.13,30.27,11.9,3.93,12.35,1.78,5.0,42.4,Urban,Fog,-105.19,Poor
679.18,15.52,34.11,7.33,2.81,18.14,1.22,7.0,75.4,Urban,Clear,-52.77,Excellent
2128.45,94.57,22.12,9.23,3.44,40.35,1.67,2.0,64.7,Indoor,Clear,-110.8,Poor
4981.87,26.74,27.88,7.24,4.24,46.57,2.16,3.0,59.9,Suburban,Clear,-52.61,Excellent
2074.74,744.63,19.97,7.61,1.69,12.58,1.55,5.0,36.6,Urban,Fog,-135.48,Poor
5027.13,2882.87,37.2,8.81,3.64,14.65,1.24,4.0,55.0,Indoor,Clear,-183.62,Poor
5823.56,1146.88,20.2,16.96,4.62,15.22,2.49,0.0,49.1,Rural,Clear,-71.92,Good
2109.34,1261.77,42.0,9.96,0.16,47.22,2.01,3.0,32.1,Suburban,Clear,-82.16,Good
703.09,2119.1,44.72,8.47,2.5,47.24,1.85,2.0,64.9,Rural,Fog,-44.84,Excellent
1825.15,1247.94,29.71,12.23,0.72,34.96,2.22,6.0,63.5,Urban,Storm,-131.07,Poor
909.33,342.42,46.54,6.58,1.93,26.51,1.59,6.0,17.5,Indoor,Clear,-120.43,Poor
2109.5,846.86,29.13,2.14,4.14,32.39,2.03,8.0,51.4,Urban,Rain,-135.43,Poor
2420.62,132.63,44.59,13.68,1.0,35.81,1.24,7.0,86.1,Indoor,Rain,-108.66,Poor
2109.19,15.53,35.66,7.32,0.18,43.93,1.58,11.0,59.2,Dense Urban,Clear,-78.43,Good
850.22,802.3,36.01,5.8,1.42,36.82,1.26,3.0,86.0,Urban,Fog,-108.42,Poor
1793.38,886.63,29.32,10.56,3.9,37.25,1.48,,61.5,Suburban,Clear,-84.08,Good
2600.19,40.16,44.35,4.58,0.54,48.9,2.29,5.0,65.1,Dense Urban,Fog,-77.5,Good
701.35,3755.43,42.33,6.45,2.93,16.63,1.69,1.0,51.2,Rural,Clear,-55.39,Excellent
891.65,13.86,31.85,10.2,3.71,40.14,1.31,1.0,38.9,Rural,Rain,-7.74,Excellent
4996.89,969.02,42.56,17.59,2.85,47.78,2.47,8.0,37.7,Urban,Clear,-115.08,Poor
718.11,4110.49,28.14,5.9,4.67,17.29,1.78,6.0,74.9,Indoor,Rain,-188.43,Poor
2094.99,68.29,42.61,9.47,3.79,24.99,1.44,8.0,50.8,Dense Urban,Storm,-95.71,Fair
871.53,2902.13,32.75,10.45,0.44,24.86,1.67,3.0,45.6,Suburban,Rain,-101.95,Poor
836.98,1700.3,44.71,13.41,4.28,44.33,1.25,5.0,88.8,Dense Urban,Clear,-119.83,Poor
2083.9,1019.36,23.43,10.35,2.74,33.8,1.74,3.0,93.4,Urban,Rain,-123.52,Poor
2417.61,3751.93,38.74,13.73,4.84,35.14,1.67,0.0,58.8,Rural,Rain,-58.36,Excellent
846.96,582.48,37.79,15.83,4.93,34.05,2.39,6.0,24.0,Urban,Fog,-92.19,Fair
686.82,216.6,36.89,6.52,0.82,27.57,2.04,0.0,53.0,Rural,Rain,-31.65,Excellent
868.64,666.26,28.14,15.37,1.24,17.28,2.02,3.0,36.3,Suburban,Clear,-80.6,Good
2571.15,129.27,22.86,6.2,3.27,11.82,2.43,11.0,33.0,Dense Urban,Clear,-137.45,Poor
4980.46,75.31,45.34,14.95,0.28,21.19,1.39,6.0,80.0,Indoor,Clear,-100.86,Poor
869.62,16.67,22.43,12.19,2.0,49.2,1.89,1.0,32.3,Suburban,Clear,-30.46,Excellent
1803.04,104.77,23.06,11.1,4.94,42.64,2.04,1.0,42.4,Rural,Clear,-39.11,Excellent
1816.42,1471.63,43.08,9.42,2.63,18.35,1.81,2.0,51.4,Rural,Clear,-55.69,Excellent
1820.29,3562.07,20.86,10.73,1.66,21.33,1.45,6.0,34.0,Urban,Rain,-157.36,Poor
926.52,4284.55,43.69,5.75,0.93,30.95,1.55,2.0,44.1,Rural,Clear,-61.62,Excellent
673.81,36.09,29.13,9.97,3.75,36.55,1.22,11.0,34.7,Dense Urban,Rain,-87.3,Fair
2417.95,348.56,43.04,11.74,4.65,12.81,1.53,7.0,31.7,Urban,Rain,-99.93,Fair
1812.53,,23.81,8.11,4.62,12.61,1.93,7.0,52.7,Urban,Clear,-117.9,Poor
1782.42,29.86,42.01,8.11,0.33,35.72,2.29,1.0,54.1,Suburban,Clear,-30.18,Excellent
925.9,371.36,48.17,7.56,0.38,34.21,2.1,1.0,29.6,Rural,Clear,-30.86,Excellent
5794.25,95.3,36.97,15.09,4.95,31.96,2.43,6.0,30.8,Indoor,Clear,-108.8,Poor
2623.26,3495.64,39.4,8.15,4.77,22.75,2.49,13.0,31.1,Dense Urban,Clear,-175.13,Poor
2106.31,48.84,34.91,11.29,1.1,29.54,1.55,5.0,30.8,Urban,Clear,-66.73,Excellent
901.6,1792.81,30.98,17.56,0.99,36.54,2.05,0.0,52.3,Rural,Rain,-51.1,Excellent
4979.57,2633.82,35.66,2.48,2.95,19.26,2.16,7.0,59.8,Indoor,Clear,-194.18,Poor
5024.86,968.49,36.05,5.52,1.59,11.26,1.27,5.0,46.0,Suburban,Fog,-109.46,Poor
703.4,37.97,21.36,16.8,3.59,29.7,1.86,4.0,78.5,Indoor,Clear,-83.37,Good
5770.37,50.43,29.66,13.47,1.03,38.12,2.21,3.0,80.0,Suburban,Clear,-59.19,Excellent
2571.1,4178.48,40.9,8.02,4.03,17.87,1.81,1.0,20.9,Suburban,Clear,-100.12,Poor
716.66,16.02,23.78,3.44,1.41,24.51,1.74,3.0,56.8,Suburban,Clear,-44.41,Excellent
3479.72,20.7,28.96,10.22,0.7,22.81,1.91,5.0,21.1,Suburban,Clear,-56.29,Excellent
855.92,4376.53,30.78,14.54,1.71,43.08,1.34,6.0,56.8,Indoor,Clear,-178.27,Poor
710.86,1249.73,36.64,8.77,0.1,49.06,1.3,7.0,73.9,Indoor,,-157.12,Poor
836.76,1033.87,24.25,15.5,3.22,30.18,1.21,1.0,61.3,Rural,Rain,-54.64,Excellent
2104.16,27.06,45.56,6.65,0.34,25.9,1.74,5.0,38.8,Dense Urban,Fog,-69.55,Excellent
2584.42,208.75,37.61,9.92,0.74,35.01,1.8,3.0,76.4,Suburban,Rain,-71.92,Good
2126.78,1858.63,37.3,3.44,3.97,49.12,2.43,8.0,40.0,Urban,Rain,-136.23,Poor
871.61,77.2,43.12,10.41,2.53,39.88,2.38,2.0,58.9,Rural,Clear,-13.24,Excellent
837.28,33.13,21.56,15.78,,12.82,1.69,0.0,36.8,Rural,Clear,-24.82,Excellent
5001.73,10.7,20.3,4.44,1.41,26.81,2.46,6.0,60.7,Urban,Storm,-85.16,Fair
5800.04,478.88,23.15,11.75,4.86,17.86,1.41,9.0,49.2,Urban,Clear,-135.31,Poor
3527.6,62.08,35.95,7.03,4.94,16.24,1.51,7.0,20.8,Indoor,Clear,-110.43,Poor
843.64,2143.02,27.98,7.65,1.83,37.25,1.87,5.0,47.1,Indoor,Fog,-173.86,Poor
5003.73,58.24,41.74,2.14,3.94,39.62,1.69,13.0,68.3,Dense Urban,Fog,-109.83,Poor
2625.72,25.65,45.07,10.53,4.01,29.44,1.89,10.0,78.4,Dense Urban,Clear,-72.74,Good
2379.77,3910.38,29.65,17.77,4.57,28.02,1.21,1.0,47.2,Rural,Clear,-64.76,Excellent
853.03,4017.02,23.51,4.35,4.31,24.52,2.08,1.0,75.4,Suburban,Clear,-108.79,Poor
5776.34,706.09,30.81,5.75,2.2,47.94,1.56,12.0,44.4,Dense Urban,Clear,-162.17,Poor
2107.05,3203.95,29.39,5.62,1.8,21.21,1.6,9.0,96.1,Urban,Clear,-158.97,Poor
691.94,27.34,32.38,10.99,4.68,18.58,2.39,4.0,40.8,Suburban,Fog,-36.08,Excellent
928.06,174.76,29.44,5.04,2.04,47.79,2.35,5.0,56.1,Suburban,Clear,-70.91,Good
2094.92,35.56,27.08,17.23,2.6,32.4,1.73,6.0,30.9,Urban,Rain,-66.07,Excellent
678.17,195.98,29.48,13.14,0.48,15.23,1.69,7.0,50.7,Indoor,Clear,-123.49,Poor
1820.04,1365.73,30.07,12.0,1.47,41.94,2.23,2.0,66.9,Suburban,Storm,-97.36,Fair
2119.25,1907.37,25.09,2.06,0.81,34.71,2.15,5.0,98.0,Suburban,Clear,-121.11,Poor
5811.69,10.26,24.81,9.53,0.41,42.13,1.38,7.0,41.5,Indoor,Clear,-91.57,Fair
714.93,112.53,36.85,14.95,1.85,34.07,1.72,5.0,11.6,Suburban,Rain,-50.26,Excellent
2385.88,4819.05,28.27,10.11,2.58,44.55,1.85,1.0,78.3,Rural,Storm,-84.83,Good
5808.52,389.53,21.56,13.81,3.9,39.44,1.81,4.0,56.0,Suburban,Clear,-91.27,Fair
4972.28,63.01,44.14,12.91,3.04,37.29,1.33,9.0,81.8,Dense Urban,Clear,-89.78,Fair
5781.81,112.17,47.33,16.87,4.12,44.26,2.02,7.0,32.5,Indoor,Clear,-95.82,Fair
875.94,74.23,29.03,7.87,1.16,21.16,2.03,1.0,95.2,Suburban,Fog,-53.34,Excellent
5014.35,161.46,34.97,15.21,3.98,13.14,2.22,2.0,43.1,Rural,Clear,-44.32,Excellent
5783.84,158.36,46.2,6.17,0.26,11.74,1.99,1.0,51.1,Suburban,Clear,-67.55,Excellent
1776.68,233.35,23.47,10.92,1.39,17.58,1.26,3.0,57.1,Urban,Clear,-103.16,Poor
2126.94,179.34,23.85,11.89,2.22,28.47,1.52,2.0,32.4,Suburban,Clear,-73.11,Good
2376.73,247.16,29.16,9.08,4.79,10.3,1.9,7.0,48.0,Urban,Fog,-108.54,Poor
2085.42,11.9,29.82,3.64,0.45,36.71,1.74,0.0,20.9,Rural,Clear,-25.06,Excellent
880.96,14.02,30.03,8.95,1.31,48.1,1.99,2.0,67.4,Indoor,Clear,-54.28,Excellent
5770.45,100.39,38.45,,0.76,26.82,1.29,1.0,45.9,Rural,Storm,-54.31,Excellent
5788.85,2445.86,24.99,9.8,2.13,31.84,1.6,13.0,10.0,Dense Urban,Clear,-192.11,Poor
1828.45,1362.8,39.4,2.33,1.64,48.3,1.48,10.0,47.3,Dense Urban,Clear,-154.45,Poor
4990.51,19.83,21.95,9.73,0.46,14.83,1.96,6.0,60.8,Urban,Clear,-82.09,Good
1800.26,216.54,48.72,8.04,2.41,25.89,1.36,1.0,61.3,Suburban,Fog,-52.39,Excellent
3514.76,428.31,24.52,2.22,2.43,49.48,1.64,1.0,89.3,Suburban,Clear,-92.34,Fair
2403.06,198.94,22.12,11.96,3.15,15.61,2.3,10.0,58.7,Dense Urban,Rain,-135.36,Poor
2114.62,763.33,22.3,7.01,4.2,45.24,2.12,5.0,50.0,Suburban,Clear,-102.2,Poor
859.7,4915.68,27.94,11.32,4.87,26.29,1.78,3.0,52.3,Suburban,Fog,-104.9,Poor
2606.51,18.21,49.55,16.17,0.52,30.68,1.85,9.0,87.7,Urban,Rain,-51.51,Excellent
1808.98,246.27,35.54,15.83,1.69,42.97,1.22,4.0,36.3,Urban,Clear,-84.53,Good
917.95,241.48,44.33,10.06,4.86,49.4,2.26,10.0,46.3,Dense Urban,Clear,-105.64,Poor
862.61,329.49,39.17,9.54,2.84,11.07,1.61,6.0,69.7,Indoor,Clear,-124.92,Poor
5817.51,28.23,30.69,10.53,1.98,23.92,1.52,2.0,59.1,Rural,Clear,-35.26,Excellent
828.74,528.33,39.92,8.25,2.17,21.68,1.62,13.0,33.2,Dense Urban,Clear,-137.61,Poor
3510.66,13.17,28.58,6.72,4.21,28.41,1.46,8.0,59.8,Urban,Storm,-73.6,Good
5014.22,1000.62,43.54,4.52,4.32,16.22,2.26,4.0,90.5,Indoor,Fog,-156.45,Poor
688.0,616.38,46.95,16.64,1.48,22.74,1.28,4.0,53.3,Suburban,Clear,-57.46,Excellent
2422.47,77.95,19.73,2.99,1.54,34.72,1.82,6.0,46.4,Indoor,Rain,-131.42,Poor
2388.28,4669.31,23.11,7.52,3.5,42.11,2.05,0.0,54.9,Rural,Clear,-81.6,Good
1784.63,,40.8,4.66,0.34,48.44,1.27,5.0,51.1,Suburban,Rain,-100.84,Poor
2622.03,285.88,22.66,2.97,4.23,20.39,1.88,5.0,98.0,Suburban,Clear,-98.43,Fair
2084.82,4713.66,42.43,4.76,0.03,48.98,1.73,2.0,72.6,Rural,Clear,-70.87,Good
2094.93,1739.36,24.18,9.3,2.31,22.11,2.14,5.0,13.1,Suburban,Fog,-114.68,Poor
2092.08,23.57,39.11,10.94,3.96,47.08,2.35,3.0,81.5,Suburban,Clear,-32.6,Excellent
5023.88,393.78,35.27,16.31,4.57,39.91,1.24,10.0,45.5,Dense Urban,Clear,-130.2,Poor
2597.31,369.59,23.19,12.94,3.13,26.48,1.55,3.0,59.8,Urban,Clear,-105.84,Poor
1811.66,578.47,46.42,14.83,2.65,48.95,2.04,1.0,74.3,Rural,Clear,-30.0,Excellent
5817.64,3459.98,45.61,10.85,3.49,11.17,2.44,2.0,84.3,Suburban,Clear,-103.75,Poor
5007.67,212.8,24.39,5.22,4.21,41.38,2.44,4.0,63.3,Suburban,Clear,-90.29,Fair
5826.62,16.18,42.0,15.6,0.06,36.94,2.5,1.0,55.8,Rural,Rain,-15.83,Excellent
3518.15,196.65,43.08,9.59,3.03,13.62,2.3,9.0,47.5,Urban,Clear,-99.65,Fair
1794.01,1337.31,22.44,14.34,3.83,21.39,1.35,5.0,55.2,Suburban,Rain,-106.99,Poor
3527.05,92.87,46.49,2.1,4.63,27.94,2.25,5.0,91.9,Urban,Clear,-77.82,Good
1801.47,11.83,22.01,9.13,2.0,19.69,1.41,8.0,25.9,Urban,Clear,-68.63,Excellent
871.35,65.83,24.12,7.42,4.51,47.34,1.86,3.0,51.6,Suburban,Clear,-57.8,Excellent
2085.6,693.59,45.69,6.76,3.15,16.18,1.94,2.0,69.9,Rural,Storm,-53.83,Excellent
5807.3,17.07,18.62,12.8,1.67,32.37,2.01,9.0,98.0,Urban,Rain,-87.99,Fair
2379.41,103.45,46.14,15.19,4.92,31.9,1.36,3.0,93.2,Urban,Clear,-59.06,Excellent
1805.04,22.87,28.52,15.82,0.29,31.37,2.19,3.0,61.9,Suburban,Clear,-40.0,Excellent
2091.7,192.54,26.98,14.81,4.35,15.53,1.29,2.0,71.1,Rural,Clear,-44.61,Excellent
902.06,24.1,41.82,14.99,2.64,29.64,2.45,12.0,75.2,Dense Urban,Clear,-62.25,Excellent
2570.11,19.69,45.14,15.36,2.92,46.83,1.87,11.0,49.8,Dense Urban,Clear,-65.78,Excellent
1820.91,764.43,42.23,13.1,4.16,18.36,1.62,6.0,72.9,Urban,Rain,-107.92,Poor
2391.72,26.7,29.55,14.16,4.64,12.97,1.46,7.0,45.9,Urban,Rain,-70.89,Good
1778.41,26.17,43.01,5.54,4.48,47.96,2.4,2.0,30.0,Rural,Fog,-14.34,Excellent
1796.27,397.37,28.2,17.32,2.33,46.9,2.13,7.0,69.3,Dense Urban,Clear,-121.07,Poor
5799.17,13.11,37.53,10.05,3.56,32.29,1.92,5.0,55.9,Suburban,Fog,-43.39,Excellent
1808.24,12.28,44.82,6.2,3.76,45.47,2.14,5.0,74.6,Suburban,Rain,-25.37,Excellent
701.47,146.04,39.0,9.27,1.73,48.97,2.32,5.0,62.9,Suburban,Clear,-51.07,Excellent
1772.61,96.69,19.61,15.17,1.52,16.94,1.81,0.0,40.5,Rural,Storm,-46.64,Excellent
2422.29,295.06,21.34,13.08,4.11,18.73,2.45,2.0,83.2,Suburban,Fog,-80.73,Good
697.39,4801.59,18.98,4.44,2.68,31.37,1.5,1.0,70.3,Suburban,Clear,-116.11,Poor
1774.62,149.03,19.48,9.02,1.12,38.17,2.22,4.0,72.1,Suburban,Rain,-84.85,Good
866.37,358.73,43.6,14.08,4.4,42.46,2.03,5.0,34.3,Suburban,Clear,-50.45,Excellent
2409.61,3026.99,22.5,13.1,2.47,29.7,2.5,5.0,42.9,Urban,Fog,-146.33,Poor
3508.97,201.41,21.1,5.03,4.36,10.93,2.31,12.0,46.4,Dense Urban,Clear,-149.29,Poor
5795.61,1282.98,24.25,13.89,0.82,12.88,2.48,6.0,56.2,Urban,Clear,-143.03,Poor
1794.63,302.55,21.76,12.8,4.45,43.48,2.1,4.0,98.0,Indoor,Clear,-128.9,Poor
5002.18,524.57,45.22,5.91,2.02,32.52,1.95,1.0,29.5,Rural,Clear,-51.02,Excellent
873.04,3286.97,21.59,6.92,1.46,12.14,1.78,6.0,57.7,Urban,Rain,-154.08,Poor
3487.94,10.04,23.81,8.71,1.84,,1.76,2.0,36.9,Suburban,Clear,-43.62,Excellent
2429.27,2701.53,23.26,12.78,3.01,35.22,2.13,0.0,38.5,Rural,Storm,-77.89,Good
3509.73,220.42,17.8,17.22,1.5,27.03,1.4,1.0,49.6,Rural,Storm,-63.51,Excellent
3495.14,434.15,21.26,17.92,3.22,44.36,1.55,2.0,65.5,Rural,Rain,-63.05,Excellent
2383.34,163.94,23.6,13.03,2.52,21.72,1.77,12.0,10.0,Dense Urban,Clear,-131.53,Poor
914.71,50.61,30.95,8.6,3.28,40.27,,6.0,26.1,Urban,Clear,-69.88,Excellent
2385.62,15.07,20.38,3.1,1.69,23.21,1.22,6.0,45.0,Urban,Clear,-75.88,Good
4979.74,3555.22,45.29,11.49,1.3,32.29,,3.0,51.0,Suburban,Rain,-102.37,Poor
5779.27,482.86,42.24,9.71,3.37,49.84,2.31,5.0,36.8,Urban,Clear,-107.75,Poor
5813.76,2277.57,37.32,12.73,2.65,34.51,1.86,3.0,48.2,Suburban,Storm,-109.56,Poor
858.57,60.94,35.12,17.43,0.71,32.51,1.73,6.0,47.5,Indoor,Rain,-91.34,Fair
2374.19,56.27,43.14,4.67,3.26,32.84,1.25,0.0,66.6,Rural,Rain,-26.09,Excellent
826.9,80.59,43.92,7.93,1.38,37.83,1.96,3.0,60.9,Indoor,Fog,-87.66,Fair
2608.03,42.03,18.42,11.22,1.82,42.09,2.07,5.0,53.9,Indoor,Fog,-109.17,Poor
5804.27,220.8,,7.61,4.28,41.79,1.37,4.0,79.2,Indoor,Rain,-134.22,Poor
711.16,3364.25,23.87,4.82,1.01,40.56,2.06,3.0,72.5,Indoor,Clear,-182.18,Poor
2580.68,2314.55,30.51,11.58,2.15,23.53,2.44,4.0,50.0,Suburban,Rain,-111.14,Poor
5813.6,216.9,44.33,2.63,0.43,19.67,1.91,7.0,29.0,Indoor,Clear,-143.01,Poor
5026.17,87.36,34.19,8.03,2.25,26.1,1.49,1.0,51.3,Suburban,Clear,-61.32,Excellent
1806.06,447.64,36.99,17.56,4.61,30.79,2.2,1.0,26.3,Suburban,Clear,-56.86,Excellent
831.77,449.23,17.15,9.65,2.79,42.49,1.39,4.0,66.9,Indoor,Clear,-143.38,Poor
5810.77,700.58,44.42,3.63,4.34,30.96,,4.0,94.0,Suburban,Clear,-88.31,Fair
5790.58,278.98,41.38,15.35,2.71,24.7,2.17,3.0,63.2,Suburban,Rain,-73.6,Good
2372.96,11.81,33.35,4.86,0.29,31.49,2.33,10.0,73.4,Dense Urban,Clear,-77.79,Good
5788.14,16.04,28.56,6.01,2.52,12.94,1.6,12.0,36.3,Dense Urban,Clear,-101.31,Poor
724.34,4248.05,37.69,17.4,1.16,31.53,1.92,2.0,58.8,Suburban,Clear,-88.21,Fair
2594.67,1032.92,41.9,14.4,2.16,30.7,1.93,8.0,51.8,Dense Urban,Clear,-135.89,Poor
721.88,3624.85,36.75,7.15,1.19,33.62,2.16,9.0,37.8,Urban,Clear,-139.88,Poor
5800.52,82.48,46.28,12.36,0.57,44.58,1.42,8.0,52.0,Urban,Clear,-81.18,Good
2601.02,277.85,24.29,9.8,1.06,32.74,1.3,6.0,32.3,Indoor,Rain,-150.13,Poor
5770.31,73.95,44.53,16.28,2.01,32.5,2.15,1.0,72.6,Suburban,Clear,-40.37,Excellent
2408.23,2839.15,44.09,10.96,4.11,37.2,2.43,1.0,45.7,Rural,Clear,-52.45,Excellent
676.47,59.78,44.56,12.57,3.85,48.82,2.44,7.0,38.0,Indoor,Clear,-76.03,Good
698.72,745.72,29.08,4.39,0.18,39.03,2.27,8.0,59.0,Urban,Rain,-123.37,Poor
1785.62,29.68,30.97,6.0,3.88,17.82,2.4,3.0,69.3,Indoor,Rain,-90.14,Fair
3493.54,19.23,29.49,2.42,0.15,27.34,1.51,8.0,75.3,Urban,Clear,-77.99,Good
852.22,26.31,24.48,11.41,0.38,15.39,1.24,1.0,41.1,Rural,Clear,-25.8,Excellent
4970.87,268.52,20.17,11.0,3.81,11.32,1.44,1.0,55.2,Suburban,,-90.92,Fair
887.08,1902.79,23.93,6.93,1.97,42.77,1.99,6.0,76.3,Dense Urban,Clear,-157.93,Poor
2129.38,4977.67,37.44,5.71,1.61,24.23,1.89,3.0,34.3,Suburban,Rain,-115.25,Poor
873.44,479.29,24.14,9.25,1.88,20.66,2.45,10.0,56.7,Dense Urban,Clear,-140.65,Poor
2089.16,275.54,41.79,3.66,2.62,29.4,1.33,6.0,56.6,Indoor,Rain,-130.92,Poor
2089.29,1329.76,40.64,15.65,3.03,18.2,1.48,1.0,35.3,Suburban,Storm,-83.24,Good
692.76,14.86,31.48,15.31,3.35,11.89,1.22,5.0,77.6,Dense Urban,Storm,-56.33,Excellent
2411.09,1529.46,32.02,11.54,0.48,36.76,1.52,1.0,49.1,Suburban,Clear,-91.08,Fair
3484.86,1113.89,45.83,16.43,0.82,18.78,1.72,3.0,81.1,Suburban,Clear,-81.09,Good
5797.62,268.67,21.22,11.82,2.17,11.06,1.68,7.0,33.9,Dense Urban,Storm,-150.55,Poor
1808.69,11.54,20.56,9.85,4.32,39.52,1.26,2.0,10.0,Rural,Clear,-25.85,Excellent
4989.34,35.13,42.07,11.6,3.81,47.9,1.95,2.0,43.9,Suburban,Clear,-38.81,Excellent
5026.93,99.5,46.12,3.37,0.93,14.65,1.56,4.0,63.5,Suburban,Clear,-65.28,Excellent
5828.78,3470.01,27.4,5.48,1.44,28.61,1.27,3.0,45.0,Indoor,Clear,-197.79,Poor
1777.18,528.76,40.71,10.93,1.89,18.35,1.72,6.0,57.1,Urban,Clear,-104.32,Poor
4990.63,238.08,23.24,3.8,4.3,11.71,2.41,4.0,54.5,Suburban,,-98.23,Fair
2382.48,208.09,45.09,14.95,4.89,25.7,2.39,2.0,37.1,Suburban,Clear,-47.78,Excellent
681.21,1273.89,36.48,4.72,0.38,42.08,1.47,2.0,98.0,Suburban,Clear,-82.37,Good
899.46,74.73,42.39,8.7,2.43,22.38,1.44,1.0,52.9,Suburban,Storm,-41.83,Excellent
2603.83,17.99,21.07,9.75,1.81,13.82,2.05,1.0,42.1,Suburban,Storm,-57.27,Excellent
845.54,671.92,29.67,4.53,1.61,34.11,2.36,5.0,98.0,Suburban,Clear,-92.28,Fair
2086.35,77.27,42.98,5.87,2.5,43.62,1.9,4.0,36.7,Urban,Storm,-72.64,Good
3486.72,75.64,29.13,9.75,3.59,23.81,1.96,5.0,57.6,Suburban,Clear,-69.75,Excellent
879.53,168.76,45.25,3.71,2.95,27.94,1.98,7.0,43.9,Urban,Rain,-83.61,Good
2125.42,45.2,42.69,4.99,2.12,16.76,2.05,10.0,31.1,Dense Urban,Clear,-94.03,Fair
874.55,3073.6,21.23,2.37,3.61,49.65,2.38,1.0,74.2,Rural,Clear,-73.23,Good
2409.39,1931.74,45.86,10.1,2.06,48.64,2.04,13.0,56.0,Dense Urban,Clear,-160.39,Poor
897.41,4730.62,,15.16,3.26,42.05,1.36,5.0,30.4,Urban,Clear,-136.18,Poor
5811.33,4011.33,35.21,14.97,0.84,12.9,2.4,3.0,95.6,Suburban,Fog,-118.01,Poor
705.82,70.58,31.4,7.68,1.7,22.03,1.73,3.0,56.3,Urban,Clear,-66.21,Excellent
5823.36,106.47,41.97,13.0,2.84,17.87,1.21,3.0,82.1,Indoor,Storm,-115.79,Poor
3474.02,766.62,29.87,17.84,4.59,14.68,1.98,4.0,83.6,Urban,Rain,-119.29,Poor
4990.98,11.03,32.89,8.77,0.1,26.84,2.34,5.0,24.9,Dense Urban,Clear,-66.54,Excellent
5029.13,4813.67,37.95,16.62,3.63,26.7,2.03,7.0,70.9,Urban,Clear,-145.61,Poor
830.94,10.7,19.78,14.46,2.42,48.36,1.23,11.0,77.3,Dense Urban,Rain,-67.62,Excellent
5777.64,271.93,32.17,4.83,3.72,39.08,1.89,,59.0,Rural,Clear,-55.22,Excellent
2413.74,637.97,20.22,9.11,0.57,13.15,2.19,4.0,77.1,Indoor,Clear,-162.06,Poor
5816.65,2932.6,20.55,16.89,2.96,12.06,1.77,1.0,46.8,Rural,Clear,-84.86,Good
5010.34,547.65,37.46,4.68,2.11,47.99,1.49,5.0,88.3,Suburban,Storm,-104.81,Poor
2416.57,408.51,24.37,2.92,1.56,42.14,2.44,3.0,46.2,Urban,Clear,-119.92,Poor
,64.66,42.88,6.28,0.16,11.58,1.27,1.0,88.0,Suburban,Clear,-47.36,Excellent
828.15,393.44,40.78,2.08,2.63,44.32,1.26,5.0,65.7,Urban,Clear,-96.55,Fair
856.49,1055.41,37.49,4.03,1.71,29.64,2.03,5.0,64.5,Suburban,Clear,-89.87,Fair
1816.61,246.36,27.93,8.82,4.61,39.77,1.61,4.0,30.4,Indoor,Clear,-125.46,Poor
5021.93,1271.2,39.72,14.23,3.76,33.34,2.39,4.0,86.4,Suburban,Clear,-91.48,Fair
2384.77,15.41,42.46,5.42,0.44,37.31,2.25,1.0,38.1,Rural,Rain,-16.56,Excellent
2077.65,80.38,29.92,15.59,1.55,23.05,1.83,2.0,91.1,Rural,Rain,-36.19,Excellent
916.87,3895.01,28.99,17.81,1.3,30.79,1.82,2.0,63.8,Rural,Clear,-62.84,Excellent
2385.39,74.64,23.51,9.43,3.42,17.89,2.26,6.0,65.3,Indoor,Storm,-126.31,Poor
2571.92,476.84,23.68,17.87,2.88,25.87,2.19,7.0,46.2,Dense Urban,Clear,-133.47,Poor
5819.51,253.02,18.98,11.25,1.79,13.74,2.02,5.0,48.6,Urban,Clear,-120.37,Poor
3500.36,3372.25,20.68,2.96,1.11,36.46,2.09,10.0,22.8,Dense Urban,Clear,-195.0,Poor
2589.6,27.5,20.1,3.77,2.2,12.39,2.37,8.0,73.1,Urban,Clear,-91.64,Fair
5770.69,64.27,42.86,10.21,1.25,21.85,1.31,3.0,64.2,Indoor,Fog,-101.58,Poor
2072.12,2125.84,35.87,16.75,0.95,14.06,1.46,4.0,89.0,Suburban,Storm,-103.28,Poor
5817.56,628.15,23.47,3.58,4.08,36.63,1.61,9.0,51.1,Urban,Clear,-145.85,Poor
1799.38,292.2,44.77,11.15,4.84,28.74,1.68,13.0,97.9,Dense Urban,Clear,-120.57,Poor
828.98,116.37,44.09,14.98,3.77,24.58,1.36,0.0,36.1,Rural,Clear,-8.46,Excellent
2091.51,128.86,47.69,17.73,0.31,28.97,2.05,2.0,62.6,Rural,Clear,-18.38,Excellent
829.92,3336.79,46.45,16.53,4.69,16.45,1.74,10.0,70.7,Dense Urban,Rain,-147.09,Poor
826.77,647.46,19.48,3.7,2.27,45.65,1.52,1.0,67.0,Rural,Clear,-63.04,Excellent
4986.58,3218.17,33.04,3.23,1.33,23.86,2.32,12.0,49.0,Dense Urban,Rain,-197.96,Poor
3502.97,4206.31,41.17,5.28,3.86,36.84,1.9,9.0,29.4,Urban,Fog,-150.55,Poor
882.6,299.47,26.25,6.48,0.02,47.83,1.61,9.0,57.3,Urban,Clear,-112.13,Poor
4990.62,442.66,38.74,15.85,0.15,14.98,2.28,6.0,45.9,Urban,Clear,-109.79,Poor
698.68,590.89,20.3,12.32,3.79,37.08,1.82,8.0,94.8,Dense Urban,Clear,-136.53,Poor
895.2,1840.31,20.63,17.08,0.8,10.31,1.74,4.0,67.6,Urban,Clear,-134.07,Poor
3477.72,600.92,46.95,8.7,2.36,47.94,2.14,5.0,59.4,Suburban,Rain,-82.6,Good
1772.33,20.39,42.58,8.56,2.62,23.55,2.42,5.0,85.9,Dense Urban,Rain,-65.01,Excellent
3472.13,3496.15,24.05,6.47,4.97,21.62,2.13,7.0,72.2,Urban,Clear,-160.27,Poor
4991.01,607.91,44.33,9.0,1.65,22.28,2.39,4.0,18.6,Indoor,Clear,-149.04,Poor
713.13,2227.82,22.27,14.65,1.52,49.6,2.49,8.0,76.8,Dense Urban,Clear,-154.71,Poor
677.88,140.07,31.33,13.15,2.37,21.85,2.29,5.0,66.0,Suburban,Rain,-59.57,Excellent
5817.22,191.09,32.89,14.64,2.42,46.46,2.12,5.0,65.0,Urban,Fog,-99.2,Fair
2412.94,723.11,36.01,15.29,2.74,45.95,1.83,12.0,56.4,Dense Urban,Clear,-142.16,Poor
2370.24,1245.92,21.5,2.07,4.39,44.2,1.7,3.0,46.4,Suburban,Storm,-113.92,Poor
2071.6,16.28,24.53,5.8,3.55,16.34,2.1,5.0,35.6,Indoor,Clear,-87.29,Fair
2081.7,125.72,41.11,12.47,4.31,36.39,1.81,7.0,73.0,Urban,Clear,-77.67,Good
2573.37,1196.24,21.22,9.14,1.93,25.2,1.86,2.0,46.9,Indoor,Rain,-171.1,Poor
2401.88,4764.47,20.4,3.88,3.86,28.91,2.23,8.0,42.9,Urban,Clear,-170.32,Poor
822.38,10.75,23.13,3.04,4.81,16.17,2.25,1.0,98.0,Rural,Clear,-23.08,Excellent
2618.16,51.85,21.73,17.09,0.39,49.09,1.49,8.0,47.0,Dense Urban,Clear,-97.82,Fair
2599.58,179.73,19.45,,2.18,20.62,1.99,5.0,43.5,Suburban,Fog,-84.18,Good
863.68,39.97,20.17,7.1,2.98,44.34,2.46,11.0,68.7,Dense Urban,Rain,-105.04,Poor
1815.04,11.82,42.29,12.23,2.93,12.41,2.36,1.0,49.9,Suburban,Rain,-18.5,Excellent
3500.41,285.9,34.35,4.35,2.57,41.69,1.25,0.0,85.7,Rural,Rain,-54.79,Excellent
2625.52,565.86,21.2,4.16,4.11,41.87,2.3,5.0,66.7,Urban,Clear,-124.07,Poor
879.41,132.72,23.28,7.34,1.05,20.44,2.34,1.0,59.1,Suburban,Clear,-65.8,Excellent
691.55,99.61,43.55,6.5,4.83,32.7,1.55,2.0,71.7,Rural,Clear,-17.98,Excellent
2377.55,4572.29,42.79,17.67,4.04,21.91,2.46,4.0,64.2,Indoor,Fog,-168.81,Poor
2091.79,194.46,48.27,2.39,1.47,18.42,1.76,6.0,40.6,Urban,Clear,-90.12,Fair
5783.4,1425.49,22.24,10.76,0.16,34.73,2.17,6.0,63.1,Urban,Clear,-147.47,Poor
2401.86,59.58,44.38,15.67,3.6,39.01,1.25,4.0,32.1,Suburban,Rain,-42.06,Excellent
5792.7,1740.42,32.5,2.41,0.13,38.5,1.41,4.0,30.9,Suburban,Clear,-118.39,Poor
898.83,1671.63,19.7,10.86,2.43,43.54,1.73,0.0,43.5,Rural,Rain,-65.24,Excellent
2115.79,52.79,36.77,8.08,2.91,38.61,1.33,1.0,50.9,Rural,Storm,-30.52,Excellent
836.44,589.02,19.89,5.45,4.89,25.3,1.97,6.0,57.7,Urban,Rain,-123.17,Poor
2402.25,693.01,29.83,5.77,1.57,49.17,1.54,3.0,10.0,Urban,Clear,-112.07,Poor
840.11,156.53,27.67,15.03,3.59,48.23,1.57,4.0,46.8,Urban,Clear,-74.62,Good
2117.1,1225.77,35.22,9.43,4.77,28.08,2.07,3.0,24.6,Indoor,Storm,-154.53,Poor
1808.37,67.34,24.44,2.73,2.31,48.85,1.85,6.0,67.2,Dense Urban,Clear,-105.39,Poor
820.51,202.78,22.08,8.54,0.6,49.33,1.48,7.0,46.1,Indoor,Clear,-135.83,Poor
709.6,4703.16,29.37,15.07,0.62,39.74,1.47,2.0,50.7,Rural,Clear,-62.25,Excellent
2380.21,30.36,44.6,13.03,1.95,42.3,1.63,2.0,33.9,Rural,Rain,-12.83,Excellent
5813.47,25.05,34.32,17.28,1.62,14.57,1.61,2.0,67.0,Rural,Clear,-29.07,Excellent
854.04,24.2,38.41,14.37,1.58,20.81,2.4,9.0,26.2,Urban,Clear,-55.62,Excellent
2094.09,4941.59,38.5,4.74,2.42,14.9,2.17,5.0,48.8,Indoor,Rain,-191.6,Poor
911.64,27.01,32.78,3.07,2.69,16.13,1.55,5.0,44.4,Suburban,Rain,-52.38,Excellent
5021.4,32.62,19.36,9.4,1.33,41.09,2.43,4.0,89.4,Indoor,Rain,-113.79,Poor
2116.72,750.25,46.21,9.12,2.2,18.19,2.39,3.0,16.9,Suburban,Clear,-74.25,Good
5802.72,1121.65,23.4,10.76,3.26,25.12,2.31,,86.4,Urban,Clear,-146.07,Poor
913.36,264.56,36.28,12.75,2.78,27.46,2.15,2.0,48.6,Rural,Clear,-33.99,Excellent
694.83,4489.46,45.95,6.07,3.78,12.74,2.2,3.0,50.5,Suburban,Clear,-92.62,Fair
2417.34,12.74,36.63,17.81,1.37,44.45,1.82,6.0,79.7,Urban,Clear,-37.72,Excellent
2619.74,473.78,46.04,9.92,1.88,43.83,1.58,6.0,73.3,Urban,Clear,-94.92,Fair
5778.24,433.35,21.65,13.44,2.77,10.77,1.88,3.0,59.2,Suburban,Clear,-100.57,Poor
4984.28,73.63,36.98,8.53,4.54,33.69,2.19,4.0,66.6,Urban,Clear,-77.52,Good
4986.2,2676.47,18.99,12.95,3.06,33.94,1.7,0.0,19.9,Rural,Clear,-81.82,Good
2579.96,310.61,35.86,17.73,1.44,35.0,1.63,3.0,32.9,Suburban,Clear,-65.93,Excellent
1793.55,46.22,20.2,4.46,0.18,20.35,1.39,5.0,65.9,Suburban,Clear,-76.85,Good
2081.58,17.32,36.74,8.97,2.57,16.77,2.19,2.0,34.4,Rural,Clear,-20.22,Excellent
855.73,19.46,24.2,13.15,4.75,13.46,2.06,4.0,56.1,Urban,Clear,-50.21,Excellent
2076.1,2641.59,19.51,15.71,3.34,38.85,1.91,4.0,47.6,Indoor,Clear,-177.05,Poor
1786.2,47.38,45.47,12.2,2.12,29.69,1.6,3.0,28.8,Urban,Clear,-49.89,Excellent
709.93,2805.31,47.88,5.7,0.38,34.51,1.92,0.0,76.5,Rural,Fog,-45.11,Excellent
893.91,21.1,24.54,12.32,0.58,32.31,1.27,1.0,69.9,Rural,Rain,-24.29,Excellent
2395.29,4524.93,25.6,11.96,3.72,36.32,1.4,5.0,52.4,Dense Urban,Fog,-172.2,Poor
1817.88,1774.94,23.39,2.7,1.58,38.22,1.58,3.0,88.4,Urban,Clear,-140.18,Poor
5829.07,20.59,43.09,11.71,1.46,18.47,1.33,8.0,25.3,Urban,Rain,-68.7,Excellent
2103.9,17.07,44.26,10.52,1.15,37.52,1.24,8.0,,Dense Urban,Clear,-60.18,Excellent
5774.74,1473.85,22.22,6.63,4.49,21.04,1.49,1.0,40.5,Rural,Clear,-83.83,Good
2576.17,16.24,30.86,5.82,1.53,11.11,2.35,6.0,49.5,Indoor,Rain,-92.62,Fair
728.11,51.01,45.16,14.29,0.88,42.76,1.21,5.0,51.7,Urban,Clear,-50.59,Excellent
910.75,1453.95,28.43,3.04,1.84,40.06,2.24,4.0,72.8,Indoor,Rain,-171.48,Poor
3515.15,2815.34,43.38,6.55,3.55,40.1,1.94,5.0,98.0,Urban,Clear,-131.82,Poor
2410.55,1179.97,41.81,13.22,2.07,25.03,1.26,13.0,67.8,Dense Urban,Storm,-158.45,Poor
1780.78,2522.28,42.78,5.35,3.83,40.94,1.74,5.0,56.3,Urban,Clear,-126.34,Poor
2396.9,324.43,42.76,3.88,3.41,21.6,2.02,3.0,85.1,Suburban,Fog,-71.98,Good
5817.88,1271.0,30.57,17.73,1.78,21.92,1.31,3.0,59.2,Indoor,Clear,-163.41,Poor
1821.98,84.91,33.05,11.05,4.38,24.64,1.34,4.0,56.8,Urban,Clear,-76.73,Good
684.24,1316.04,37.71,6.3,0.37,38.94,1.34,1.0,62.0,Suburban,Rain,-78.25,Good
1805.76,683.28,19.36,4.46,3.68,19.93,2.18,4.0,62.3,Indoor,Clear,-164.74,Poor
5779.43,356.0,36.11,2.11,2.54,12.97,1.31,3.0,74.2,Suburban,Clear,-94.73,Fair
3527.5,4766.41,19.71,14.0,1.6,20.37,2.01,1.0,13.0,Suburban,Clear,-120.25,Poor
4985.13,185.32,41.69,7.72,2.04,28.37,1.59,12.0,66.2,Dense Urban,Clear,-129.97,Poor
5813.6,469.17,37.21,5.11,2.94,22.76,1.98,4.0,59.7,Suburban,Rain,-98.22,Fair
833.87,237.8,26.38,16.46,1.37,38.79,1.23,5.0,51.3,Suburban,Clear,-69.6,Excellent
906.96,50.48,22.68,13.14,3.03,13.1,1.88,6.0,74.6,Indoor,Clear,-100.66,Poor
709.56,77.92,36.8,14.97,2.65,36.24,2.27,5.0,71.5,Dense Urban,Clear,-72.59,Good
689.71,4382.41,35.26,12.49,3.84,22.55,2.21,4.0,44.2,Suburban,Clear,-94.95,Fair
5019.13,114.37,42.43,16.67,0.9,17.35,1.89,0.0,56.7,Rural,Storm,-35.82,Excellent
5823.12,681.86,47.68,7.51,1.78,19.33,1.48,1.0,67.4,Suburban,Clear,-79.21,Good
871.3,339.3,24.79,4.5,2.55,17.94,2.19,5.0,52.4,Urban,Clear,-112.37,Poor
3489.85,2520.91,19.2,2.11,3.64,44.44,1.91,4.0,37.9,Suburban,Fog,-127.9,Poor
2414.66,1109.13,37.79,2.54,1.68,21.82,1.58,2.0,58.0,Indoor,Rain,-160.05,Poor
703.57,16.51,17.75,15.66,1.53,42.51,2.41,3.0,84.4,Suburban,Rain,-35.79,Excellent
5805.56,91.06,19.56,11.84,4.47,21.61,1.89,1.0,51.1,Rural,Clear,-55.54,Excellent
4998.65,834.51,23.35,2.73,0.54,10.15,2.38,2.0,66.1,Rural,Clear,-89.36,Fair
2406.02,27.26,45.29,3.71,3.64,10.27,1.76,2.0,98.0,Rural,Storm,-29.45,Excellent
3478.14,228.44,21.79,13.14,4.02,24.71,1.79,3.0,11.6,Suburban,Clear,-82.2,Good
1794.53,72.05,30.31,8.16,1.31,44.17,1.67,2.0,72.4,Rural,Clear,-37.4,Excellent
3480.66,14.95,18.63,14.39,2.19,33.67,1.69,7.0,39.2,Urban,Clear,-69.64,Excellent
2086.81,4912.1,48.04,16.98,2.6,37.18,1.64,9.0,42.4,Urban,Clear,-130.92,Poor
5777.67,3223.5,42.49,14.1,3.85,26.59,2.19,0.0,49.5,Rural,Clear,-60.31,Excellent
682.75,1041.24,20.67,4.91,4.37,21.01,1.56,6.0,40.3,Dense Urban,Fog,-152.3,Poor
866.92,34.88,22.82,12.39,1.96,35.72,1.49,13.0,67.4,Dense Urban,Clear,-97.32,Fair
5802.99,4655.89,32.99,11.53,1.74,33.18,2.34,4.0,30.3,Suburban,Clear,-119.43,Poor
871.42,504.07,29.08,15.57,1.76,11.39,2.47,2.0,71.3,Suburban,Rain,-74.75,Good
1817.31,4049.57,24.37,5.2,0.98,32.12,1.87,1.0,76.6,Rural,Rain,-86.92,Fair
3524.57,13.03,29.87,13.5,0.28,35.23,1.41,2.0,23.0,,Storm,-41.65,Excellent
872.83,29.39,46.85,11.6,4.45,24.74,1.33,8.0,25.1,Urban,Clear,-45.23,Excellent
2419.38,672.77,25.43,9.64,1.56,23.68,2.0,3.0,44.2,Suburban,Clear,-94.7,Fair
929.53,2808.35,16.99,6.66,0.06,41.5,2.21,0.0,76.6,Rural,Rain,-80.7,Good
855.18,29.81,29.9,2.42,0.73,24.84,2.13,2.0,40.5,Rural,Clear,-31.7,Excellent
5827.76,71.75,28.66,14.89,4.71,21.46,2.36,6.0,58.9,Dense Urban,Clear,-97.0,Fair
876.93,386.79,23.67,3.72,0.31,41.39,1.74,2.0,25.5,Rural,Clear,-59.1,Excellent
688.79,4989.48,21.04,8.04,3.46,49.39,2.42,5.0,38.7,Indoor,Clear,-190.93,Poor
2621.81,1439.7,19.29,9.94,3.9,17.39,2.09,7.0,34.0,Urban,Storm,-152.72,Poor
5017.55,3109.34,42.22,7.28,3.74,25.14,2.17,4.0,39.1,Urban,Clear,-135.86,Poor
866.55,663.5,20.31,12.6,1.67,,2.03,4.0,52.9,Suburban,Rain,-98.01,Fair
3523.78,2333.45,21.09,7.26,3.2,29.43,1.31,2.0,58.4,Rural,Clear,-85.19,Fair
2393.05,233.61,43.5,10.26,1.41,21.31,2.34,2.0,61.3,Suburban,,-63.07,Excellent
4994.0,21.63,35.77,3.52,2.08,43.02,1.54,9.0,30.5,Urban,Clear,-78.73,Good
858.4,822.38,21.1,8.95,4.16,46.63,1.33,3.0,83.0,Urban,Clear,-115.24,Poor
5814.27,420.11,21.02,11.33,3.03,14.65,2.38,7.0,49.4,Indoor,Clear,-163.02,Poor
2622.78,204.15,29.15,15.79,2.34,44.55,1.56,2.0,78.7,Rural,Fog,-44.32,Excellent
5022.55,55.23,28.87,4.91,3.43,18.6,2.49,11.0,70.7,Dense Urban,Clear,-116.6,Poor
1813.28,1307.8,45.55,7.42,3.7,22.32,2.32,6.0,67.6,Urban,Fog,-116.85,Poor
5827.41,1637.81,22.06,,4.65,45.43,2.06,9.0,82.8,Urban,Clear,-152.58,Poor
2580.72,96.14,21.27,4.44,3.84,24.61,2.36,1.0,40.2,Rural,Storm,-58.55,Excellent
877.02,3191.64,36.28,8.17,2.39,10.67,2.26,9.0,66.1,Urban,Fog,-145.17,Poor
5773.85,99.52,45.28,16.53,1.09,12.07,2.05,9.0,10.0,Urban,Rain,-91.7,Fair
3503.34,19.51,21.33,7.97,2.35,,1.96,6.0,60.8,Indoor,Rain,-103.1,Poor
1775.41,28.15,41.25,6.35,2.2,45.38,2.16,5.0,65.0,Urban,Clear,-54.51,Excellent
2404.08,216.11,46.03,17.33,3.0,13.55,1.45,6.0,39.2,Urban,Storm,-86.62,Fair
,16.43,29.09,13.45,3.13,17.82,2.06,2.0,57.6,Rural,Clear,-20.36,Excellent
2374.9,868.91,29.74,7.91,1.08,48.69,1.28,2.0,20.0,Rural,Clear,-63.22,Excellent
5808.89,1399.39,47.21,13.99,4.03,26.46,2.34,5.0,33.0,Urban,Rain,-118.48,Poor
5013.87,304.09,36.0,12.22,2.07,44.91,2.11,4.0,54.7,Urban,Clear,-98.98,Fair
880.45,2577.04,38.46,15.68,3.94,25.34,1.36,1.0,29.5,Rural,Clear,-45.06,Excellent
5811.67,3763.49,26.3,3.78,0.08,30.73,2.45,4.0,94.5,Indoor,Clear,-205.38,Poor
2080.74,161.44,46.91,10.64,3.85,47.88,2.45,7.0,66.1,Indoor,Clear,-104.78,Poor
3478.24,17.4,22.87,13.23,2.75,48.26,1.94,0.0,53.3,Rural,Clear,-22.94,Excellent
3478.84,42.09,31.74,17.96,2.12,16.62,1.21,5.0,59.7,Dense Urban,Clear,-84.17,Good
2105.94,595.51,44.34,11.63,0.71,37.07,2.33,4.0,63.2,Indoor,Clear,-128.71,Poor
2116.73,124.51,39.28,4.25,4.43,26.97,2.37,6.0,31.9,Urban,Clear,-85.83,Fair
2105.81,706.02,41.87,17.54,0.27,15.99,1.38,8.0,65.3,Urban,Clear,-110.35,Poor
5018.56,630.23,49.25,9.34,0.57,11.03,1.82,2.0,63.1,Rural,Rain,-55.68,Excellent
1805.49,430.4,35.92,9.81,4.23,30.31,2.41,6.0,43.1,Urban,Storm,-105.23,Poor
917.84,26.67,20.99,6.05,3.44,13.75,2.3,3.0,64.8,Suburban,Clear,-53.71,Excellent
1828.59,59.11,40.66,15.02,4.22,47.53,2.44,1.0,50.1,Suburban,Clear,-31.37,Excellent
843.46,104.67,36.68,10.47,4.86,20.0,2.13,9.0,65.5,Urban,Clear,-78.87,Good
1779.0,1679.11,21.38,17.58,1.7,27.59,1.53,0.0,79.3,Rural,Clear,-62.89,Excellent
828.12,693.9,17.84,10.3,4.05,39.06,2.13,4.0,54.6,Suburban,Clear,-92.74,Fair
705.85,550.37,47.81,4.89,0.19,30.31,1.76,1.0,92.5,Suburban,Clear,-59.39,Excellent
3502.83,651.75,18.16,14.32,4.56,25.09,2.12,2.0,46.6,Rural,Clear,-68.38,Excellent
681.05,228.1,28.9,4.36,3.18,35.18,1.82,0.0,34.1,Rural,Rain,-40.22,Excellent
2422.93,12.79,44.72,6.53,4.52,17.91,2.31,5.0,59.6,Urban,Rain,-44.43,Excellent
3527.4,34.9,47.71,17.03,2.82,29.63,2.0,3.0,34.5,Indoor,Rain,-71.12,Good
3485.19,23.92,47.53,17.62,3.16,48.53,1.69,6.0,63.6,Urban,Clear,-42.84,Excellent
2082.41,14.88,44.91,14.43,4.65,41.39,1.55,9.0,32.0,Dense Urban,Clear,-49.23,Excellent
832.84,72.82,28.82,5.31,1.51,23.39,2.14,2.0,69.4,Suburban,Storm,-59.47,Excellent
5793.25,1336.78,25.02,13.87,1.72,46.51,2.34,3.0,50.5,,Clear,-163.64,Poor
5021.19,20.45,44.81,11.5,4.26,44.99,2.42,4.0,90.6,Suburban,Rain,-37.12,Excellent
2605.76,19.99,35.87,9.15,4.83,20.86,2.37,4.0,86.7,Indoor,Clear,-75.26,Good
674.05,21.65,28.95,9.14,3.34,47.37,1.24,5.0,76.8,Indoor,Rain,-69.48,Excellent
698.38,53.49,45.01,9.25,2.15,29.41,1.99,9.0,35.1,Dense Urban,Clear,-73.68,Good
1775.42,35.14,29.86,7.16,0.56,47.31,2.13,5.0,38.5,Indoor,Clear,-92.61,Fair
844.37,10.91,18.74,10.61,3.04,31.99,,7.0,57.6,Indoor,Clear,-75.4,Good
4994.21,55.75,37.35,2.58,,13.87,1.6,2.0,66.8,Indoor,Clear,-104.03,Poor
908.9,4886.17,26.09,15.58,0.55,15.57,2.14,6.0,55.0,Urban,Storm,-151.23,Poor
902.97,80.94,37.34,16.35,1.45,29.91,2.41,3.0,51.2,Suburban,Clear,-39.86,Excellent
5822.49,37.17,35.37,8.25,0.51,10.99,1.45,7.0,66.3,Urban,Clear,-83.12,Good
4970.98,217.73,36.0,17.18,1.69,40.74,2.17,4.0,84.0,Urban,Clear,-88.87,Fair
916.44,41.6,29.03,14.42,2.89,22.31,1.75,1.0,92.1,Rural,Clear,-21.1,Excellent
1771.36,323.94,24.41,15.57,0.65,11.25,1.6,2.0,90.1,Indoor,Rain,-137.16,Poor
2388.26,120.6,23.76,16.26,2.37,35.95,1.58,2.0,19.7,Rural,Clear,-40.51,Excellent
2622.78,2633.59,45.75,7.45,0.07,34.23,2.27,5.0,10.0,Suburban,Storm,-105.15,Poor
5811.42,3194.67,41.93,15.0,4.12,15.06,1.28,0.0,68.0,Rural,Clear,-62.81,Excellent
4980.32,840.49,31.17,4.32,3.38,17.25,2.17,3.0,76.3,Suburban,Clear,-105.55,Poor
5799.45,38.21,48.69,17.63,3.25,39.74,1.54,2.0,75.1,Rural,Fog,-13.61,Excellent
713.31,190.12,42.96,11.52,4.24,16.04,1.61,8.0,74.5,Dense Urban,Rain,-100.39,Poor
926.24,66.73,34.6,13.11,0.69,,2.13,3.0,76.4,Urban,Clear,-64.76,Excellent
2408.06,1427.34,41.95,6.9,4.84,49.99,1.84,2.0,55.4,Rural,Clear,-55.79,Excellent
671.48,11.99,46.84,2.51,0.23,21.61,1.28,1.0,63.0,Rural,Rain,-2.57,Excellent
1799.98,613.83,36.34,4.61,2.23,45.64,2.23,0.0,69.0,Rural,Rain,-50.71,Excellent
829.18,74.54,18.71,4.27,0.01,26.56,1.79,11.0,70.1,Dense Urban,Storm,-126.23,Poor
5772.87,198.71,28.65,9.08,4.6,,1.71,7.0,49.7,Urban,Storm,-115.56,Poor
705.91,74.43,23.14,6.68,2.39,27.2,1.92,6.0,34.7,Urban,Rain,-83.53,Good
866.62,96.51,40.7,17.11,1.37,39.97,2.08,4.0,24.5,Indoor,Clear,-84.49,Good
822.16,660.82,19.95,15.46,2.22,48.63,2.43,1.0,47.3,Suburban,Fog,-78.9,Good
867.02,404.78,30.13,10.64,4.76,21.29,1.28,1.0,30.5,Suburban,Clear,-67.68,Excellent
2412.38,45.58,29.33,15.64,1.15,11.19,2.08,9.0,54.6,Dense Urban,Rain,-100.71,Poor
1815.12,13.12,28.44,11.36,1.73,27.95,1.4,2.0,71.7,Rural,Clear,-20.52,Excellent
5784.68,2043.51,38.53,16.72,0.05,40.45,1.21,6.0,61.7,Urban,Clear,-132.66,Poor
893.62,213.17,35.0,13.92,1.1,32.56,2.28,4.0,54.1,Urban,Clear,-80.23,Good
2377.19,467.66,23.26,13.76,4.42,43.41,2.44,6.0,66.3,Urban,Storm,-119.33,Poor
2584.33,208.18,44.09,6.4,2.4,20.67,1.6,2.0,36.0,Rural,Clear,-40.36,Excellent
2588.17,468.28,30.24,14.71,0.49,12.72,1.8,0.0,71.2,Rural,Rain,-56.53,Excellent
3489.17,492.24,21.85,14.36,4.16,18.84,1.96,5.0,60.0,Suburban,Clear,-98.42,Fair
880.5,10.98,41.3,3.3,4.23,19.15,,5.0,43.7,Urban,Storm,-37.97,Excellent
2381.32,274.95,28.81,2.93,4.89,23.41,2.28,3.0,71.7,Suburban,Fog,-83.28,Good
5024.09,226.56,36.31,16.1,0.31,22.47,1.65,2.0,10.0,Indoor,Fog,-121.93,Poor
5017.03,18.14,47.94,17.66,2.2,19.37,1.99,5.0,55.7,Indoor,Rain,-70.59,Good
2590.67,1030.65,37.76,11.67,4.43,14.87,1.31,6.0,46.5,Dense Urban,Clear,-138.43,Poor
2626.86,43.31,47.04,4.73,0.59,30.87,2.27,7.0,40.5,Urban,Rain,-70.35,Good
4984.34,14.03,37.98,8.74,1.81,38.46,2.06,10.0,44.7,Dense Urban,Clear,-75.83,Good
2594.41,1471.3,30.12,2.34,4.53,46.33,1.98,13.0,65.8,Dense Urban,Clear,-177.1,Poor
5818.81,2162.54,47.57,15.15,0.46,21.03,1.27,4.0,48.0,Urban,Clear,-121.79,Poor
846.57,44.63,34.19,3.65,3.63,36.42,1.27,2.0,80.2,Rural,Clear,-27.29,Excellent
1784.08,717.24,43.42,7.36,4.75,31.1,1.31,0.0,28.3,Rural,Fog,-41.88,Excellent
842.11,10.31,23.64,11.0,3.01,45.36,1.5,6.0,57.9,Indoor,Rain,-66.92,Excellent
700.04,883.82,47.53,13.17,4.4,37.8,1.76,5.0,34.5,Indoor,Fog,-127.04,Poor
2107.24,179.7,44.27,16.51,4.0,17.32,1.77,1.0,83.9,Suburban,Clear,-46.62,Excellent
894.34,1376.85,44.38,8.75,4.03,20.65,1.4,7.0,66.7,Dense Urban,Rain,-131.54,Poor
2095.88,115.02,28.47,5.06,3.15,34.98,1.78,5.0,34.3,Dense Urban,Clear,-107.28,Poor
2085.84,88.62,46.78,3.74,0.35,40.05,1.87,5.0,68.3,Urban,Clear,-74.21,Good
2602.12,1858.89,43.8,12.54,2.0,13.15,1.33,0.0,79.7,Rural,Clear,-51.13,Excellent
5783.17,12.71,18.58,4.06,4.17,35.86,1.36,0.0,51.5,Rural,Storm,-50.12,Excellent
5022.05,32.0,48.87,12.53,1.02,16.82,2.17,5.0,54.7,Suburban,Clear,-41.62,Excellent
1814.84,129.52,37.43,9.3,1.5,47.72,2.5,3.0,62.3,Suburban,Clear,-55.59,Excellent
1794.62,406.91,37.19,8.66,2.56,48.55,1.44,2.0,54.8,Rural,Clear,-45.12,Excellent
3514.83,10.32,29.69,6.17,2.11,44.37,1.8,4.0,79.3,Suburban,Clear,-44.56,Excellent
820.42,356.7,47.4,16.43,4.09,44.42,1.44,8.0,60.1,Urban,Rain,-81.9,Good
2390.67,105.08,20.58,13.46,4.87,48.45,1.28,0.0,64.3,Rural,Clear,-38.7,Excellent
2096.42,501.6,32.83,10.39,0.53,21.44,1.43,4.0,67.5,Urban,Rain,-114.37,Poor
848.19,2804.76,35.18,8.78,0.09,30.9,1.67,9.0,61.6,Dense Urban,Clear,-160.97,Poor
2614.92,154.85,20.68,7.77,3.87,15.36,1.91,5.0,56.8,Indoor,Rain,-137.32,Poor
1827.77,313.9,21.89,8.39,0.37,28.25,1.88,7.0,48.8,Dense Urban,Rain,-137.3,Poor
842.8,177.44,37.83,15.66,1.2,14.19,1.79,6.0,62.0,Dense Urban,Rain,-97.0,Fair
2591.04,20.89,36.36,8.74,1.75,37.67,1.67,1.0,63.3,,Fog,-22.84,Excellent
856.63,1382.25,44.91,2.07,1.49,,1.7,7.0,63.2,Dense Urban,Clear,-145.16,Poor
2586.88,2449.72,42.41,16.77,3.24,44.38,1.2,5.0,20.4,Urban,Clear,-118.68,Poor
828.48,1549.26,21.62,11.49,1.38,44.06,1.49,5.0,66.1,Suburban,Rain,-103.7,Poor
2127.69,3610.23,28.75,4.65,3.04,48.62,1.43,6.0,61.9,Indoor,Clear,-188.53,Poor
5018.57,183.31,47.77,4.03,3.48,11.09,1.96,1.0,68.5,Suburban,Clear,-64.62,Excellent
927.51,576.23,48.05,8.03,0.11,42.74,1.78,7.0,29.9,Dense Urban,Clear,-109.99,Poor
3483.07,28.47,19.15,11.8,1.84,21.71,1.48,7.0,53.6,Urban,Clear,-87.51,Fair
3471.07,4328.88,43.73,17.03,0.26,17.84,1.37,3.0,62.8,Suburban,Clear,-99.55,Fair
5796.24,368.89,23.4,2.87,3.83,40.02,2.08,,58.5,Indoor,Clear,-156.07,Poor
876.02,50.84,43.78,7.64,0.29,14.8,2.37,2.0,69.7,Suburban,Rain,-37.55,Excellent
3478.3,1491.7,31.93,6.11,4.31,45.03,1.53,2.0,53.8,Rural,Storm,-74.86,Good
5777.03,382.76,21.46,8.74,4.24,45.01,2.0,2.0,26.1,Indoor,Clear,-149.32,Poor
3474.14,3657.16,23.77,14.67,2.58,32.24,1.41,1.0,10.0,Suburban,Storm,-117.05,Poor
865.9,1197.14,46.99,4.54,4.71,26.91,1.51,5.0,34.8,Suburban,Rain,-80.25,Good
5017.16,2331.91,41.1,16.96,1.83,45.58,1.44,2.0,36.6,Suburban,Clear,-89.68,Fair
861.72,298.81,19.94,6.1,1.51,38.49,1.9,2.0,76.5,Rural,Rain,-57.87,Excellent
2373.2,249.0,44.35,14.04,0.57,11.29,1.26,11.0,77.9,Dense Urban,Storm,-124.26,Poor
2113.4,1106.63,45.97,12.23,3.64,26.48,1.8,1.0,73.9,Suburban,Clear,-71.95,Good
2396.92,19.21,38.68,10.76,2.13,27.19,2.37,2.0,53.8,Rural,Clear,-17.22,Excellent
2379.47,13.99,19.99,15.5,4.89,44.25,1.38,2.0,22.9,Indoor,Clear,-67.59,Excellent
687.71,4518.38,26.24,11.71,4.35,45.31,1.97,7.0,45.1,Dense Urban,Fog,-165.06,Poor
2400.07,2972.04,18.43,14.52,2.56,31.74,1.25,2.0,89.3,Rural,Fog,-81.61,Good
5789.78,3795.77,30.87,11.43,2.26,14.49,1.92,2.0,35.1,Indoor,Rain,-192.98,Poor
2128.18,14.73,22.19,13.53,1.18,34.36,2.23,6.0,66.2,Indoor,Fog,-84.71,Good
898.48,53.31,44.18,2.76,0.76,28.42,1.45,5.0,54.7,Urban,Storm,-66.68,Excellent
5792.33,2711.66,41.19,12.32,,26.92,1.7,3.0,48.1,Urban,Rain,-135.92,Poor
710.39,17.44,23.57,16.22,2.75,49.37,1.74,5.0,50.8,Suburban,Clear,-33.94,Excellent
2109.03,165.35,46.65,12.41,0.71,49.83,2.32,4.0,73.5,Urban,Clear,-68.84,Excellent
2370.15,83.39,44.18,15.09,4.42,26.38,1.26,1.0,22.6,Rural,Clear,-19.16,Excellent
2107.11,2369.68,36.02,17.86,4.84,47.38,1.61,4.0,59.0,Indoor,Clear,-155.24,Poor
5784.63,250.19,44.17,4.5,1.33,19.78,1.33,1.0,13.1,Rural,Rain,-54.58,Excellent
2092.51,60.77,45.26,13.03,3.22,17.74,2.06,1.0,49.2,Rural,Storm,-19.7,Excellent
5812.38,260.06,39.59,16.36,2.05,36.27,1.87,9.0,67.3,Dense Urban,Storm,-129.47,Poor
703.44,20.11,23.08,2.46,2.62,30.02,1.89,9.0,69.8,Urban,Clear,-73.67,Good
3492.12,940.79,40.29,4.78,3.85,39.83,1.43,2.0,63.2,Suburban,Rain,-87.15,Fair
2380.04,466.52,44.71,5.99,3.05,14.4,1.68,4.0,51.3,Suburban,Clear,-78.62,Good
900.33,418.11,41.83,16.08,3.33,29.3,2.34,8.0,66.1,Urban,Fog,-89.43,Fair
889.16,151.96,29.9,17.64,0.73,37.27,2.0,9.0,90.7,Urban,Clear,-87.66,Fair
3524.78,62.25,37.57,16.62,1.2,30.04,2.32,1.0,65.5,Rural,Clear,-24.64,Excellent
2602.06,15.01,47.36,9.58,4.32,21.45,2.02,7.0,10.0,Dense Urban,Clear,-53.13,Excellent
2621.96,3597.6,37.4,12.68,4.85,30.03,1.95,1.0,62.0,Rural,Clear,-58.79,Excellent
693.41,133.13,44.01,3.66,2.78,33.41,2.37,7.0,77.0,Dense Urban,Rain,-94.28,Fair
2419.65,218.01,44.38,17.67,1.04,32.01,1.85,8.0,58.5,Urban,Rain,-91.58,Fair
5773.39,103.32,31.58,17.1,2.56,32.64,2.13,4.0,40.8,Suburban,Clear,-64.08,Excellent
687.89,4637.15,25.06,11.54,2.37,27.71,1.35,4.0,80.0,Suburban,Clear,-113.43,Poor
2074.69,1408.78,32.29,4.29,3.32,23.24,1.44,9.0,52.7,Urban,Clear,-143.6,Poor
2071.9,18.13,32.02,17.16,1.64,12.82,1.79,4.0,30.0,Suburban,Rain,-40.38,Excellent
5025.13,437.97,44.13,16.33,4.4,11.86,1.65,5.0,54.9,Suburban,Storm,-85.79,Fair
913.01,203.24,33.34,17.85,4.89,31.35,1.5,8.0,73.2,Dense Urban,Clear,-98.48,Fair
2107.51,1384.31,43.29,10.13,4.56,44.35,1.63,1.0,55.5,Rural,Clear,-45.97,Excellent
3501.95,4917.29,44.17,7.57,4.94,41.43,2.09,5.0,42.5,Urban,Fog,-140.51,Poor
704.17,1020.61,43.2,8.03,0.69,31.45,2.03,2.0,67.1,Suburban,Clear,-70.41,Good
5008.32,2159.82,46.37,9.95,1.26,35.58,1.35,3.0,68.2,Suburban,Clear,-96.06,Fair
5019.59,227.3,44.25,16.6,3.83,49.06,2.48,1.0,36.2,Suburban,Clear,-54.67,Excellent
3505.81,101.94,20.59,4.06,2.33,48.69,2.11,3.0,47.9,Indoor,Clear,-131.26,Poor
2614.91,544.74,46.52,12.38,4.8,49.79,1.49,6.0,38.9,Indoor,Storm,-134.44,Poor
3486.86,1053.56,44.97,16.64,0.74,10.66,1.31,6.0,58.9,Urban,Clear,-115.6,Poor
3528.61,41.13,22.9,6.38,1.54,35.45,2.36,4.0,88.6,Suburban,Clear,-67.81,Excellent
5771.91,228.36,21.03,10.4,3.23,39.8,1.67,2.0,84.0,Indoor,Rain,-145.2,Poor
2093.19,20.28,36.41,14.71,2.05,14.12,1.5,4.0,56.1,Suburban,Clear,-39.18,Excellent
2122.92,38.36,47.44,10.24,1.81,24.53,1.57,5.0,23.7,Urban,Clear,-54.83,Excellent
2580.83,2399.44,38.47,10.44,2.76,16.6,1.55,4.0,55.9,Urban,Clear,-128.34,Poor
828.48,24.58,38.15,14.27,4.02,25.39,2.21,9.0,50.4,Urban,Clear,-50.69,Excellent
4991.93,1548.12,24.44,4.64,2.16,27.65,2.04,6.0,35.1,Urban,Fog,-150.19,Poor
3495.69,101.3,47.46,,0.17,17.13,1.65,7.0,74.7,Urban,Clear,-77.28,Good
2626.0,617.77,42.03,16.62,3.91,29.84,1.63,12.0,73.9,Dense Urban,Storm,-139.38,Poor
1820.17,2863.81,20.51,3.63,3.61,17.5,2.44,5.0,56.0,Suburban,Rain,-129.61,Poor
1797.85,1281.22,24.63,2.96,2.53,46.89,2.04,11.0,51.2,Dense Urban,Clear,-169.65,Poor
2128.38,1695.08,43.93,3.4,3.02,16.78,2.14,3.0,36.1,Urban,Clear,-119.43,Poor
2608.54,50.68,40.92,13.77,1.84,30.5,1.59,4.0,61.9,Indoor,Clear,-86.36,Fair
3522.42,94.66,27.84,8.26,0.53,23.77,2.49,7.0,69.1,Urban,Storm,-104.63,Poor
2584.76,950.13,34.32,9.43,3.99,26.91,2.17,12.0,66.8,Dense Urban,Fog,-156.01,Poor
5799.34,1252.37,18.42,13.65,1.97,25.58,1.51,2.0,58.9,Rural,Clear,-81.48,Good
5771.78,1356.21,45.21,10.37,4.93,49.15,2.4,1.0,90.5,Rural,Storm,-60.79,Excellent
3470.53,994.33,39.27,11.6,4.89,36.54,1.71,2.0,63.3,Rural,Clear,-51.2,Excellent
1812.33,42.18,36.34,15.61,1.6,11.95,1.29,4.0,49.4,Suburban,Clear,-45.09,Excellent
2377.1,60.29,34.73,9.22,0.97,43.4,1.69,10.0,43.4,,Clear,-104.42,Poor
2102.87,3487.71,37.25,16.0,3.8,31.82,2.25,4.0,33.5,Suburban,Clear,-96.71,Fair
2611.76,312.5,29.72,10.37,3.82,14.66,1.76,1.0,98.0,Rural,Clear,-52.98,Excellent
4971.93,1087.02,21.83,8.43,0.16,28.86,1.88,2.0,71.3,Rural,Clear,-83.09,Good
1796.92,414.2,29.12,6.18,2.69,15.34,1.83,0.0,81.2,Rural,Clear,-55.01,Excellent
2411.05,3127.54,44.6,13.68,1.42,32.3,2.44,5.0,58.3,Urban,Clear,-125.48,Poor
723.38,2212.16,17.89,11.95,0.25,24.83,1.26,2.0,60.5,Suburban,Fog,-103.71,Poor
3487.95,50.75,27.5,14.93,2.15,12.67,1.56,2.0,37.4,Rural,Clear,-40.25,Excellent
2128.45,2442.33,43.7,10.75,0.67,36.14,2.21,1.0,49.3,Rural,Storm,-60.87,Excellent
2120.67,64.54,36.08,15.87,1.42,19.34,1.28,3.0,48.8,Indoor,Clear,-89.0,Fair
2409.04,154.95,22.33,6.6,2.83,40.65,1.65,1.0,35.0,Rural,Fog,-52.5,Excellent
893.52,1983.6,45.77,13.69,1.24,46.15,2.33,6.0,65.2,Urban,Clear,-108.59,Poor
2412.67,74.91,19.85,8.29,1.82,19.71,1.33,9.0,98.0,Urban,Clear,-108.0,Poor
3518.97,60.92,31.18,3.82,3.55,22.23,1.41,3.0,29.3,Suburban,Storm,-71.86,Good
1788.2,637.8,17.49,10.45,4.03,11.86,1.62,9.0,65.9,Urban,Rain,-142.42,Poor
879.57,4989.95,23.51,5.7,2.3,29.26,2.14,5.0,44.6,Suburban,Storm,-124.57,Poor
1824.52,22.58,29.45,2.99,2.95,43.61,1.68,2.0,60.6,Rural,Rain,-32.96,Excellent
849.13,780.08,24.54,7.81,1.65,14.41,2.28,2.0,88.5,Suburban,Clear,-90.95,Fair
1813.37,264.38,45.03,17.64,4.43,16.71,1.21,4.0,20.8,Indoor,Rain,-107.93,Poor
2601.44,128.31,37.27,16.31,0.41,39.78,1.28,5.0,32.3,Urban,Storm,-83.65,Good
865.66,1056.44,29.46,17.68,0.49,35.52,2.29,5.0,48.8,Suburban,Rain,-86.76,Fair
3519.62,314.4,23.62,2.46,0.19,17.97,1.7,1.0,55.6,Rural,Rain,-75.95,Good
871.39,1423.21,29.62,4.45,0.51,16.85,1.85,8.0,42.0,Urban,Clear,-138.61,Poor
4974.75,1017.75,30.39,5.76,3.14,12.82,2.38,1.0,49.7,Suburban,Fog,-102.88,Poor
3490.19,4558.34,45.63,13.79,4.99,10.71,1.37,2.0,73.3,Suburban,Clear,-95.29,Fair
925.06,1543.49,22.57,17.65,3.01,26.9,2.02,1.0,31.9,Suburban,Rain,-87.29,Fair
2393.9,15.15,43.6,8.5,1.27,14.31,2.17,3.0,42.7,Suburban,Clear,-31.61,Excellent
873.25,1270.75,33.43,11.34,4.09,21.68,1.8,5.0,40.6,Suburban,Clear,-88.25,Fair
697.75,566.93,23.58,3.42,1.77,44.96,1.52,4.0,78.6,Suburban,Fog,-90.33,Fair
5787.33,17.47,26.35,12.07,2.97,11.97,1.23,4.0,47.8,Urban,Clear,-69.78,Excellent
5024.04,430.72,19.0,16.4,2.2,41.87,1.94,11.0,43.7,Dense Urban,Clear,-149.04,Poor
853.64,1062.67,35.19,12.55,2.55,25.26,1.44,7.0,49.9,Urban,Clear,-113.2,Poor
891.63,34.06,44.38,12.45,0.53,26.48,1.52,12.0,55.7,Dense Urban,Rain,-76.16,Good
822.66,149.22,36.86,9.8,4.65,48.91,1.64,6.0,80.6,Urban,Fog,-74.38,Good
1776.66,291.18,21.6,9.2,1.53,32.74,1.96,4.0,63.9,Urban,Fog,-107.82,Poor
878.36,130.34,37.92,7.92,3.0,11.47,2.35,5.0,93.6,Indoor,Rain,-109.75,Poor
1791.89,2313.72,20.91,15.12,0.04,41.75,2.17,13.0,44.7,,Rain,-178.76,Poor
2406.44,28.57,28.17,12.32,2.3,32.18,1.92,1.0,72.7,Rural,Clear,-28.56,Excellent
838.46,1208.94,37.76,6.79,3.83,41.08,1.33,5.0,83.4,Urban,Storm,-116.33,Poor
4973.93,1259.06,48.05,10.29,3.06,16.05,1.44,2.0,30.0,Rural,Clear,-56.03,Excellent
3485.89,161.89,43.83,3.85,1.59,20.5,1.55,,27.0,Rural,Clear,-42.75,Excellent
3494.52,285.78,36.52,2.73,3.25,46.42,1.97,1.0,46.5,Suburban,Fog,-74.65,Good
879.54,25.97,23.53,4.18,3.98,27.19,2.08,1.0,91.3,Suburban,Clear,-43.96,Excellent
3493.58,33.63,43.15,15.88,0.79,30.43,1.58,6.0,58.6,Indoor,Clear,-84.52,Good
4975.35,272.24,32.15,6.12,0.33,35.73,1.93,4.0,61.0,Indoor,Storm,-149.96,Poor
854.87,40.4,38.09,17.41,2.31,31.13,2.16,4.0,50.2,Urban,Clear,-48.06,Excellent
3525.18,1501.85,23.61,7.41,2.19,40.02,1.95,0.0,64.6,Rural,Rain,-76.16,Good
1817.2,460.42,31.23,8.56,0.23,18.93,2.46,1.0,57.9,Rural,Clear,-55.83,Excellent
3520.17,14.21,31.15,14.99,3.4,46.83,1.46,4.0,27.7,Suburban,Fog,-37.11,Excellent
2125.69,92.45,43.06,5.58,2.91,12.15,2.06,3.0,10.0,Urban,Clear,-77.51,Good
5008.19,2074.27,45.47,16.55,1.56,29.98,1.26,9.0,80.4,Urban,Clear,-131.68,Poor
879.7,56.08,24.49,12.45,1.39,49.91,1.29,0.0,10.0,Rural,Clear,-25.02,Excellent
1772.0,875.99,35.89,2.99,1.44,36.35,1.2,13.0,45.0,Dense Urban,Clear,-158.41,Poor
920.09,17.91,45.89,17.31,0.57,29.29,1.61,1.0,43.3,Rural,Clear,6.02,Excellent
921.42,3247.0,18.26,6.6,4.64,48.1,1.24,12.0,50.4,Dense Urban,Clear,-186.67,Poor
1825.0,163.22,38.1,5.71,0.3,13.12,2.32,2.0,53.6,Indoor,Clear,-117.35,Poor
1798.69,212.19,44.85,16.37,0.22,26.9,1.85,4.0,82.4,Suburban,Rain,-60.21,Excellent
867.27,345.11,18.6,7.21,3.91,46.14,2.12,6.0,61.7,Dense Urban,Clear,-128.01,Poor
3481.7,95.7,42.77,13.56,2.3,37.21,2.11,7.0,81.3,Indoor,Rain,-107.45,Poor
2406.19,906.82,29.28,2.55,4.06,24.74,2.36,0.0,46.4,Rural,Clear,-64.07,Excellent
4991.52,10.95,38.61,16.74,2.55,49.1,1.33,0.0,51.5,Rural,Clear,-3.55,Excellent
3505.77,27.4,45.13,8.55,4.49,40.37,1.26,7.0,31.3,Urban,Fog,-59.16,Excellent
860.53,32.33,19.28,4.86,1.75,49.09,2.13,2.0,46.4,Indoor,Clear,-91.39,Fair
690.82,518.52,15.36,17.7,2.93,33.35,2.27,8.0,63.8,Urban,Rain,-117.3,Poor
2082.97,2533.41,24.73,13.87,1.1,10.33,1.22,1.0,14.3,Suburban,Clear,-106.72,Poor
2089.3,14.85,23.07,14.7,2.24,48.88,1.9,2.0,61.6,Suburban,Clear,-34.92,Excellent
909.84,1998.76,23.07,10.01,0.66,42.96,1.72,2.0,29.0,Rural,Clear,-69.5,Excellent
3510.61,1628.71,47.45,13.02,2.49,32.01,2.38,2.0,40.4,Rural,Fog,-49.72,Excellent
2414.48,16.1,42.45,6.65,2.3,16.44,2.11,5.0,75.7,Dense Urban,Clear,-64.66,Excellent
3477.59,24.35,29.05,10.29,0.13,45.24,2.48,5.0,34.8,Indoor,Rain,-95.12,Fair
869.11,88.06,36.47,8.09,0.45,35.49,1.66,6.0,38.4,Indoor,Storm,-103.63,Poor
5011.29,20.39,20.73,8.8,2.82,10.12,1.38,2.0,70.2,Suburban,Clear,-60.79,Excellent
871.83,1113.25,24.32,2.07,3.58,29.75,2.17,2.0,57.3,Indoor,Clear,-158.24,Poor
2090.14,229.33,22.45,14.97,3.31,49.29,2.18,5.0,22.1,Suburban,Clear,-78.24,Good
2098.0,128.42,30.61,5.49,3.6,33.44,1.75,2.0,48.0,Suburban,Clear,-67.89,Excellent
4991.64,904.92,36.78,9.58,2.39,38.43,1.45,1.0,46.9,Rural,Clear,-57.07,Excellent
877.05,61.73,38.33,12.54,1.7,36.32,1.3,11.0,54.7,Dense Urban,Storm,-90.5,Fair
882.44,2250.28,35.54,2.55,3.44,30.75,2.03,2.0,57.4,Suburban,Clear,-94.73,Fair
1771.47,582.15,22.13,7.48,1.35,37.68,1.46,3.0,42.2,Urban,Storm,-123.06,Poor
1775.58,86.14,37.32,6.22,3.15,17.83,1.3,3.0,98.0,Suburban,Clear,-56.47,Excellent
835.98,286.48,36.66,4.13,0.46,23.52,2.03,2.0,47.7,Rural,Storm,-49.74,Excellent
869.2,50.15,44.55,15.01,2.69,45.58,2.01,2.0,62.9,Rural,Clear,-2.49,Excellent
901.6,4554.42,23.94,10.67,3.6,20.79,1.89,1.0,15.8,Rural,Rain,-73.33,Good
2095.47,149.86,19.58,9.3,1.58,26.67,2.18,1.0,42.5,Suburban,Rain,-78.6,Good
1809.73,2632.49,29.86,4.12,4.59,14.14,1.66,4.0,55.5,Suburban,Rain,-115.7,Poor
1802.49,4361.62,20.49,10.23,0.36,47.22,1.87,3.0,29.5,Urban,Rain,-149.47,Poor
3477.89,279.31,22.35,6.28,1.33,20.77,2.44,5.0,46.6,Suburban,Fog,-98.92,Fair
883.36,933.76,22.15,4.03,3.38,33.24,1.55,3.0,59.2,Urban,Clear,-121.72,Poor
5783.35,350.33,43.63,10.43,4.13,25.95,1.36,1.0,27.2,Suburban,Rain,-74.37,Good
3506.0,17.67,29.6,,0.57,23.87,1.7,1.0,41.6,Suburban,Rain,-42.16,Excellent
847.7,3720.04,42.03,2.91,0.5,16.73,1.85,2.0,55.3,Indoor,Fog,-171.81,Poor
1793.26,170.78,19.38,2.9,2.33,49.84,2.25,5.0,68.0,Suburban,Clear,-90.4,Fair
853.4,2588.51,43.82,13.82,1.73,21.57,1.83,4.0,67.8,Suburban,Clear,-86.16,Fair
928.21,588.11,28.44,5.31,2.75,25.86,2.06,7.0,55.0,Urban,Storm,-121.34,Poor
1788.85,19.23,38.51,4.46,4.21,17.71,1.98,4.0,51.7,Indoor,Clear,-68.4,Excellent
851.21,133.54,40.47,17.39,1.44,,1.79,11.0,82.9,Dense Urban,Clear,-94.14,Fair
698.82,33.77,30.44,4.88,0.05,13.45,2.24,1.0,89.7,Suburban,Clear,-43.98,Excellent
2113.0,28.74,19.24,12.95,3.35,36.52,1.35,1.0,89.9,Rural,Clear,-33.89,Excellent
3513.82,851.14,21.95,15.04,2.81,30.12,2.18,3.0,59.2,Suburban,Rain,-103.7,Poor
1813.74,12.05,44.53,7.26,2.58,35.9,2.01,2.0,50.1,Suburban,Storm,-22.38,Excellent
4982.09,4051.21,20.48,9.41,3.92,10.19,2.43,3.0,56.6,Suburban,Clear,-134.02,Poor
1796.95,163.81,46.65,10.87,4.25,36.94,1.58,4.0,33.1,Urban,Clear,-68.52,Excellent
5818.67,209.82,40.41,5.21,0.72,11.83,1.42,5.0,42.4,Indoor,Clear,-135.34,Poor
892.89,64.29,38.73,6.74,4.16,46.7,1.58,0.0,49.0,Rural,Clear,-14.2,Excellent
2429.06,17.02,21.22,17.41,2.7,41.74,1.51,6.0,61.9,Dense Urban,Clear,-69.52,Excellent
3491.89,386.95,46.58,6.38,4.36,14.96,2.32,1.0,70.3,Rural,Clear,-43.5,Excellent
699.86,85.21,18.23,15.0,2.84,32.25,2.03,13.0,83.7,Dense Urban,Storm,-118.06,Poor
5798.47,483.45,42.31,10.56,4.47,48.27,1.86,7.0,88.2,Dense Urban,Rain,-125.98,Poor
1796.02,316.23,21.08,12.33,4.16,19.7,2.17,5.0,47.7,Urban,Clear,-109.31,Poor
2120.74,38.5,29.21,9.32,1.63,12.91,1.28,6.0,58.3,Indoor,Rain,-108.41,Poor
2579.32,176.19,19.7,11.41,3.22,26.9,1.69,5.0,80.4,Dense Urban,Clear,-119.42,Poor
2604.06,67.83,35.28,10.64,2.84,15.53,1.65,6.0,58.5,Indoor,Rain,-108.93,Poor
707.12,44.36,20.47,9.71,2.68,41.1,2.4,5.0,33.0,Urban,Clear,-70.58,Good
5021.07,1195.11,20.67,14.85,0.55,46.49,1.62,2.0,75.1,Rural,Rain,-79.31,Good
2606.55,10.77,27.06,16.08,0.12,27.98,1.59,6.0,44.4,Urban,Clear,-52.97,Excellent
5827.6,53.17,31.39,6.09,1.71,49.92,2.42,1.0,27.2,Suburban,Clear,-58.9,Excellent
2122.33,271.26,47.76,4.17,2.49,17.6,2.27,4.0,38.9,Indoor,Clear,-118.0,Poor
2590.92,192.8,40.35,14.98,2.76,46.71,2.16,5.0,64.8,Suburban,Fog,-56.98,Excellent
2121.59,3447.29,27.06,5.39,2.59,22.94,1.27,3.0,59.7,Urban,Fog,-146.65,Poor
5027.51,1892.37,36.55,15.86,0.73,46.08,1.52,3.0,45.3,Suburban,Rain,-98.58,Fair
4985.43,1067.95,45.68,3.64,4.09,46.18,1.46,1.0,98.0,Rural,Clear,-55.11,Excellent
5806.61,244.05,33.71,3.46,3.6,23.95,2.3,4.0,31.7,Suburban,Clear,-88.09,Fair
2386.91,143.75,41.97,4.91,4.32,10.81,2.42,2.0,43.0,Rural,Fog,-39.81,Excellent
3508.97,12.55,36.12,2.19,4.42,22.1,2.08,1.0,49.3,Suburban,Clear,-37.45,Excellent
1775.62,1650.66,43.82,13.96,4.16,27.45,2.31,5.0,27.9,Urban,Clear,-109.39,Poor
2114.05,145.37,45.7,8.35,3.32,49.35,1.82,4.0,47.6,Suburban,Clear,-52.78,Excellent
3495.19,73.5,29.74,17.12,2.2,37.59,1.38,7.0,23.3,Indoor,Rain,-113.5,Poor
,433.8,20.95,7.85,3.18,35.39,2.16,1.0,67.6,Rural,Rain,-55.33,Excellent
3471.55,1084.91,41.07,13.25,1.24,35.81,2.35,5.0,59.4,Suburban,Clear,-90.29,Fair
711.73,258.05,24.96,12.93,4.61,25.85,2.33,0.0,59.0,Rural,Clear,-34.38,Excellent
2399.76,25.33,22.8,7.2,3.16,37.59,1.47,9.0,80.7,Urban,Clear,-82.83,Good
2107.52,3072.53,17.23,16.28,2.99,21.19,2.45,3.0,54.2,Suburban,Clear,-115.82,Poor
2088.94,20.16,38.61,8.37,2.9,40.09,1.77,13.0,22.2,Dense Urban,Clear,-81.24,Good
2078.75,4138.52,44.58,10.82,3.42,36.07,1.84,8.0,47.0,Dense Urban,Clear,-159.2,Poor
2096.13,156.4,32.51,8.37,3.43,39.85,1.84,3.0,70.5,Suburban,Fog,-67.66,Excellent
2126.64,3588.46,39.04,8.97,0.22,16.05,1.49,6.0,38.8,Indoor,Fog,-185.04,Poor
2083.67,2941.79,23.91,,2.12,32.09,1.84,3.0,57.8,Urban,Clear,-148.13,Poor
2410.55,124.88,18.89,6.96,4.88,17.67,1.95,2.0,39.5,Suburban,Rain,-80.27,Good
3472.99,1442.93,42.27,,3.79,22.47,2.42,2.0,38.1,Suburban,Rain,-84.09,Good
2413.09,17.47,36.4,15.3,0.96,41.68,2.45,7.0,56.1,Urban,Rain,-51.92,Excellent
2584.31,16.72,24.14,16.08,2.14,26.7,1.49,4.0,75.9,Suburban,Fog,-47.12,Excellent
4997.09,91.35,37.61,13.41,2.31,11.99,1.38,6.0,43.6,Urban,Fog,-91.25,Fair
5792.07,442.38,39.13,12.45,4.89,45.68,1.47,5.0,80.8,Suburban,Rain,-84.63,Good
826.77,10.6,22.42,16.38,4.76,14.29,1.6,3.0,52.0,Suburban,Rain,-29.19,Excellent
3490.73,245.72,21.73,10.61,0.39,29.89,1.9,9.0,45.6,Urban,Clear,-123.44,Poor
891.01,4297.76,46.71,16.66,1.33,29.01,1.79,4.0,37.0,Suburban,Clear,-81.89,Good
851.33,2074.52,30.69,8.64,0.37,25.96,1.21,11.0,56.5,Dense Urban,Clear,-166.09,Poor
3528.34,42.41,42.86,11.56,0.97,10.21,1.26,,55.8,Indoor,Clear,-99.46,Fair
698.2,266.22,38.41,9.55,2.25,20.17,2.15,2.0,47.0,Suburban,Clear,-56.78,Excellent
5024.87,29.02,20.74,2.3,3.0,16.22,2.27,2.0,34.8,Rural,Fog,-56.13,Excellent
3497.69,51.35,45.14,5.18,4.06,16.54,2.22,2.0,11.0,Suburban,Clear,-47.7,Excellent
5776.45,3098.5,45.79,16.85,0.44,15.06,1.21,0.0,48.5,Rural,Clear,-60.56,Excellent
2583.81,4931.43,42.48,11.57,1.41,42.96,1.8,5.0,54.4,Indoor,Clear,-178.44,Poor
4994.45,45.15,18.91,2.75,3.05,14.04,2.42,5.0,83.6,Dense Urban,Clear,-111.89,Poor
839.52,37.36,45.87,17.48,2.3,23.32,2.49,4.0,55.4,Suburban,Fog,-22.44,Excellent
5021.95,108.65,18.05,16.85,1.54,33.19,2.47,7.0,76.4,Urban,Clear,-102.3,Poor
860.72,159.72,37.71,13.39,0.89,11.64,2.34,1.0,42.4,Suburban,Clear,-49.9,Excellent
1804.7,17.41,32.11,6.53,3.54,31.0,2.03,8.0,35.9,Dense Urban,Clear,-75.92,Good
849.47,25.04,43.08,6.72,1.17,28.55,2.34,7.0,10.0,Indoor,Storm,-76.09,Good
2093.84,140.15,21.42,15.84,3.42,44.32,2.38,7.0,48.5,Urban,Storm,-99.39,Fair
3506.73,43.19,46.23,2.97,4.58,14.64,1.95,2.0,75.6,Rural,Clear,-28.94,Excellent
877.48,1907.45,35.47,5.8,1.08,12.34,1.37,0.0,12.2,Rural,Clear,-59.25,Excellent
4979.75,1067.58,26.01,4.66,3.61,15.89,1.43,8.0,53.0,Urban,Clear,-147.88,Poor
2588.19,280.26,19.37,13.46,4.0,29.05,2.09,4.0,68.6,Urban,Clear,-102.53,Poor
2580.27,147.11,43.02,8.11,3.17,14.2,2.03,5.0,30.9,Indoor,Clear,-112.35,Poor
5810.63,1749.09,21.85,16.66,1.63,34.63,1.74,1.0,65.6,Suburban,Clear,-105.67,Poor
2071.49,28.06,25.37,14.85,1.2,41.74,1.34,2.0,40.1,Suburban,Clear,-43.25,Excellent
1779.61,2483.32,46.32,17.75,3.94,32.22,1.49,6.0,87.9,Urban,Clear,-112.85,Poor
5824.16,13.57,49.83,6.78,1.63,24.34,2.5,5.0,31.0,Urban,Rain,-49.08,Excellent
2429.85,3106.09,23.05,9.6,4.03,27.87,1.21,9.0,73.5,Urban,Rain,-165.0,Poor
2599.26,23.69,35.86,12.56,4.2,19.7,2.28,5.0,11.9,Dense Urban,Clear,-68.94,Excellent
899.72,1555.36,27.43,17.6,4.35,44.08,2.0,5.0,72.6,Urban,Clear,-110.67,Poor
916.4,11.19,24.66,7.51,4.08,22.94,1.25,1.0,50.5,Rural,Clear,-18.87,Excellent
822.17,1584.42,21.75,7.23,4.5,44.35,1.75,2.0,63.2,Suburban,Clear,-95.06,Fair
895.62,377.04,19.37,12.03,4.65,48.64,2.26,4.0,22.7,Indoor,Clear,-135.75,Poor
825.99,11.26,47.84,12.64,2.47,20.23,2.0,7.0,45.7,Urban,Clear,-30.25,Excellent
3494.06,1229.05,24.58,5.02,1.46,44.32,2.4,7.0,69.8,Dense Urban,Clear,-166.35,Poor
729.03,18.8,22.09,9.27,0.95,43.46,2.45,9.0,53.0,Urban,Clear,-68.51,Excellent
2615.22,286.54,36.32,8.04,1.96,34.45,2.28,5.0,40.5,Suburban,Rain,-80.33,Good
5829.1,78.72,17.37,8.74,1.27,43.35,2.14,6.0,83.4,Dense Urban,Fog,-119.96,Poor
3514.76,1119.37,42.92,4.25,4.21,27.02,1.34,5.0,55.7,Indoor,Clear,-157.75,Poor
2106.49,2008.26,47.15,12.37,4.21,34.12,2.2,0.0,71.6,Rural,Clear,-43.06,Excellent
715.25,179.09,31.31,5.0,2.21,26.23,2.03,1.0,24.4,Rural,Clear,-39.5,Excellent
5009.55,1110.86,23.54,2.41,4.04,49.96,1.69,0.0,49.6,Rural,Clear,-77.54,Good
697.84,2978.13,20.28,9.94,3.2,31.27,2.22,2.0,38.3,Suburban,Clear,-100.86,Poor
2587.55,724.66,44.94,2.62,2.87,19.49,1.78,12.0,44.1,Dense Urban,Clear,-148.21,Poor
2601.21,73.97,32.2,12.66,4.05,36.81,2.11,4.0,98.0,Urban,Rain,-77.46,Good
835.51,178.02,34.32,11.51,4.03,40.32,2.12,5.0,70.3,Suburban,Clear,-56.53,Excellent
3499.2,41.76,19.3,11.07,4.0,44.45,2.19,8.0,52.9,Urban,Rain,-95.38,Fair
828.77,172.68,43.24,3.52,2.73,10.51,1.65,2.0,48.1,Indoor,Clear,-108.48,Poor
903.92,46.09,37.0,3.98,1.6,39.89,1.44,7.0,26.6,Dense Urban,Fog,-84.58,Good
4984.72,1509.19,20.0,12.65,2.02,31.22,2.15,12.0,32.2,Dense Urban,Clear,-184.94,Poor
5787.62,442.74,19.22,2.52,3.41,39.06,1.72,0.0,68.0,Rural,Rain,-78.94,Good
899.94,511.81,46.81,3.85,4.55,31.09,2.47,4.0,50.6,Urban,Clear,-86.13,Fair
5779.75,19.84,18.18,14.22,3.61,23.19,2.5,5.0,45.5,Suburban,Clear,-60.9,Excellent
5827.74,10.09,22.78,4.67,3.96,11.4,2.43,9.0,10.0,Urban,Clear,-82.15,Good
3496.82,1348.94,20.65,9.93,1.46,22.81,1.81,2.0,50.6,Rural,Clear,-83.11,Good
841.14,290.85,19.5,3.58,2.19,36.24,2.43,7.0,98.0,Urban,Rain,-116.65,Poor
871.75,3267.64,43.01,5.76,3.73,10.39,1.25,7.0,67.5,Indoor,Clear,-175.67,Poor
2620.6,281.83,43.32,16.07,4.35,46.86,2.04,8.0,45.5,Urban,Fog,-89.02,Fair
5807.55,37.97,20.36,14.05,2.56,25.97,2.47,1.0,58.4,Rural,Rain,-49.4,Excellent
4994.98,767.66,20.5,5.02,0.09,12.52,1.22,11.0,41.6,Dense Urban,Clear,-179.6,Poor
2084.73,779.71,23.2,5.43,4.43,45.28,2.19,5.0,91.9,Urban,Rain,-130.32,Poor
914.71,15.03,29.09,9.58,0.49,17.23,1.97,2.0,73.5,Suburban,Clear,-35.84,Excellent
5826.73,744.98,42.18,12.12,2.65,12.33,1.29,2.0,60.3,Suburban,Storm,-95.68,Fair
892.85,37.46,37.85,11.32,2.4,13.14,1.47,10.0,41.6,Dense Urban,Clear,-77.78,Good
1778.09,48.63,28.52,6.55,4.81,31.12,1.38,2.0,69.2,Suburban,Clear,-51.35,Excellent
5776.55,12.16,16.38,17.15,0.62,21.44,2.17,4.0,63.8,Suburban,Clear,-55.32,Excellent
2370.38,493.47,22.49,15.36,3.32,43.67,2.22,13.0,65.8,Dense Urban,Clear,-149.9,Poor
914.64,943.88,24.81,12.43,1.56,31.82,2.47,4.0,66.2,Indoor,Rain,-153.94,Poor
728.88,41.89,24.8,16.53,2.17,21.12,2.21,13.0,53.2,Dense Urban,Clear,-93.93,Fair
2129.57,1377.33,28.32,6.7,2.08,33.37,2.22,3.0,22.3,Urban,Clear,-126.45,Poor
5817.05,1139.46,45.88,6.8,1.74,47.76,1.77,4.0,57.7,Indoor,Clear,-158.01,Poor
2079.73,127.63,28.1,6.94,4.4,44.5,1.4,10.0,44.7,Dense Urban,Clear,-113.97,Poor
2628.66,15.28,22.91,4.57,3.61,15.46,1.75,7.0,27.9,Dense Urban,Rain,-91.38,Fair
889.67,57.04,36.48,4.24,4.49,44.88,1.34,2.0,19.4,Suburban,Clear,-40.92,Excellent
3490.02,27.96,18.38,16.55,4.05,24.65,2.3,0.0,50.5,Rural,Clear,-31.81,Excellent
,3870.99,43.75,15.72,2.08,25.38,1.78,3.0,29.7,Indoor,Clear,-164.28,Poor
2572.94,1610.9,19.61,10.78,0.31,30.16,2.23,10.0,20.3,Dense Urban,Storm,-181.42,Poor
3519.55,16.28,32.58,12.57,1.49,40.73,2.44,2.0,72.8,Indoor,Rain,-69.22,Excellent
2429.84,243.12,46.13,5.82,1.73,26.9,1.66,4.0,77.4,Urban,Clear,-88.86,Fair
1816.5,52.52,26.18,2.37,0.51,36.44,1.47,1.0,70.5,Suburban,Fog,-63.84,Excellent
3516.9,12.21,40.28,9.07,0.77,16.81,1.52,9.0,78.2,Urban,Rain,-65.16,Excellent
4993.42,74.11,26.14,12.71,0.11,21.8,2.17,6.0,29.6,Dense Urban,Clear,-107.63,Poor
4973.96,22.1,45.46,12.88,2.19,47.91,1.51,8.0,51.4,Urban,Fog,-57.85,Excellent
917.56,39.92,30.36,11.67,0.85,26.8,1.64,0.0,54.9,Rural,Clear,-21.43,Excellent
2605.83,76.09,23.01,16.81,1.36,39.06,1.99,4.0,62.0,Urban,Rain,-81.88,Good
724.56,126.94,22.12,5.35,2.4,13.18,1.78,1.0,56.2,Suburban,Fog,-66.72,Excellent
2376.96,183.79,20.14,6.22,0.82,11.21,1.48,9.0,21.9,Dense Urban,Clear,-147.5,Poor
2388.31,253.51,38.99,3.27,0.33,12.11,1.83,7.0,42.6,Dense Urban,Fog,-127.58,Poor
1791.64,99.68,21.89,16.98,3.83,38.06,1.78,7.0,56.6,Urban,Clear,-83.59,Good
5811.0,221.33,23.01,9.27,4.43,12.27,2.05,1.0,46.4,Suburban,Clear,-87.13,Fair
5017.26,134.21,30.62,8.43,1.69,,1.73,13.0,68.3,Dense Urban,Fog,-136.22,Poor
727.66,4008.59,42.44,17.77,2.31,20.03,2.25,3.0,63.9,Indoor,Clear,-157.4,Poor
887.72,15.23,34.47,8.84,1.44,15.61,1.51,5.0,89.8,Suburban,Clear,-36.84,Excellent
899.62,381.47,20.87,7.36,2.31,37.71,1.86,8.0,65.9,Dense Urban,Rain,-133.44,Poor
4971.74,33.32,20.37,5.34,0.44,31.76,2.24,2.0,78.7,Rural,Storm,-63.05,Excellent
2385.18,103.11,20.4,9.04,2.3,45.65,1.55,2.0,39.4,Suburban,Storm,-74.9,Good
3492.44,298.47,23.72,12.97,2.31,39.09,1.51,6.0,84.5,Indoor,Clear,-146.28,Poor
5005.63,1123.84,22.09,16.63,1.54,22.91,,2.0,80.7,Rural,Rain,-77.99,Good
3498.25,4353.78,22.24,5.06,4.34,15.06,1.9,1.0,50.1,Rural,Clear,-91.22,Fair
691.87,214.92,30.01,13.08,2.1,35.49,2.44,1.0,46.7,Suburban,Rain,-55.41,Excellent
857.44,49.38,37.81,2.11,0.74,23.9,2.25,8.0,49.1,Urban,Fog,-75.14,Good
1819.72,1369.11,42.59,14.81,3.75,16.62,1.6,6.0,23.8,Urban,Clear,-114.19,Poor
1784.5,39.63,47.58,6.48,0.73,32.92,1.38,8.0,36.6,Urban,Clear,-65.72,Excellent
3490.57,234.77,43.16,,0.43,36.47,1.53,3.0,64.8,Indoor,Clear,-122.61,Poor
862.3,1928.63,45.87,8.31,1.84,21.42,1.73,1.0,79.4,Rural,Clear,-47.49,Excellent
1816.68,122.98,47.81,16.28,3.99,38.87,1.32,6.0,71.9,Indoor,Fog,-97.02,Fair
919.52,318.62,43.42,5.73,4.76,12.72,1.55,2.0,35.2,Rural,Clear,-35.04,Excellent
832.56,21.02,29.58,6.6,3.29,39.19,2.24,0.0,79.2,Rural,Clear,-17.54,Excellent
852.36,14.16,19.08,4.68,4.48,14.23,1.95,2.0,74.7,Rural,Clear,-30.27,Excellent
874.0,4591.42,20.56,17.71,2.84,37.63,1.25,9.0,60.3,Dense Urban,Clear,-174.16,Poor
2393.52,30.4,46.47,8.92,0.95,27.41,1.21,8.0,80.4,Urban,Fog,-63.29,Excellent
2095.79,80.47,45.98,17.17,2.83,16.07,1.7,9.0,98.0,Urban,Clear,-68.1,Excellent
2129.09,230.21,21.93,3.47,3.68,10.84,1.25,7.0,50.9,Urban,Clear,-124.24,Poor
2076.78,102.49,42.96,9.18,0.37,43.81,1.6,8.0,47.6,Urban,Clear,-81.05,Good
3512.34,18.31,30.49,9.59,2.1,45.19,1.5,0.0,44.0,Rural,Clear,-21.69,Excellent
5021.01,34.0,19.73,6.09,0.42,24.8,1.83,2.0,47.4,Indoor,Storm,-118.2,Poor
2379.05,214.68,38.66,9.96,1.98,36.37,1.92,3.0,72.0,Urban,Clear,-82.19,Good
2612.87,152.87,20.92,7.61,2.81,44.79,2.09,2.0,25.1,Suburban,Clear,-75.89,Good
3498.18,1426.6,20.03,5.95,3.59,13.58,1.75,3.0,24.9,Urban,Clear,-147.25,Poor
2621.17,69.42,26.48,7.85,1.78,30.24,1.98,5.0,63.3,Indoor,Clear,-114.48,Poor
874.45,3450.5,19.67,12.16,0.61,27.0,2.0,7.0,51.6,Dense Urban,Clear,-171.4,Poor
5822.35,57.98,30.95,9.49,2.48,18.62,1.63,12.0,76.7,Dense Urban,Clear,-117.01,Poor
823.86,78.37,42.58,8.55,0.65,20.03,1.58,4.0,27.5,Indoor,Clear,-90.8,Fair
2115.41,3648.95,37.45,15.66,0.48,46.72,2.07,3.0,46.1,Indoor,Clear,-164.81,Poor
2625.29,1855.41,19.66,12.32,3.66,37.8,1.49,2.0,50.6,Rural,Clear,-77.05,Good
2107.28,71.69,23.35,12.19,3.04,34.98,1.28,7.0,69.4,Indoor,Clear,-115.57,Poor
906.05,116.64,48.1,5.56,2.65,35.89,1.27,5.0,52.2,Indoor,Fog,-94.42,Fair
5772.7,1876.01,47.18,14.0,0.84,26.53,1.64,2.0,38.0,Indoor,Clear,-153.49,Poor
721.36,17.07,44.06,2.59,4.6,41.5,2.47,7.0,63.1,Urban,Clear,-41.51,Excellent
872.78,62.42,34.51,5.42,4.3,39.83,1.84,0.0,55.1,Rural,Fog,-21.56,Excellent
5788.81,272.05,30.66,8.6,4.21,27.45,1.61,6.0,44.7,Urban,Clear,-112.54,Poor
3525.55,,44.75,16.23,0.33,15.87,2.07,9.0,29.8,Dense Urban,Clear,-148.27,Poor
726.98,334.11,43.51,2.45,0.36,13.9,1.38,0.0,73.7,Rural,Clear,-38.15,Excellent
3529.51,209.84,19.69,9.12,2.36,41.8,2.33,13.0,48.6,Dense Urban,Clear,-144.85,Poor
5798.58,3951.18,49.56,3.92,1.44,38.11,2.49,7.0,54.9,Dense Urban,Clear,-165.35,Poor
680.65,20.62,36.6,5.68,1.68,27.99,2.01,2.0,66.4,Rural,Rain,-15.06,Excellent
2099.28,1274.6,23.79,8.49,3.55,15.44,1.36,3.0,35.5,Suburban,Storm,-113.21,Poor
2076.14,22.02,44.76,3.58,4.68,40.94,2.4,8.0,67.7,Urban,Rain,-59.01,Excellent
872.35,950.34,19.03,15.27,3.02,24.37,1.34,1.0,69.6,Rural,Clear,-60.77,Excellent
903.63,292.27,18.95,3.33,0.14,41.07,1.37,5.0,40.7,Urban,Clear,-114.5,Poor
844.27,51.79,28.08,11.37,0.2,37.97,2.13,6.0,46.1,Urban,Clear,-73.26,Good
824.77,292.72,34.46,4.61,1.16,47.2,2.14,11.0,38.3,Dense Urban,Clear,-128.21,Poor
2094.31,2363.29,29.67,3.7,0.05,12.71,1.49,6.0,49.2,Indoor,Storm,-192.4,Poor
2121.97,188.11,,9.4,0.69,35.74,2.09,2.0,66.2,Indoor,Fog,-128.94,Poor
912.2,10.42,35.92,7.53,0.27,41.7,2.41,9.0,28.8,Urban,Clear,-48.89,Excellent
874.95,14.22,29.29,2.72,1.39,21.66,2.28,6.0,55.0,Indoor,Fog,-82.64,Good
829.59,509.88,22.17,3.04,0.23,39.48,1.54,1.0,59.6,Suburban,Clear,-88.26,Fair
3493.54,675.64,44.46,6.79,4.56,21.91,1.65,6.0,64.6,Indoor,Fog,-150.18,Poor
876.08,121.44,22.61,14.53,2.62,35.4,2.47,5.0,30.3,Urban,Rain,-82.67,Good
5826.04,45.21,43.64,15.62,4.31,37.22,1.8,4.0,43.5,Indoor,Storm,-90.39,Fair
2409.14,855.8,27.55,3.06,3.39,45.8,2.32,9.0,53.3,Urban,,-138.48,Poor
4975.69,66.21,43.4,4.75,2.3,48.04,1.24,7.0,38.9,Dense Urban,Clear,-93.67,Fair
2617.28,15.84,22.91,7.43,2.33,49.87,1.24,8.0,23.1,Urban,Fog,-76.14,Good
892.1,127.5,22.44,12.4,3.6,37.75,1.42,4.0,78.1,Indoor,Clear,-111.82,Poor
2584.69,285.18,20.05,6.56,1.6,33.16,1.55,3.0,48.2,Indoor,Clear,-148.28,Poor
904.2,4038.34,42.81,5.55,2.66,37.31,2.35,2.0,49.5,Rural,Rain,-62.13,Excellent
820.8,396.63,41.03,11.41,0.59,39.89,1.39,9.0,55.6,Urban,Clear,-98.52,Fair
897.92,36.5,39.52,12.9,3.92,42.63,2.27,9.0,80.3,Urban,Clear,-55.23,Excellent
920.63,1762.24,38.43,9.8,1.64,21.64,2.1,1.0,73.0,Suburban,Clear,-82.65,Good
875.68,61.19,19.42,12.7,0.89,38.35,1.81,5.0,61.4,Suburban,Clear,-62.85,Excellent
690.55,3882.07,27.36,2.07,3.7,17.68,1.88,6.0,18.8,Indoor,Clear,-186.85,Poor
5808.55,75.51,42.32,7.25,0.47,14.12,1.95,10.0,89.1,Dense Urban,Rain,-112.29,Poor
2383.61,2849.45,26.01,11.75,4.76,41.73,1.6,3.0,54.9,Suburban,Rain,-109.59,Poor
2103.61,2356.52,19.74,12.42,3.45,33.21,2.24,2.0,15.2,Suburban,Clear,-107.21,Poor
5785.24,2147.29,47.14,5.11,3.7,29.04,1.42,1.0,72.8,Suburban,Fog,-96.78,Fair
904.28,12.77,18.58,7.31,0.41,25.93,1.42,4.0,35.0,Suburban,Clear,-49.21,Excellent
2080.3,1966.86,42.54,5.62,,20.23,2.0,4.0,40.2,Indoor,Clear,-163.83,Poor
5026.47,884.64,45.62,16.38,0.15,33.45,1.62,1.0,38.4,Suburban,Rain,-78.7,Good
2623.22,79.85,43.36,6.74,1.64,13.41,1.22,3.0,10.0,Urban,Rain,-75.32,Good
1790.22,210.26,20.13,,3.62,37.87,2.04,6.0,47.4,Indoor,Clear,-132.46,Poor
916.6,533.47,44.62,16.14,1.08,29.5,2.25,4.0,74.4,Urban,Fog,-81.34,Good
675.73,3520.29,18.6,10.41,3.49,35.22,2.06,4.0,54.0,Indoor,Fog,-178.06,Poor
714.42,1274.75,45.88,15.93,2.75,11.26,1.82,0.0,44.1,Rural,Clear,-35.02,Excellent
836.95,143.39,17.37,3.23,4.55,24.97,2.1,5.0,41.7,Indoor,Clear,-132.58,Poor
3478.14,552.04,28.77,4.02,2.48,25.99,1.77,4.0,46.9,Indoor,Clear,-157.39,Poor
2610.69,31.74,45.77,8.51,1.51,33.11,2.04,8.0,30.3,Urban,Clear,-61.58,Excellent
2098.19,139.38,23.6,13.07,,46.08,1.74,2.0,63.5,Indoor,Fog,-116.08,Poor
3501.81,1366.78,22.26,17.53,2.39,38.67,2.15,2.0,71.3,Indoor,Rain,-161.56,Poor
,433.68,19.29,9.47,1.44,42.24,2.44,5.0,72.5,Indoor,Clear,-143.76,Poor
873.57,1300.07,30.05,2.12,2.08,40.35,2.17,9.0,68.7,Urban,Clear,-134.49,Poor
1773.08,237.67,27.2,4.9,2.21,17.82,1.98,7.0,64.3,Indoor,Clear,-143.44,Poor
5806.07,106.17,23.5,9.01,1.11,30.54,1.39,1.0,48.7,Rural,Clear,-56.02,Excellent
2607.43,1009.47,28.64,13.04,3.99,39.4,1.32,8.0,66.1,Urban,Storm,-134.18,Poor
4972.83,17.91,29.54,11.38,4.1,31.43,1.22,4.0,60.9,Indoor,Fog,-84.47,Good
892.71,4377.54,37.71,16.02,2.23,47.98,1.84,6.0,23.5,Indoor,Storm,-167.9,Poor
5006.77,3627.71,23.78,6.25,0.08,30.72,1.55,2.0,43.9,Indoor,Storm,-204.0,Poor
709.4,2377.32,20.82,10.64,0.51,31.91,1.42,0.0,63.4,,Rain,-67.36,Excellent
919.7,2435.79,47.2,4.31,2.55,14.79,1.54,5.0,60.8,Indoor,Clear,-162.31,Poor
2395.24,239.51,42.94,12.32,1.3,13.16,2.45,8.0,42.2,Dense Urban,Clear,-113.35,Poor
702.9,220.77,44.9,14.2,1.65,12.35,1.49,4.0,49.2,Indoor,Fog,-104.8,Poor
5004.71,1634.47,32.19,10.21,2.65,15.99,1.89,6.0,48.0,Dense Urban,Clear,-164.33,Poor
4988.72,58.14,48.41,9.17,3.31,36.88,2.48,2.0,55.6,Rural,Rain,-25.37,Excellent
2373.23,1967.4,27.86,4.97,0.94,17.12,1.38,8.0,74.6,Dense Urban,Clear,-174.62,Poor
1770.25,34.85,43.6,16.95,3.44,14.32,1.51,5.0,88.5,Urban,Rain,-53.0,Excellent
720.17,2358.76,40.63,11.7,0.55,34.51,1.97,2.0,63.2,Suburban,Clear,-81.26,Good
2582.01,288.65,24.95,15.04,2.82,44.33,2.14,0.0,11.5,Rural,Clear,-44.32,Excellent
2407.82,1887.13,39.17,2.39,3.35,11.32,2.31,1.0,35.0,Rural,Fog,-71.64,Good
3504.62,214.28,24.47,6.02,1.46,30.25,2.06,1.0,53.5,Rural,Clear,-61.22,Excellent
2593.98,438.67,29.36,9.72,4.18,17.67,1.24,0.0,80.6,Rural,Clear,-57.07,Excellent
870.01,3172.25,37.82,10.58,3.94,46.58,1.48,8.0,83.8,Urban,Clear,-126.51,Poor
861.9,134.51,36.17,8.48,4.41,26.74,1.91,1.0,80.0,Rural,Clear,-25.81,Excellent
3471.36,39.31,30.02,7.4,1.71,35.89,1.36,2.0,44.0,Suburban,Clear,-53.39,Excellent
866.6,17.6,42.86,9.21,4.67,27.39,1.38,13.0,50.0,Dense Urban,Clear,-65.99,Excellent
5800.42,391.14,34.0,7.86,2.42,42.71,2.26,0.0,74.7,Rural,Clear,-53.77,Excellent
840.82,445.96,44.79,2.64,1.56,29.71,2.18,2.0,10.0,Suburban,Clear,-63.47,Excellent
3513.61,473.44,23.41,13.08,3.12,47.84,1.46,5.0,42.0,Suburban,Clear,-92.56,Fair
5811.16,12.6,36.87,14.34,4.42,24.36,1.84,3.0,85.9,Urban,Clear,-43.78,Excellent
2088.64,11.86,43.24,6.98,4.45,38.86,2.47,3.0,62.7,Indoor,Clear,-51.91,Excellent
728.98,2610.38,29.99,17.45,1.21,13.54,1.97,9.0,53.1,Dense Urban,Fog,-161.26,Poor
5008.92,753.6,22.38,17.79,0.76,16.48,2.14,2.0,59.8,Rural,Clear,-71.08,Good
856.35,20.22,37.05,11.1,2.24,31.18,2.05,5.0,96.1,Urban,,-44.47,Excellent
2374.19,15.9,29.39,14.71,4.69,20.37,1.75,7.0,62.9,Urban,Clear,-56.07,Excellent
5786.76,27.34,26.58,10.73,4.83,12.36,2.26,2.0,74.2,Suburban,Fog,-58.02,Excellent
3496.82,1506.09,47.18,6.18,1.38,19.91,1.3,2.0,76.8,Rural,Clear,-58.55,Excellent
707.84,894.51,32.42,3.12,0.34,20.84,1.99,4.0,98.0,Urban,Fog,-113.78,Poor
5000.77,529.3,21.25,7.51,3.55,34.93,1.74,7.0,54.8,Indoor,Clear,-168.44,Poor
865.78,536.38,19.38,4.97,1.16,16.65,2.34,2.0,64.1,Rural,Clear,-68.27,Excellent
3485.75,2080.05,22.25,16.76,1.06,47.13,2.01,5.0,69.6,Suburban,Rain,-114.59,Poor
2612.13,79.43,35.84,17.54,3.68,21.48,1.55,4.0,36.0,Suburban,Clear,-51.95,Excellent
919.0,74.08,23.58,10.51,1.01,48.54,2.19,3.0,90.9,Urban,Clear,-72.96,Good
2115.9,140.67,26.49,11.01,3.92,26.94,1.71,5.0,49.6,Suburban,Rain,-76.1,Good
866.25,4689.28,30.95,16.89,4.63,39.29,2.21,6.0,37.0,Dense Urban,Fog,-153.52,Poor
5823.31,314.53,23.1,13.96,0.77,37.13,1.35,1.0,60.3,Suburban,Clear,-88.35,Fair
875.05,299.27,38.32,4.59,2.74,21.24,1.68,11.0,28.8,Dense Urban,Clear,-126.68,Poor
1811.83,1531.33,21.17,17.23,3.5,27.74,1.94,7.0,47.9,Dense Urban,Fog,-153.81,Poor
2428.12,30.24,45.01,11.14,2.68,19.17,1.36,5.0,62.9,Urban,Fog,-55.01,Excellent
2604.42,124.21,43.4,2.33,4.55,45.38,1.86,4.0,,Urban,Rain,-82.15,Good
2383.04,538.29,46.89,5.14,0.34,45.45,2.35,6.0,59.2,Urban,Clear,-104.29,Poor
2429.93,4641.17,24.12,14.75,4.97,24.39,1.28,13.0,31.3,Dense Urban,Clear,-190.89,Poor
2380.48,26.12,42.55,4.04,2.8,26.35,1.77,6.0,57.8,Indoor,Clear,-85.56,Fair
4990.13,165.96,22.47,15.62,1.07,22.11,2.23,2.0,58.9,,Clear,-129.98,Poor
1780.32,2780.6,45.17,14.58,3.16,21.96,1.35,11.0,54.3,Dense Urban,Rain,-153.57,Poor
4997.87,908.21,44.16,2.56,3.32,13.5,1.27,1.0,54.1,Suburban,Clear,-89.69,Fair
3495.13,453.5,22.58,7.3,0.03,35.59,1.83,13.0,79.3,Dense Urban,Clear,-165.74,Poor
5799.47,49.42,26.86,10.11,4.18,40.72,2.43,5.0,15.6,Indoor,Clear,-105.59,Poor
5825.68,32.01,45.74,3.22,0.36,23.63,2.05,4.0,52.2,Suburban,Rain,-57.52,Excellent
3498.7,102.33,20.25,11.27,1.07,30.07,2.32,4.0,66.2,Urban,Clear,-97.3,Fair
900.88,48.81,33.46,17.68,2.98,10.88,2.42,13.0,90.8,Dense Urban,Clear,-89.66,Fair
3523.2,1520.73,23.97,11.6,3.87,35.2,1.87,12.0,43.5,Dense Urban,Fog,-174.0,Poor
3519.07,881.37,21.76,9.9,3.2,23.0,1.29,3.0,55.2,Urban,Clear,-126.83,Poor
884.38,1795.46,40.07,15.87,3.1,15.91,1.33,5.0,83.7,Suburban,Clear,-81.89,Good
2570.78,28.96,45.62,17.42,2.46,10.45,2.13,7.0,51.2,Urban,Storm,-60.84,Excellent
907.77,68.64,36.97,16.42,2.57,27.08,2.06,5.0,76.6,Suburban,Clear,-41.51,Excellent
2420.69,1186.58,36.56,2.59,2.15,36.79,1.5,2.0,72.2,Indoor,Clear,-156.78,Poor
3503.17,27.63,34.93,3.59,1.39,19.6,2.19,6.0,82.2,Dense Urban,Rain,-92.75,Fair
832.67,24.72,22.0,11.85,1.81,16.72,1.51,2.0,43.0,Rural,Rain,-28.59,Excellent
1814.48,108.11,20.97,5.63,4.39,34.52,1.93,2.0,44.3,Suburban,Clear,-69.17,Excellent
3510.17,31.86,40.08,10.34,1.91,33.74,1.68,5.0,20.0,Urban,Fog,-60.37,Excellent
2103.9,16.33,34.94,15.42,3.8,22.2,2.11,9.0,43.8,Dense Urban,Fog,-66.55,Excellent
5821.8,69.85,23.72,17.02,3.06,44.03,2.09,5.0,60.8,Urban,Clear,-84.65,Good
717.05,2307.9,19.6,7.34,1.12,33.88,2.27,5.0,78.8,Indoor,Rain,-181.13,Poor
3510.08,14.21,21.84,15.58,0.77,42.61,1.57,11.0,60.2,Dense Urban,Rain,-90.71,Fair
5009.89,337.21,37.79,10.06,0.61,46.95,1.72,8.0,65.1,Urban,Fog,-112.02,Poor
5809.73,330.77,23.5,12.54,2.48,37.01,1.49,8.0,35.0,Urban,Fog,-124.01,Poor
851.51,270.85,39.54,4.01,1.02,21.69,1.89,2.0,14.5,Indoor,Clear,-117.35,Poor
5797.84,231.39,37.78,3.01,1.3,37.09,1.26,3.0,80.5,Urban,Clear,-104.34,Poor
1812.58,11.13,21.77,14.49,4.19,26.84,2.36,7.0,68.6,Urban,Clear,-56.55,Excellent
1806.63,13.43,22.82,11.58,2.44,17.26,1.64,10.0,72.8,Dense Urban,Rain,-84.94,Good
1799.4,239.74,19.65,15.18,1.66,16.97,1.63,3.0,23.9,Suburban,Rain,-83.46,Good
2577.6,4106.18,22.84,3.85,0.93,16.15,1.74,9.0,40.9,Urban,Clear,-175.78,Poor
2612.12,126.22,41.94,4.75,2.19,28.6,1.63,13.0,36.4,Dense Urban,Clear,-119.32,Poor
2108.76,188.28,29.75,3.01,1.32,33.78,2.06,10.0,47.6,Dense Urban,Storm,-134.16,Poor
690.53,4472.59,46.5,12.4,0.2,48.98,2.42,3.0,68.1,Indoor,Storm,-160.64,Poor
5791.38,1267.08,23.07,11.85,4.34,36.93,1.86,6.0,72.8,Dense Urban,Clear,-162.81,Poor
884.8,1198.13,22.59,8.81,2.84,19.28,2.25,2.0,67.1,,Clear,-67.31,Excellent
727.71,230.29,37.13,4.16,4.15,43.41,1.63,3.0,41.6,Indoor,Clear,-112.15,Poor
2421.61,2651.18,25.35,2.38,3.7,49.36,1.74,9.0,53.6,Urban,Clear,-156.32,Poor
2103.66,370.32,31.21,6.14,0.07,26.52,2.37,0.0,63.7,Rural,Rain,-52.88,Excellent
2594.1,592.12,19.89,2.04,3.27,45.21,1.27,1.0,29.5,Suburban,Clear,-95.64,Fair
5014.21,1335.33,18.7,17.18,0.7,39.77,1.86,1.0,46.3,Rural,Storm,-81.19,Good
701.66,125.13,44.9,4.72,0.36,22.64,2.28,4.0,52.8,Indoor,Rain,-99.7,Fair
928.55,3739.8,24.43,6.25,0.15,10.27,1.99,7.0,60.2,Urban,Clear,-153.91,Poor
2373.31,4640.9,17.61,14.78,4.22,37.93,1.33,3.0,62.7,Urban,Rain,-151.86,Poor
3472.06,384.3,26.6,17.92,2.85,48.61,1.28,1.0,22.7,Rural,Clear,-48.7,Excellent
2604.12,39.75,29.95,11.93,3.86,15.42,2.35,4.0,29.1,Urban,Storm,-77.47,Good
1782.2,1234.35,27.93,6.05,3.19,46.61,1.73,5.0,30.3,Indoor,Fog,-167.67,Poor
2606.26,74.04,43.27,9.25,0.69,18.28,1.8,5.0,69.5,Dense Urban,Clear,-87.37,Fair
5816.89,361.06,41.8,2.95,3.04,31.66,1.43,12.0,36.4,Dense Urban,Clear,-143.04,Poor
2078.29,17.14,22.37,3.74,0.56,32.1,1.81,9.0,42.2,Dense Urban,Fog,-94.21,Fair
4996.44,1510.51,20.73,13.35,0.26,18.83,1.74,5.0,20.4,Dense Urban,Rain,-169.2,Poor
3511.32,3877.46,19.64,15.27,1.7,10.96,2.22,6.0,68.8,Dense Urban,Clear,-183.52,Poor
1820.03,17.96,16.82,6.32,0.5,16.95,1.32,6.0,53.7,Urban,Clear,-81.18,Good
899.78,943.11,19.1,13.81,3.53,25.62,2.03,1.0,92.6,Rural,Clear,-57.88,Excellent
3482.37,2105.61,18.76,12.25,3.03,17.57,2.46,3.0,10.0,Urban,Clear,-142.46,Poor
905.15,19.75,29.25,10.15,3.41,36.84,1.58,2.0,28.0,Rural,Clear,-18.82,Excellent
1797.27,46.35,35.85,6.63,4.54,29.52,2.14,3.0,62.7,Urban,Fog,-60.9,Excellent
916.32,114.2,43.05,17.76,1.82,24.16,1.32,7.0,90.6,Indoor,Rain,-96.33,Fair
2603.33,1812.97,24.33,5.97,2.79,19.31,1.83,7.0,29.4,Urban,Clear,-149.76,Poor
886.77,214.66,23.54,5.34,1.87,36.49,1.67,4.0,14.0,Suburban,Clear,-79.24,Good
2615.26,23.42,44.95,3.76,0.7,45.68,2.14,1.0,52.9,Suburban,Clear,-33.06,Excellent
5801.06,49.2,36.25,12.54,4.21,36.03,2.44,10.0,40.4,Dense Urban,Clear,-98.17,Fair
4980.65,182.57,43.49,16.42,2.86,26.36,2.19,4.0,60.0,Urban,Fog,-82.12,Good
5803.78,12.76,23.55,4.15,3.12,11.12,1.45,2.0,89.1,Indoor,Rain,-96.47,Fair
726.9,504.71,21.73,3.67,1.29,41.61,2.26,13.0,44.2,Dense Urban,Clear,-152.4,Poor
2112.33,11.7,35.9,16.47,4.14,30.99,1.24,3.0,49.7,Suburban,Rain,-24.87,Excellent
887.93,1281.0,31.18,12.57,2.55,12.62,2.09,8.0,48.6,Urban,Fog,-126.87,Poor
5812.65,956.4,21.71,17.5,0.35,39.09,1.26,3.0,65.9,Suburban,Clear,-101.69,Poor
3486.96,2166.69,45.15,13.36,1.6,19.2,2.29,5.0,52.4,Suburban,Rain,-100.4,Poor
1802.56,26.65,19.46,14.35,2.27,21.96,2.36,1.0,35.9,Rural,Clear,-29.62,Excellent
2401.6,423.02,23.68,9.39,1.67,36.04,2.05,2.0,76.2,Suburban,Clear,-86.33,Fair
2584.84,1282.24,41.37,5.81,0.57,17.55,1.51,13.0,27.8,Dense Urban,Rain,-168.69,Poor
2090.87,246.6,35.58,11.11,1.62,22.87,1.46,2.0,45.4,Rural,Fog,-45.08,Excellent
2126.53,22.54,22.03,7.73,0.01,37.91,1.49,4.0,49.3,Urban,Clear,-72.01,Good
685.04,18.49,37.07,9.52,1.06,22.61,1.6,4.0,26.7,Suburban,Rain,-31.8,Excellent
2118.06,431.82,28.6,10.25,3.19,13.67,1.85,6.0,76.8,Indoor,Clear,-149.71,Poor
1810.04,220.31,23.4,2.43,2.7,14.0,1.27,3.0,41.5,Urban,Rain,-112.79,Poor
5001.96,3227.42,42.46,11.74,1.88,31.65,2.21,13.0,34.5,Dense Urban,Clear,-175.03,Poor
4978.25,1780.37,43.99,7.74,4.8,49.94,1.85,10.0,85.0,Dense Urban,Fog,-159.08,Poor
3482.27,898.21,20.09,14.99,0.23,30.93,1.93,3.0,59.4,Suburban,Clear,-104.63,Poor
680.74,4481.87,22.63,2.9,3.2,49.1,2.04,0.0,40.7,Rural,Clear,-73.31,Good
5005.21,749.43,46.18,10.9,3.11,46.26,1.41,1.0,52.1,Rural,Clear,-43.53,Excellent
1828.4,17.75,21.17,7.76,2.6,45.1,1.98,3.0,57.5,Suburban,Storm,-55.05,Excellent
2122.63,16.19,19.68,3.49,1.32,27.89,1.72,7.0,56.7,Urban,Rain,-82.22,Good
5771.52,1592.23,37.03,8.62,2.52,32.61,1.81,3.0,62.1,Urban,Clear,-130.08,Poor
4986.42,94.09,21.64,8.55,2.35,35.4,1.98,12.0,56.7,Dense Urban,Clear,-132.59,Poor
679.44,3123.3,48.28,14.05,0.73,10.34,1.52,2.0,88.6,Indoor,Storm,-152.61,Poor
1828.54,20.85,45.54,4.43,1.18,11.75,1.31,3.0,62.7,Suburban,Clear,-36.14,Excellent
3484.14,34.4,19.03,15.29,2.19,48.38,1.74,5.0,63.0,Suburban,Clear,-62.58,Excellent
2382.08,1221.11,23.27,2.77,1.86,27.59,1.4,4.0,33.0,Suburban,Clear,-111.7,Poor
907.25,1937.8,35.64,10.25,0.65,43.43,1.3,2.0,54.6,Rural,Fog,-55.95,Excellent
2403.37,2190.47,31.45,12.38,1.19,14.9,2.14,4.0,,Urban,Clear,-136.43,Poor
4983.55,18.52,21.15,2.23,2.96,20.31,2.0,0.0,69.2,Rural,Fog,-45.98,Excellent
910.22,107.27,30.2,3.11,3.52,12.1,1.41,0.0,59.3,Rural,Clear,-38.73,Excellent
3475.82,555.36,37.89,6.38,3.76,40.5,1.84,2.0,58.4,Rural,Clear,-54.32,Excellent
3471.16,3018.57,45.25,8.1,2.7,20.35,2.39,13.0,73.2,Dense Urban,Clear,-175.19,Poor
4974.94,44.17,27.75,7.54,0.28,41.64,2.38,3.0,79.5,Urban,Clear,-82.0,Good
891.89,417.16,42.51,17.54,1.16,41.16,1.78,5.0,21.4,Indoor,Rain,-114.42,Poor
928.5,24.4,29.25,4.67,3.64,14.11,2.39,7.0,45.1,Indoor,Clear,-94.09,Fair
2402.83,1039.64,39.95,16.25,1.44,21.43,2.3,5.0,56.8,Dense Urban,Clear,-130.0,Poor
2415.28,22.09,44.41,17.11,3.35,31.43,1.36,4.0,32.3,Indoor,Rain,-62.0,Excellent
2089.29,4999.46,41.15,4.81,3.24,42.27,1.56,1.0,64.4,Rural,Clear,-66.07,Excellent
3513.16,17.74,41.42,14.14,2.58,41.92,1.54,11.0,67.5,Dense Urban,Clear,-68.5,Excellent
3527.97,707.46,45.0,17.97,1.54,31.56,1.25,7.0,47.3,Urban,Clear,-101.02,Poor
891.47,1250.85,23.77,5.97,0.4,37.81,1.91,4.0,68.3,Indoor,Clear,-168.42,Poor
3529.94,49.69,44.45,10.04,3.65,47.57,1.99,5.0,54.6,Suburban,Clear,-44.9,Excellent
908.3,48.73,46.76,14.14,1.24,26.43,1.27,9.0,34.1,Dense Urban,Fog,-70.33,Good
2114.92,406.43,47.62,13.76,1.42,15.25,1.98,2.0,51.8,Rural,Clear,-35.9,Excellent
685.13,503.07,23.04,15.33,0.61,15.44,1.48,6.0,23.5,Dense Urban,Rain,-130.52,Poor
1808.59,880.4,32.27,7.57,3.64,24.99,1.54,1.0,54.6,Rural,Clear,-55.76,Excellent
5800.66,368.3,41.15,3.93,4.8,14.65,1.24,7.0,67.9,Indoor,Clear,-152.39,Poor
2127.38,29.57,19.9,12.82,2.41,45.24,1.22,5.0,67.9,Indoor,Storm,-97.09,Fair
3524.28,3120.58,41.46,7.43,1.81,31.63,2.06,4.0,49.9,Suburban,Storm,-111.68,Poor
843.8,28.16,24.86,12.34,2.58,40.76,1.48,6.0,49.4,Indoor,Clear,-85.94,Fair
2626.81,335.4,46.63,9.57,1.96,49.74,2.45,1.0,72.4,Suburban,Clear,-57.73,Excellent
1823.09,3041.31,38.78,9.34,1.54,26.16,2.37,7.0,41.7,Urban,Rain,-137.06,Poor
3505.42,2911.24,27.89,16.1,4.86,42.09,1.25,3.0,35.9,Indoor,Rain,-175.19,Poor
5774.93,28.39,19.1,12.25,4.68,39.38,2.28,9.0,87.4,Dense Urban,Clear,-102.44,Poor
2379.65,44.05,40.32,11.99,3.13,20.17,2.08,1.0,42.0,Suburban,Storm,-38.81,Excellent
824.61,421.09,37.54,17.53,0.1,14.63,1.73,0.0,31.5,Rural,Fog,-32.32,Excellent
2076.48,81.28,36.36,6.32,1.86,10.4,1.5,1.0,63.3,Suburban,Clear,-58.83,Excellent
878.62,938.93,21.13,13.02,0.99,43.07,1.94,1.0,34.7,Rural,Rain,-59.49,Excellent
2082.73,257.01,30.05,7.69,2.92,49.19,2.38,1.0,76.3,Suburban,Clear,-68.57,Excellent
711.45,52.26,39.8,11.58,2.0,25.48,1.35,11.0,45.5,Dense Urban,Clear,-80.72,Good
2608.19,128.64,43.51,15.07,2.08,31.35,2.4,9.0,46.8,Urban,Clear,-84.53,Good
1807.87,733.31,30.12,16.76,4.61,17.84,2.09,1.0,64.1,Rural,Fog,-48.9,Excellent
882.4,1315.45,23.7,8.83,4.52,41.08,1.29,4.0,87.8,Suburban,Fog,-96.06,Fair
704.76,99.41,39.68,15.31,1.36,10.84,1.84,4.0,61.7,Suburban,Rain,-44.57,Excellent
5007.53,19.2,22.87,7.36,3.12,15.4,1.28,6.0,60.7,Urban,Clear,-81.7,Good
5004.22,89.84,44.47,12.58,4.33,47.57,2.1,0.0,54.5,Rural,Clear,-20.78,Excellent
4981.17,503.06,35.33,16.04,4.8,22.2,1.29,10.0,93.5,Dense Urban,Storm,-146.27,Poor
713.38,1123.99,45.02,12.97,3.72,31.62,1.71,2.0,65.3,Rural,Clear,-33.77,Excellent
1774.39,2366.87,23.19,13.29,0.5,27.81,1.33,6.0,34.9,Indoor,Clear,-185.74,Poor
5805.47,3946.87,18.94,15.4,3.4,17.1,2.45,6.0,31.1,Dense Urban,Rain,-189.9,Poor
2396.18,268.37,40.02,6.04,2.46,38.25,1.57,3.0,65.7,Suburban,Fog,-73.21,Good
835.02,,23.17,13.95,1.44,46.14,1.85,2.0,62.3,Rural,Clear,-66.8,Excellent
868.44,50.97,29.47,12.2,4.46,32.67,1.51,8.0,49.7,Urban,Fog,-69.29,Excellent
880.55,323.95,21.59,10.73,3.19,20.61,1.93,4.0,25.9,Indoor,Rain,-138.23,Poor
5825.98,285.62,29.54,17.6,4.57,43.98,1.34,7.0,61.1,Urban,Clear,-105.0,Poor
873.07,1187.63,45.48,8.6,0.34,21.79,2.11,9.0,42.7,Urban,Clear,-119.54,Poor
5791.64,1220.77,43.07,5.76,3.92,42.65,1.42,1.0,38.2,Suburban,Clear,-87.85,Fair
2588.31,58.9,19.63,15.43,2.93,44.29,2.44,4.0,75.5,Urban,Storm,-83.94,Good
5778.25,2459.88,46.25,4.96,1.51,44.03,1.96,2.0,48.0,Indoor,Clear,-163.05,Poor
5024.98,2547.49,29.93,13.92,4.38,38.85,2.38,9.0,40.7,Urban,Clear,-145.36,Poor
1807.65,3624.73,44.23,16.85,3.99,48.37,1.31,0.0,53.1,Rural,Clear,-45.68,Excellent
4971.91,171.86,32.38,15.15,2.84,45.79,1.6,4.0,50.0,Urban,Clear,-92.58,Fair
850.66,4623.83,19.98,12.13,4.86,47.35,1.92,6.0,67.6,Dense Urban,Clear,-166.69,Poor
875.15,1313.57,29.07,16.77,3.99,27.16,1.97,6.0,52.2,Indoor,Rain,-155.75,Poor
904.43,579.34,27.84,9.82,2.34,19.7,2.24,5.0,48.3,Dense Urban,Clear,-130.09,Poor
850.54,146.77,20.97,3.21,0.27,49.9,1.22,5.0,81.5,Dense Urban,Fog,-117.68,Poor
674.97,1878.0,41.65,13.76,3.04,15.58,2.12,6.0,64.1,Urban,Rain,-113.9,Poor
868.95,1154.47,49.52,13.47,2.17,33.31,1.92,0.0,71.5,Rural,Clear,-27.08,Excellent
835.74,380.54,50.0,15.85,2.9,37.65,2.45,0.0,71.4,Rural,Clear,-10.7,Excellent
1802.49,4912.1,22.68,8.5,0.24,24.27,2.25,2.0,47.9,Rural,Storm,-92.11,Fair
708.34,47.13,34.5,4.32,4.12,21.18,1.59,4.0,53.6,Suburban,Storm,-51.41,Excellent
727.74,539.6,37.98,3.64,4.03,15.93,1.22,11.0,55.8,Dense Urban,Rain,-137.82,Poor
5799.63,73.57,40.15,7.53,3.77,11.63,1.92,9.0,89.9,Urban,Storm,-106.06,Poor
725.04,172.07,41.03,14.69,3.9,49.09,1.87,4.0,20.1,Suburban,Clear,-43.17,Excellent
691.29,82.19,32.85,10.34,0.91,27.53,2.33,2.0,52.0,Suburban,Rain,-47.6,Excellent
721.45,79.98,20.23,4.73,2.56,21.6,1.33,5.0,58.2,Indoor,Clear,-114.97,Poor
834.15,104.0,27.82,5.87,3.79,17.4,1.96,1.0,29.0,Suburban,Fog,-57.15,Excellent
2412.45,14.22,37.46,7.57,3.12,19.28,2.5,7.0,20.0,Urban,Clear,-55.04,Excellent
4975.32,12.81,31.53,9.68,2.59,31.04,1.23,5.0,43.0,Indoor,Clear,-79.23,Good
3529.16,904.78,22.9,15.43,1.78,19.79,1.27,9.0,61.3,Urban,Clear,-138.36,Poor
2427.24,69.05,20.67,17.88,3.31,20.88,1.2,5.0,69.8,Urban,Clear,-83.22,Good
,11.41,38.66,11.59,0.2,49.48,1.28,3.0,79.4,Urban,Fog,-27.75,Excellent
3501.44,16.59,21.83,8.23,0.14,33.71,1.49,5.0,62.0,Urban,Clear,-72.7,Good
705.87,33.77,29.07,4.93,2.18,14.09,2.06,5.0,45.2,Urban,Clear,-68.39,Excellent
2586.5,13.49,35.7,10.18,2.74,40.17,1.85,9.0,54.8,Urban,Rain,-59.34,Excellent
2110.47,3577.86,31.58,11.81,1.62,13.15,1.31,8.0,44.8,Urban,Clear,-150.12,Poor
5011.91,341.97,37.68,7.23,3.41,22.74,1.66,4.0,62.1,Indoor,Clear,-140.81,Poor
1801.5,115.73,23.88,7.18,4.65,23.57,1.73,7.0,47.6,Indoor,Clear,-126.0,Poor
2578.86,274.02,22.01,15.26,0.64,37.73,2.02,0.0,52.1,Rural,Clear,-49.36,Excellent
2125.15,20.16,46.96,12.56,2.37,13.02,1.54,11.0,66.9,Dense Urban,Storm,-77.37,Good
2376.9,783.9,44.36,9.2,4.71,33.14,1.21,0.0,38.9,Rural,Clear,-42.54,Excellent
5807.75,4139.0,20.37,10.92,4.78,31.12,1.28,1.0,75.9,Suburban,Clear,-123.05,Poor
3476.19,22.52,,10.08,2.45,23.43,1.27,4.0,30.2,Suburban,Rain,-60.4,Excellent
2078.77,25.81,30.18,4.79,3.85,29.26,2.27,4.0,60.2,Suburban,Rain,-52.74,Excellent
2071.23,497.44,44.17,15.93,0.96,28.64,1.22,3.0,38.9,Suburban,Storm,-69.27,Excellent
3491.8,25.71,18.47,3.46,4.02,48.97,1.57,2.0,79.7,Indoor,Clear,-94.21,Fair
1808.37,21.89,44.02,5.41,4.88,36.84,1.65,3.0,51.2,Urban,Clear,-42.77,Excellent
851.29,645.08,20.03,10.99,1.66,21.83,2.25,4.0,55.9,Suburban,Rain,-94.68,Fair
2110.47,467.45,44.81,9.38,1.17,41.84,2.21,8.0,50.7,Urban,Rain,-110.21,Poor
710.5,38.7,18.02,11.53,0.59,27.99,2.13,8.0,63.0,Urban,Rain,-79.31,Good
828.41,1666.23,48.83,16.72,2.24,13.85,2.04,7.0,51.5,Indoor,Clear,-144.62,Poor
,19.23,45.9,6.58,1.63,15.64,1.97,1.0,24.7,Suburban,Clear,-26.2,Excellent
3507.52,79.0,42.47,4.41,2.49,32.66,2.44,9.0,50.1,Dense Urban,Storm,-106.1,Poor
3509.19,986.69,44.28,3.94,2.59,16.54,1.21,1.0,73.4,Rural,Fog,-59.57,Excellent
903.4,453.84,31.63,2.94,4.31,43.33,1.85,1.0,56.5,Suburban,Clear,-74.14,Good
2084.75,416.46,38.52,14.65,4.41,16.48,2.06,5.0,17.9,Suburban,Clear,-74.83,Good
868.65,711.6,38.23,9.32,2.19,24.82,2.02,5.0,57.6,Indoor,Fog,-137.56,Poor
3474.54,555.63,19.91,6.09,3.79,32.25,2.47,1.0,54.8,Rural,Clear,-72.81,Good
907.94,2288.92,47.13,12.79,2.79,49.89,2.18,8.0,67.6,Urban,Fog,-115.2,Poor
3477.22,342.84,41.76,14.44,3.63,11.88,1.97,1.0,71.9,Suburban,Rain,-68.04,Excellent
5009.27,121.08,30.33,16.99,3.5,35.31,1.55,2.0,39.6,Rural,Clear,-42.61,Excellent
2595.06,1168.56,,8.39,4.14,29.91,2.36,1.0,50.5,Rural,Clear,-66.57,Excellent
1813.09,50.08,43.4,13.03,0.82,28.09,1.62,3.0,37.0,Suburban,Storm,-41.08,Excellent
5773.13,1122.32,43.28,6.33,3.98,19.52,2.13,9.0,52.5,Dense Urban,Clear,-154.63,Poor
2603.3,56.97,22.8,15.85,1.12,10.32,1.64,4.0,45.3,Indoor,Clear,-111.52,Poor
2578.69,197.94,48.43,16.54,3.44,42.31,1.98,5.0,51.0,Urban,Clear,-66.12,Excellent
5010.94,988.69,35.27,12.08,4.8,40.14,1.76,4.0,47.1,Indoor,Clear,-156.95,Poor
4977.2,494.35,43.87,12.54,2.92,14.45,1.81,0.0,66.1,Rural,Clear,-43.57,Excellent
674.41,17.03,17.77,12.55,4.43,31.87,1.73,1.0,90.7,Rural,Clear,-19.13,Excellent
5012.79,160.42,20.13,11.47,4.05,23.45,2.23,1.0,48.5,Suburban,Rain,-85.32,Fair
3473.81,1553.01,33.71,9.02,3.51,14.32,1.97,3.0,67.5,Suburban,Rain,-103.48,Poor
883.47,4900.48,22.56,13.85,0.37,28.38,1.86,5.0,43.8,Suburban,Rain,-116.6,Poor
1819.48,181.92,29.27,17.63,0.12,10.18,1.84,6.0,10.0,Indoor,Rain,-128.2,Poor
3518.58,17.06,38.74,13.93,4.53,28.79,1.81,5.0,58.4,Urban,Clear,-48.17,Excellent
921.25,97.35,25.5,6.95,3.49,15.68,2.25,3.0,58.6,Suburban,Storm,-69.49,Excellent
2089.57,210.03,32.54,10.01,2.74,24.12,1.85,0.0,91.1,Rural,Clear,-41.82,Excellent
2601.68,15.78,31.74,11.55,0.01,25.06,1.84,2.0,66.3,Rural,Clear,-24.89,Excellent
2616.4,2150.84,30.12,3.32,0.62,12.9,1.37,0.0,47.8,Rural,Fog,-78.3,Good
5778.22,284.56,43.58,9.87,3.45,34.72,1.52,1.0,20.2,Suburban,Clear,-65.72,Excellent
863.46,132.76,20.58,3.64,1.17,30.45,2.25,2.0,60.2,Rural,Clear,-53.5,Excellent
875.85,118.03,44.23,10.17,1.78,36.4,2.27,1.0,73.1,Rural,Rain,-20.66,Excellent
5824.8,11.92,44.72,3.39,4.15,42.97,1.66,0.0,98.0,Rural,Fog,-12.61,Excellent
2408.24,251.44,21.04,7.78,1.62,22.96,1.46,2.0,57.0,Indoor,Clear,-138.24,Poor
899.6,192.12,38.1,17.27,2.59,30.24,2.23,6.0,70.3,Urban,Clear,-74.73,Good
899.08,85.81,19.58,2.12,0.35,41.05,2.39,5.0,56.0,Suburban,Clear,-75.01,Good
1780.88,599.45,20.68,6.39,2.48,24.16,2.11,1.0,68.2,Suburban,Rain,-97.01,Fair
2390.76,128.64,44.51,7.95,3.58,32.22,1.69,6.0,61.2,Indoor,Clear,-110.91,Poor
913.63,349.28,22.98,11.44,1.14,32.44,1.84,1.0,28.7,Suburban,Clear,-73.89,Good
2602.46,2447.39,36.25,17.45,2.9,20.34,2.34,5.0,55.8,Suburban,Clear,-98.07,Fair
2101.76,95.97,20.96,12.24,2.94,31.32,1.4,1.0,49.8,Rural,Clear,-43.14,Excellent
2581.71,118.57,20.85,16.3,4.08,19.71,1.26,11.0,58.5,Dense Urban,Fog,-123.63,Poor
861.42,2172.95,43.23,4.6,1.81,15.94,2.38,3.0,72.2,Suburban,Clear,-88.16,Fair
2593.52,92.57,36.65,6.62,4.47,41.91,1.94,6.0,71.1,Urban,Fog,-80.78,Good
5780.97,153.4,19.63,16.19,2.35,44.48,2.03,1.0,47.0,Rural,Clear,-53.68,Excellent
876.63,1450.0,48.29,2.08,0.16,42.11,1.38,4.0,58.6,Suburban,Clear,-81.23,Good
1800.41,395.76,35.12,9.26,0.39,34.72,2.14,0.0,41.0,Rural,Fog,-45.8,Excellent
2601.68,3315.35,22.48,9.25,4.55,12.99,1.93,8.0,30.7,Dense Urban,Fog,-185.76,Poor
2628.88,186.34,22.54,17.14,0.39,31.23,1.64,9.0,42.7,Dense Urban,Clear,-129.55,Poor
2591.98,196.28,29.53,9.19,3.97,48.07,2.07,7.0,50.4,Dense Urban,Rain,-120.44,Poor
2426.58,13.06,43.1,,4.93,46.25,2.39,1.0,63.1,Suburban,Clear,-9.25,Excellent
2611.7,34.08,19.74,11.37,4.18,42.27,2.4,9.0,98.0,Urban,Clear,-82.66,Good
2607.99,286.71,24.06,6.8,2.03,37.77,1.25,0.0,63.3,Rural,Rain,-59.31,Excellent
684.07,31.99,42.92,4.37,1.16,30.22,1.32,0.0,32.9,Rural,Clear,-10.06,Excellent
3473.11,167.57,19.69,9.84,0.8,27.55,1.91,6.0,58.8,Indoor,Clear,-145.63,Poor
2096.27,58.17,43.08,2.28,1.84,33.65,2.01,4.0,51.2,Urban,Clear,-69.44,Excellent
670.61,11.38,21.5,7.36,2.45,28.93,2.41,7.0,80.0,Urban,Fog,-57.09,Excellent
2074.26,191.56,37.52,10.37,2.37,26.51,2.0,1.0,43.0,Rural,Clear,-36.2,Excellent
2105.72,554.96,44.18,10.93,3.09,33.93,2.24,4.0,62.1,Suburban,Clear,-72.04,Good
713.47,81.82,46.68,9.1,3.96,46.68,2.12,2.0,76.9,Indoor,Clear,-71.73,Good
5780.08,1246.88,39.67,17.42,0.83,18.74,1.76,0.0,53.7,Rural,Clear,-54.65,Excellent
913.95,24.79,22.35,4.37,1.66,15.42,1.64,6.0,42.4,Urban,Clear,-77.7,Good
1826.98,17.64,20.75,17.96,3.71,16.3,2.03,6.0,73.0,Dense Urban,Storm,-77.07,Good
2114.59,3335.1,43.71,13.06,4.46,37.97,2.04,6.0,50.3,Indoor,Clear,-166.37,Poor
5017.08,3072.72,36.65,15.2,4.2,44.8,1.66,2.0,87.6,Suburban,Fog,-100.3,Poor
3512.04,125.1,44.7,12.15,4.84,40.67,1.6,1.0,52.5,Rural,Clear,-23.11,Excellent
3483.48,135.95,46.43,5.44,3.99,26.16,1.35,2.0,52.6,Suburban,Clear,-55.83,Excellent
891.65,1981.16,41.2,14.01,4.86,32.61,1.32,5.0,67.1,Urban,Clear,-109.95,Poor
5026.96,270.31,38.13,15.57,4.68,11.86,1.31,9.0,59.5,Urban,Storm,-114.34,Poor
5009.67,20.71,42.25,14.03,3.28,28.59,2.11,5.0,32.0,Urban,Rain,-54.44,Excellent
2117.34,20.42,36.52,15.98,3.53,39.82,1.89,3.0,42.5,Suburban,Rain,-27.96,Excellent
2428.12,22.59,22.63,3.02,1.54,41.68,2.34,6.0,43.1,Urban,Clear,-77.6,Good
683.89,1280.15,24.1,17.39,4.49,34.47,1.35,3.0,28.2,Suburban,Rain,-83.02,Good
3489.3,421.21,21.62,17.03,3.5,43.28,2.5,7.0,39.4,Indoor,Clear,-153.22,Poor
5808.69,64.43,29.76,16.35,4.48,23.81,1.79,0.0,59.8,Rural,Clear,-33.75,Excellent
2071.46,27.38,22.67,12.2,1.06,13.51,2.22,2.0,68.1,Suburban,Clear,-52.88,Excellent
2404.27,21.54,42.93,15.55,1.84,30.64,1.5,13.0,52.6,Dense Urban,Rain,-76.67,Good
2118.52,1002.27,44.94,11.68,0.42,49.71,1.61,5.0,72.4,Indoor,Fog,-147.59,Poor
706.63,2459.89,41.58,9.88,4.66,45.62,1.36,2.0,38.4,Suburban,Rain,-79.45,Good
2587.72,271.25,30.47,16.9,4.05,45.05,1.66,4.0,92.0,Suburban,Clear,-70.58,Good
3513.45,1217.65,19.84,5.32,3.81,34.23,1.68,11.0,80.9,Dense Urban,Clear,-177.48,Poor
5778.76,58.1,35.64,15.63,2.19,48.16,1.62,5.0,69.5,Indoor,Clear,-99.68,Fair
5823.69,380.79,20.23,9.05,0.05,32.37,2.38,7.0,62.1,Urban,Clear,-129.59,Poor
2076.05,152.14,19.9,6.67,4.85,27.44,2.3,12.0,21.0,Dense Urban,Clear,-134.53,Poor
5821.81,17.25,16.19,10.1,1.92,36.35,1.34,4.0,84.3,Indoor,Clear,-97.58,Fair
2399.87,206.72,31.66,12.2,1.24,32.16,1.71,2.0,40.2,Suburban,Rain,-69.06,Excellent
2595.72,1929.53,44.52,4.92,4.27,37.92,1.61,1.0,52.2,Suburban,Rain,-89.37,Fair
2600.04,13.8,29.64,14.02,1.03,25.11,2.41,0.0,45.2,Rural,Clear,-17.38,Excellent
5782.01,193.95,43.53,8.31,0.86,48.94,1.98,0.0,51.4,Rural,Rain,-43.05,Excellent
3497.46,2274.63,36.51,13.26,2.36,47.7,2.36,6.0,54.8,Urban,Clear,-130.8,Poor
870.98,1356.38,43.59,4.51,2.29,42.12,1.74,2.0,98.0,Rural,Clear,-48.61,Excellent
718.06,214.69,33.25,2.9,4.43,11.38,2.0,13.0,51.5,Dense Urban,Clear,-128.85,Poor
2079.78,29.0,24.12,4.58,4.98,20.53,1.38,5.0,52.0,Urban,Clear,-76.33,Good
2410.41,1950.5,21.41,4.89,1.3,47.41,1.35,4.0,66.7,Indoor,Rain,-189.37,Poor
2621.41,25.9,22.57,14.18,1.0,42.45,2.0,7.0,60.3,Urban,,-73.53,Good
2119.19,55.86,21.69,9.88,2.34,20.12,1.93,3.0,68.9,Suburban,Clear,-67.29,Excellent
2395.54,21.65,20.94,14.22,2.21,32.89,2.36,3.0,85.2,Suburban,Clear,-49.44,Excellent
5772.89,173.32,45.63,13.95,4.11,,2.09,2.0,47.7,Suburban,Clear,-61.19,Excellent
1825.87,499.1,38.11,5.92,0.48,43.15,1.48,,81.5,Urban,Clear,-103.63,Poor
2093.75,1707.53,36.06,16.57,0.8,29.77,1.88,13.0,55.4,Dense Urban,Clear,-162.3,Poor
2391.66,175.85,31.37,14.31,1.02,29.62,1.25,1.0,43.1,Suburban,Clear,-64.63,Excellent
2115.57,4168.16,37.46,3.37,0.41,15.59,2.05,1.0,38.9,Rural,Clear,-76.54,Good
5785.84,405.7,37.31,11.16,0.32,11.36,1.36,4.0,66.6,Urban,Clear,-116.41,Poor
5820.08,427.84,44.92,8.6,2.58,47.76,1.74,5.0,63.5,Suburban,Rain,-84.45,Good
2374.56,29.72,43.61,9.35,4.45,39.24,1.25,4.0,51.5,Suburban,Clear,-34.56,Excellent
2114.44,32.59,39.9,7.87,4.11,20.48,2.07,3.0,64.3,Suburban,Clear,-40.6,Excellent
2427.95,360.0,43.26,9.94,0.96,10.98,2.09,6.0,44.8,Urban,Clear,-103.04,Poor
879.75,882.33,37.83,7.69,0.72,35.44,1.39,9.0,88.0,Urban,Clear,-118.37,Poor
2125.43,35.69,47.06,9.41,3.06,44.76,1.43,5.0,41.9,Indoor,Storm,-78.26,Good
922.25,202.46,35.28,10.72,1.65,28.81,1.62,3.0,55.8,Suburban,Clear,-57.74,Excellent
836.73,91.49,45.8,13.69,2.53,36.64,2.49,5.0,18.2,Suburban,Clear,-34.9,Excellent
728.0,152.83,22.76,4.42,3.58,48.14,2.35,1.0,83.1,Suburban,Clear,-63.8,Excellent
2425.67,39.77,19.81,4.14,4.49,29.35,1.8,2.0,83.8,Indoor,Fog,-101.41,Poor
702.06,23.98,24.18,9.97,0.93,42.5,2.25,1.0,51.3,Rural,Clear,-18.12,Excellent
2594.12,73.29,41.6,9.6,0.35,23.88,1.21,1.0,54.4,Rural,Clear,-29.32,Excellent
2076.56,2214.01,47.02,11.02,1.14,10.49,1.35,4.0,28.9,Indoor,Clear,-161.22,Poor
1805.44,1490.32,28.86,11.81,2.77,44.11,2.15,3.0,45.8,Suburban,Clear,-94.17,Fair
3512.03,18.81,33.06,6.39,0.45,47.97,2.36,8.0,54.9,Urban,Clear,-69.95,Excellent
2394.24,17.26,29.58,12.36,1.64,12.31,1.35,4.0,52.0,Suburban,Clear,-47.71,Excellent
3494.36,214.02,25.88,9.93,1.53,35.97,2.22,2.0,16.5,Rural,Clear,-58.19,Excellent
3504.4,56.06,36.74,9.93,0.55,38.31,1.28,5.0,54.7,Indoor,Fog,-103.84,Poor
671.67,1668.79,42.92,11.5,4.9,44.65,1.65,9.0,44.7,Urban,Clear,-112.79,Poor
927.47,205.21,45.35,11.79,4.27,36.98,2.2,5.0,29.6,Urban,Clear,-69.08,Excellent
2387.39,2001.85,18.62,11.87,2.96,42.86,1.82,0.0,31.6,Rural,Clear,-73.71,Good
5778.45,19.59,30.07,15.29,4.42,39.36,2.17,4.0,31.4,Urban,Storm,-66.56,Excellent
820.33,4151.54,37.81,9.99,1.43,25.28,1.57,2.0,67.4,Rural,Fog,-62.44,Excellent
871.41,1175.94,37.61,17.06,4.22,15.35,2.07,7.0,91.7,Indoor,Clear,-149.21,Poor
5821.79,944.74,43.06,17.14,3.39,45.78,2.23,6.0,98.0,Urban,Rain,-116.48,Poor
5775.72,3448.38,42.86,7.37,1.17,48.07,1.46,6.0,43.2,Indoor,Clear,-185.63,Poor
829.13,185.92,24.27,16.1,3.37,10.95,1.44,1.0,22.8,Suburban,Rain,-65.08,Excellent
2096.87,25.23,30.27,8.74,2.56,38.18,1.26,5.0,42.2,Urban,Fog,-66.25,Excellent
2581.14,219.34,24.45,17.59,2.49,13.92,1.7,1.0,32.0,Rural,Clear,-48.76,Excellent
864.15,1585.86,43.59,16.84,4.65,38.33,1.22,0.0,10.0,Rural,Storm,-34.71,Excellent
1773.48,2088.72,30.98,9.03,1.95,18.56,1.89,3.0,64.5,Urban,Fog,-131.55,Poor
1802.98,208.24,31.7,7.59,4.59,49.1,1.56,1.0,41.6,Rural,Clear,-41.56,Excellent
2592.97,947.24,42.53,12.98,4.14,39.74,2.49,6.0,54.3,Indoor,Clear,-146.75,Poor
1797.9,46.4,47.66,7.88,2.11,38.09,2.33,7.0,52.4,Indoor,Clear,-84.12,Good
2095.49,41.9,45.76,12.57,3.88,18.75,1.91,4.0,42.7,Suburban,Clear,-35.8,Excellent
879.19,382.21,17.9,8.74,0.57,19.53,2.37,12.0,10.0,Dense Urban,Fog,-153.91,Poor
3483.22,137.5,42.51,10.03,2.51,32.22,2.45,11.0,33.4,Dense Urban,Clear,-111.49,Poor
823.89,27.21,35.92,8.06,0.31,16.42,1.98,1.0,27.3,Rural,Clear,-18.31,Excellent
876.92,1134.74,20.56,14.75,0.98,22.7,1.67,8.0,34.8,Dense Urban,Clear,-153.1,Poor
928.67,273.05,29.57,11.62,1.79,46.62,2.35,7.0,41.5,Indoor,Clear,-131.29,Poor
5786.79,253.82,23.19,12.93,0.46,28.19,1.55,3.0,60.7,Suburban,Rain,-94.41,Fair
5788.42,32.43,24.52,15.13,4.46,23.66,1.63,6.0,48.8,Urban,Clear,-81.1,Good
2377.63,,39.23,14.74,4.38,44.3,2.04,4.0,39.9,Suburban,Clear,-36.83,Excellent
865.31,740.62,30.44,10.15,0.02,36.73,1.24,7.0,52.8,Urban,Clear,-119.77,Poor
3525.45,1991.87,44.63,6.07,0.5,28.04,1.35,4.0,52.5,Urban,Rain,-129.77,Poor
2117.39,30.08,42.73,7.81,4.7,40.81,1.92,0.0,77.7,Rural,Clear,-7.0,Excellent
5006.76,1557.75,17.66,10.83,0.01,18.49,1.38,3.0,98.0,Indoor,Clear,-183.94,Poor
1818.79,1339.82,41.23,5.82,4.78,14.24,2.31,5.0,18.9,Indoor,Rain,-159.83,Poor
5794.25,1582.79,19.71,14.49,2.86,21.57,2.34,6.0,65.9,Indoor,Rain,-189.47,Poor
5021.57,371.63,21.19,5.67,2.77,22.64,,9.0,19.9,Urban,Clear,-137.63,Poor
917.91,89.05,19.71,7.36,0.18,46.01,1.32,1.0,64.9,Suburban,Clear,-64.08,Excellent
3470.1,1204.93,21.78,12.12,1.81,48.75,1.56,7.0,17.1,Dense Urban,Clear,-161.86,Poor
899.27,197.41,32.75,13.16,4.18,12.17,1.96,7.0,45.8,Urban,Clear,-90.06,Fair
1785.88,39.7,44.67,8.31,1.62,45.66,1.27,7.0,33.4,Indoor,Fog,-85.71,Fair
875.17,121.91,46.19,14.09,4.53,43.08,1.66,2.0,53.9,Indoor,Rain,-78.98,Good
2620.77,171.93,27.55,16.43,2.57,17.57,1.43,1.0,37.7,Suburban,Clear,-68.2,Excellent
870.48,231.16,48.77,4.63,4.19,28.95,1.95,5.0,51.6,Urban,Clear,-73.68,Good
2613.81,2645.44,29.95,16.65,3.91,29.39,2.33,1.0,47.7,Suburban,Clear,-94.43,Fair
2429.29,128.74,19.65,10.61,2.32,18.25,2.37,4.0,69.7,Indoor,Clear,-125.6,Poor
3498.92,58.71,19.99,9.18,4.17,25.28,1.33,5.0,49.2,Suburban,Fog,-78.96,Good
5792.27,3956.84,35.8,14.73,4.31,16.45,1.32,2.0,91.2,Rural,Clear,-74.85,Good
706.35,44.98,25.25,14.55,4.81,32.41,2.14,9.0,44.6,Urban,Storm,-71.3,Good
5818.28,10.72,28.96,12.92,0.38,23.58,1.21,3.0,62.1,Suburban,Rain,-47.61,Excellent
834.42,1966.26,22.15,8.54,4.04,28.48,1.85,2.0,27.0,Rural,Clear,-68.75,Excellent
2385.04,3767.22,27.93,6.28,3.33,29.82,2.06,5.0,51.4,Indoor,Rain,-190.59,Poor
1806.43,693.51,44.9,7.77,3.5,31.01,1.71,8.0,40.9,Urban,Fog,-109.68,Poor
2626.39,125.96,18.95,11.17,4.63,17.36,1.75,0.0,69.6,Rural,Clear,-50.82,Excellent
3487.91,293.48,18.85,11.02,0.2,10.52,1.77,4.0,61.8,Suburban,Clear,-102.16,Poor
4992.61,1760.14,22.74,16.78,3.78,32.92,1.58,3.0,55.1,Suburban,Rain,-109.69,Poor
2129.6,2451.92,41.33,9.31,1.88,22.15,1.75,9.0,39.0,Dense Urban,Clear,-162.57,Poor
5780.57,18.91,25.39,12.67,3.02,12.58,2.24,6.0,68.8,Urban,Clear,-73.98,Good
1774.62,2201.39,22.77,12.56,1.18,25.02,2.29,2.0,62.1,Rural,Clear,-74.49,Good
905.39,463.67,43.56,13.71,1.46,49.55,1.98,1.0,82.9,Rural,Fog,-25.73,Excellent
1771.46,12.22,38.29,17.86,3.08,34.72,1.59,10.0,10.0,Dense Urban,Clear,-53.34,Excellent
2380.83,19.62,40.04,14.83,1.84,38.92,1.73,7.0,67.0,Indoor,Clear,-67.34,Excellent
2607.33,13.27,38.36,2.63,1.49,43.75,2.11,7.0,63.3,Indoor,Clear,-77.39,Good
5009.57,3631.88,36.63,14.99,0.18,37.07,1.82,2.0,51.9,Rural,Clear,-73.66,Good
900.63,141.63,35.39,18.0,0.76,27.61,1.36,3.0,73.8,Suburban,Clear,-50.61,Excellent
1793.02,853.94,37.51,2.61,3.04,44.72,2.06,1.0,67.6,Rural,Clear,-55.37,Excellent
5804.57,10.11,44.59,11.55,2.03,22.21,1.32,4.0,42.0,Indoor,Clear,-58.1,Excellent
2108.6,1382.76,30.21,11.59,0.15,20.18,2.48,9.0,28.7,Urban,Rain,-144.25,Poor
918.21,199.99,23.1,10.4,1.75,20.39,1.62,7.0,63.7,Indoor,Clear,-135.06,Poor
5817.57,3110.11,23.32,16.0,1.83,23.96,1.41,7.0,69.4,Urban,Clear,-159.08,Poor
2109.89,254.62,40.2,15.03,1.15,41.09,1.97,1.0,26.9,Rural,Clear,-31.11,Excellent
5823.65,1345.7,20.22,4.75,0.83,14.32,2.18,5.0,51.4,Suburban,Fog,-132.38,Poor
5820.28,499.93,24.1,3.65,0.05,30.94,2.13,5.0,35.1,Indoor,Clear,-170.71,Poor
5777.99,254.05,19.93,4.67,3.15,34.01,1.55,6.0,72.7,Indoor,Clear,-158.38,Poor
2427.4,3624.79,31.69,16.19,3.84,47.21,1.9,5.0,68.9,Urban,Clear,-132.01,Poor
3523.5,217.57,24.74,3.57,1.16,25.36,2.1,5.0,48.6,Suburban,Clear,-96.62,Fair
5789.26,2561.71,36.24,12.34,1.63,29.1,2.26,1.0,45.9,Rural,Fog,-71.58,Good
871.21,12.51,46.66,12.93,4.5,37.53,1.83,0.0,64.2,Rural,Rain,12.92,Excellent
706.24,594.78,30.06,5.49,4.83,16.62,1.21,1.0,55.0,Rural,Storm,-54.56,Excellent
1796.31,2887.67,42.96,5.68,2.83,26.3,1.75,4.0,45.8,Urban,Clear,-127.34,Poor
2614.97,2673.73,22.72,15.37,2.0,11.27,2.0,5.0,15.0,Urban,Rain,-148.65,Poor
2401.48,203.77,41.45,8.72,4.93,10.07,1.38,5.0,35.3,Suburban,Fog,-67.43,Excellent
674.59,188.01,20.2,9.99,0.29,26.98,2.4,6.0,78.1,Indoor,Clear,-131.25,Poor
2384.68,1540.11,38.02,8.35,1.48,42.65,1.43,5.0,87.7,Urban,Clear,-122.46,Poor
872.95,80.2,42.67,4.93,2.63,25.36,1.4,7.0,47.3,Urban,Rain,-74.85,Good
2372.26,3383.53,41.65,9.03,1.23,32.12,1.2,5.0,59.0,Urban,Clear,-133.22,Poor
2414.2,47.49,46.35,6.31,4.62,28.85,1.52,11.0,49.7,Dense Urban,Clear,-88.49,Fair
2587.52,15.88,40.67,6.8,2.63,27.19,2.29,5.0,43.4,Indoor,Storm,-75.43,Good
2097.16,1211.71,33.74,5.23,4.45,34.49,2.14,12.0,42.2,Dense Urban,Rain,-161.8,Poor
2101.86,123.69,37.35,12.02,1.65,47.98,1.4,3.0,21.1,Urban,Clear,-72.67,Good
2585.0,91.25,29.18,6.59,0.83,32.04,2.41,3.0,54.4,Indoor,Fog,-116.29,Poor
3509.12,73.47,22.36,4.65,4.58,43.95,2.03,4.0,60.8,Suburban,Clear,-73.99,Good
5011.61,4427.76,45.84,14.93,2.39,23.4,1.86,1.0,47.4,Rural,Storm,-70.83,Good
1775.1,349.09,45.48,11.21,3.97,21.15,1.36,0.0,76.7,Rural,Clear,-29.88,Excellent
2092.44,4754.97,46.9,15.74,1.58,13.17,2.36,6.0,35.0,Indoor,Rain,-176.01,Poor
1814.66,84.59,42.64,14.5,0.55,33.35,1.98,2.0,38.2,Indoor,Clear,-85.79,Fair
2413.3,131.01,19.76,7.95,3.17,39.47,1.38,6.0,28.9,Indoor,Rain,-136.42,Poor
852.68,37.29,24.92,10.99,1.32,35.15,1.83,6.0,85.5,Dense Urban,Fog,-82.97,Good
2116.66,145.06,24.69,17.79,4.58,44.01,1.25,3.0,38.3,Urban,Fog,-80.37,Good
826.46,14.7,36.09,7.73,1.47,18.44,1.3,13.0,52.6,Dense Urban,Fog,-78.9,Good
2377.09,10.03,23.07,5.83,1.43,36.6,1.44,3.0,36.6,Suburban,Fog,-45.17,Excellent
5009.45,167.04,44.83,4.61,3.77,29.83,1.75,3.0,70.9,Urban,Rain,-91.75,Fair
5811.6,1031.56,21.55,17.04,1.89,22.64,2.26,7.0,69.0,Indoor,Clear,-178.37,Poor
2118.87,151.23,48.04,5.99,0.71,29.49,2.07,0.0,55.5,Rural,Rain,-29.6,Excellent
680.86,250.08,30.56,16.84,1.2,38.86,2.09,6.0,54.9,Urban,Storm,-87.18,Fair
901.01,159.48,31.15,11.47,3.32,45.63,1.3,2.0,60.5,Suburban,Clear,-56.28,Excellent
859.65,264.14,32.11,11.44,0.62,34.02,1.46,4.0,60.1,Urban,Clear,-90.22,Fair
3483.42,1239.74,29.49,8.4,3.48,36.52,1.78,7.0,70.8,Indoor,Rain,-176.4,Poor
5801.02,1477.05,37.66,8.34,4.74,47.37,2.42,9.0,33.2,Dense Urban,Storm,-165.12,Poor
2408.31,1827.65,19.78,7.13,0.68,39.61,2.02,5.0,72.4,Urban,Clear,-148.41,Poor
832.87,37.44,20.63,13.67,1.39,18.84,1.47,7.0,36.5,Urban,Clear,-72.24,Good
692.53,172.07,30.75,13.82,1.7,40.67,1.21,9.0,54.9,Urban,Clear,-87.56,Fair
5782.98,1749.28,20.98,10.5,2.93,15.13,1.28,0.0,38.3,Rural,Clear,-81.59,Good
1824.18,3484.2,22.42,9.18,3.24,15.37,1.43,4.0,53.9,Urban,Clear,-147.09,Poor
834.21,292.08,29.09,12.17,4.82,48.04,2.02,1.0,59.1,Rural,Rain,-36.16,Excellent
827.25,214.09,19.47,9.86,4.92,14.48,1.39,4.0,69.5,Urban,Clear,-101.74,Poor
872.11,1157.76,30.29,15.19,1.6,43.14,1.25,2.0,80.9,Suburban,Rain,-80.81,Good
2572.7,4748.46,26.53,3.04,1.03,37.03,1.95,3.0,59.0,Urban,Rain,-158.79,Poor
4981.5,141.12,20.7,16.44,1.25,40.2,1.43,2.0,32.1,Suburban,Storm,-84.62,Good
906.49,27.9,30.05,10.39,3.05,32.44,1.49,1.0,40.6,Suburban,Rain,-31.2,Excellent
2571.06,1785.54,37.37,10.15,1.34,40.33,2.46,2.0,38.1,Suburban,Clear,-90.43,Fair
687.2,826.83,42.81,8.26,4.08,48.19,2.26,2.0,73.0,Rural,Clear,-34.36,Excellent
673.49,24.64,27.93,10.52,2.31,39.68,2.29,5.0,12.3,Dense Urban,Rain,-66.88,Excellent
694.22,74.67,35.35,5.53,0.05,22.8,,6.0,52.8,Urban,Clear,-76.96,Good
5772.91,311.27,22.29,9.96,3.93,45.77,2.46,1.0,52.7,Suburban,Rain,-88.9,Fair
2406.45,942.33,22.04,8.37,2.11,29.14,1.83,1.0,74.6,,Fog,-72.51,Good
5011.31,1279.21,38.21,6.7,4.96,16.36,1.31,10.0,47.8,,,-166.73,Poor
713.88,26.32,28.38,5.4,3.81,46.21,1.61,4.0,44.5,Urban,Clear,-54.4,Excellent
683.46,38.46,45.98,15.76,2.8,26.54,1.33,7.0,69.2,Urban,Rain,-44.66,Excellent
5022.11,1019.45,42.34,15.6,0.61,19.95,1.63,3.0,62.6,Indoor,Rain,-150.39,Poor
861.42,20.58,45.57,9.76,2.61,35.59,1.37,13.0,82.7,Dense Urban,Clear,-67.19,Excellent
823.4,221.06,29.49,5.7,3.07,49.82,1.53,4.0,49.4,Indoor,Clear,-122.33,Poor
2396.45,297.59,22.17,9.21,4.27,43.75,1.29,11.0,44.7,Dense Urban,Clear,-140.78,Poor
2616.07,82.4,39.89,16.81,4.06,20.04,1.53,5.0,41.2,Dense Urban,Rain,-85.73,Fair
888.65,1410.22,46.36,14.47,4.68,38.51,1.64,12.0,66.0,Dense Urban,Clear,-132.94,Poor
2092.89,14.11,22.38,14.92,3.55,20.18,2.39,7.0,84.3,Indoor,Clear,-79.76,Good
2607.78,1254.01,44.01,13.24,2.4,30.49,1.45,4.0,20.2,Urban,Clear,-107.75,Poor
2073.33,554.14,17.9,13.58,2.06,15.62,2.28,3.0,64.6,Suburban,Rain,-99.61,Fair
1828.02,233.86,39.17,,2.38,21.55,2.26,7.0,52.5,Indoor,Rain,-133.28,Poor
680.47,2262.08,43.8,7.55,1.51,49.62,1.93,3.0,55.9,Indoor,Fog,-148.73,Poor
2071.6,35.14,22.34,15.31,0.7,28.2,1.77,4.0,81.1,Indoor,Clear,-89.95,Fair
4970.32,1449.66,23.23,4.84,,39.68,1.72,3.0,73.8,Urban,Clear,-142.76,Poor
2593.97,32.12,39.1,3.2,3.46,27.53,2.38,4.0,76.0,Urban,Rain,-66.74,Excellent
5023.06,4711.77,28.12,15.54,0.4,,2.44,1.0,63.1,Suburban,Clear,-115.21,Poor
869.19,12.26,34.99,14.49,1.96,36.17,2.11,2.0,60.1,Suburban,Clear,-15.68,Excellent
724.72,311.22,19.0,4.53,0.88,26.77,2.32,0.0,68.1,Rural,Clear,-56.12,Excellent
2402.03,28.41,43.39,10.45,3.44,20.46,2.22,1.0,98.0,Rural,Storm,-19.42,Excellent
846.92,126.22,38.54,2.67,1.67,17.83,2.13,1.0,57.1,Suburban,Fog,-53.39,Excellent
2393.15,25.08,36.0,,2.62,29.44,1.51,3.0,60.5,Urban,Clear,-58.64,Excellent
5772.79,33.35,42.31,6.12,4.18,45.9,1.74,4.0,41.6,Indoor,Clear,-86.21,Fair
1824.57,14.61,29.82,13.26,2.64,23.64,1.52,5.0,20.7,Suburban,Rain,-40.67,Excellent
2399.77,10.51,41.79,6.88,1.49,32.62,2.18,6.0,79.6,Urban,Fog,-47.82,Excellent
2597.3,873.75,30.63,14.97,2.98,12.05,1.59,5.0,50.7,Urban,Storm,-122.16,Poor
,167.45,46.67,2.38,4.87,38.89,2.11,0.0,67.8,Rural,Clear,-19.11,Excellent
5017.65,13.28,32.92,2.07,2.84,41.31,1.63,3.0,61.1,Suburban,Storm,-56.95,Excellent
883.47,3421.77,23.96,6.8,1.72,25.1,1.28,4.0,84.1,Suburban,Clear,-114.53,Poor
5012.59,625.84,46.19,13.7,3.85,27.58,2.36,3.0,48.8,Suburban,Clear,-72.89,Good
2612.65,51.67,23.39,17.22,3.1,12.77,1.74,5.0,27.6,Suburban,Fog,-66.01,Excellent
870.97,152.77,47.77,7.05,4.84,46.82,1.5,2.0,82.0,Rural,Clear,-18.35,Excellent
3470.52,209.18,43.32,10.91,0.79,32.04,1.9,7.0,60.7,Urban,Rain,-98.68,Fair
830.22,345.32,35.12,2.66,4.94,15.59,1.37,10.0,57.4,Dense Urban,Storm,-136.55,Poor
2398.26,2061.73,29.89,2.02,3.49,39.76,1.21,9.0,12.2,Dense Urban,Storm,-179.67,Poor
5821.03,390.95,19.52,2.25,3.07,41.14,1.23,4.0,66.6,Suburban,Clear,-108.39,Poor
5827.91,4380.79,45.68,3.56,3.8,18.05,2.49,1.0,19.6,Suburban,Clear,-107.44,Poor
5005.69,915.45,24.27,15.99,0.75,28.14,2.23,3.0,72.8,Suburban,Clear,-100.87,Poor
2082.73,4655.63,37.59,12.26,1.28,27.73,2.3,1.0,48.6,Rural,Fog,-66.4,Excellent
2381.08,306.52,43.12,16.37,0.59,24.91,1.84,6.0,65.3,Urban,Storm,-96.2,Fair
1808.37,677.82,22.65,15.36,2.46,44.59,1.89,2.0,55.3,Rural,Clear,-56.55,Excellent
5782.6,980.77,22.36,14.24,2.56,38.28,1.44,4.0,48.2,Suburban,Clear,-105.46,Poor
2103.19,1089.03,45.27,7.66,4.51,45.35,1.85,8.0,39.2,Urban,Rain,-114.51,Poor
3520.09,11.64,46.34,4.14,2.21,31.2,1.95,6.0,13.8,Urban,Clear,-46.79,Excellent
1793.39,22.08,20.67,3.65,3.6,42.38,2.27,4.0,50.8,Indoor,Rain,-91.7,Fair
3492.71,41.17,25.19,2.4,2.02,19.47,2.31,7.0,60.2,Dense Urban,Clear,-107.62,Poor
872.17,54.04,35.89,4.84,3.99,21.18,2.27,3.0,62.9,Suburban,Clear,-44.0,Excellent
3485.25,2776.91,37.84,2.31,0.58,29.75,2.44,12.0,70.6,Dense Urban,Fog,-184.67,Poor
711.89,891.83,23.12,13.0,0.52,29.65,2.38,5.0,62.8,Suburban,Clear,-93.1,Fair
841.62,24.36,21.27,8.22,1.61,11.74,1.56,7.0,94.4,Urban,Fog,-76.91,Good
1779.5,141.49,38.94,10.45,4.98,33.43,1.46,1.0,44.7,Suburban,Fog,-50.91,Excellent
2076.35,45.31,24.62,9.66,2.67,10.62,1.69,4.0,90.2,Suburban,Clear,-61.86,Excellent
3475.7,1736.91,34.64,6.53,3.26,17.72,1.31,4.0,58.5,Urban,Clear,-135.7,Poor
1809.55,2999.9,42.89,3.83,0.49,22.56,2.28,11.0,67.6,Dense Urban,Clear,-172.71,Poor
706.76,27.76,23.31,10.68,1.95,43.51,1.81,2.0,74.2,Indoor,Fog,-78.73,Good
1801.11,133.14,33.89,15.82,4.66,17.84,1.36,7.0,10.0,Indoor,Storm,-114.28,Poor
2100.02,3729.74,42.82,14.0,2.85,25.63,1.79,11.0,88.3,Dense Urban,Clear,-161.37,Poor
2379.19,593.56,35.75,16.9,0.29,35.85,1.92,1.0,65.5,Rural,Fog,-47.08,Excellent
2600.04,2202.76,18.03,7.7,4.25,15.99,1.67,6.0,40.7,Indoor,Fog,-195.65,Poor
873.6,92.34,41.43,15.53,0.53,12.96,1.61,6.0,45.6,Urban,Clear,-68.83,Excellent
2625.55,36.81,28.03,13.56,3.09,10.28,1.78,4.0,71.5,Suburban,Fog,-57.7,Excellent
2573.48,734.19,42.82,17.09,0.76,48.51,1.53,2.0,48.1,Suburban,Clear,-67.35,Excellent
3495.41,23.49,18.66,6.6,4.36,11.58,1.69,10.0,41.7,Dense Urban,Clear,-105.55,Poor
2370.03,1848.72,44.67,14.86,4.87,36.1,2.12,4.0,51.0,Suburban,Clear,-82.09,Good
5017.17,1089.64,43.27,10.13,1.29,10.17,2.37,6.0,36.9,Indoor,Clear,-160.18,Poor
879.97,66.52,21.19,8.99,4.24,43.07,1.27,6.0,29.8,Indoor,Storm,-112.43,Poor
3525.49,221.82,27.47,9.45,4.53,36.79,2.46,6.0,53.7,Indoor,Clear,-137.15,Poor
672.64,1435.49,29.06,8.92,3.8,49.19,1.75,9.0,10.0,Urban,Clear,-128.34,Poor
869.25,3336.53,37.2,16.03,3.88,47.45,2.3,7.0,63.6,Indoor,Clear,-166.05,Poor
5009.4,89.22,37.68,17.11,3.51,48.61,2.06,3.0,,,Clear,-70.71,Good
2084.98,1355.7,42.03,12.61,0.35,13.07,2.27,0.0,95.2,Rural,Clear,-54.23,Excellent
2582.15,33.49,45.25,5.08,1.78,33.42,1.4,2.0,65.6,Rural,Rain,-24.12,Excellent
2591.46,2745.54,42.41,8.73,1.54,39.86,1.36,0.0,72.1,Rural,Clear,-58.8,Excellent
2619.7,711.49,22.55,7.69,1.04,14.95,1.26,2.0,24.8,Rural,Fog,-76.03,Good
921.72,25.84,49.25,12.74,2.3,18.38,1.48,9.0,74.5,Dense Urban,Rain,-65.1,Excellent
830.52,992.6,30.47,3.13,1.3,26.33,2.04,1.0,20.5,Rural,Fog,-61.94,Excellent
691.21,899.93,46.06,12.47,2.63,43.97,1.85,2.0,48.3,Indoor,Rain,-119.89,Poor
4984.25,1007.95,28.11,9.47,2.4,42.64,2.07,3.0,21.3,Suburban,Clear,-99.99,Fair
877.36,85.27,21.15,6.18,0.04,42.65,2.46,3.0,49.9,Indoor,Clear,-110.21,Poor
2408.79,992.43,42.68,3.02,0.66,21.0,1.41,5.0,61.2,Suburban,Clear,-97.61,Fair
2090.75,1701.72,44.7,2.85,2.93,40.62,1.49,1.0,49.2,Rural,Rain,-59.36,Excellent
833.52,86.47,19.7,16.27,4.9,13.79,1.49,1.0,39.5,Suburban,Fog,-50.45,Excellent
2121.96,36.41,19.77,11.23,2.88,47.94,2.14,5.0,68.4,Suburban,Clear,-62.28,Excellent
714.9,2490.93,41.88,10.83,4.65,29.85,1.24,0.0,54.7,Rural,Clear,-41.71,Excellent
866.43,473.41,17.39,2.28,4.96,38.68,1.64,7.0,52.0,Dense Urban,Fog,-142.85,Poor
822.35,174.81,30.66,14.34,3.42,48.95,,2.0,61.1,Rural,Clear,-29.22,Excellent
5024.91,2368.11,29.62,5.37,2.95,26.59,1.22,9.0,32.4,Urban,Clear,-156.9,Poor
2404.48,23.28,30.67,8.13,2.9,22.14,2.41,11.0,71.8,Dense Urban,Clear,-92.36,Fair
5800.23,1540.79,30.23,12.35,1.01,22.62,2.45,9.0,72.1,Urban,Clear,-151.04,Poor
2070.64,211.21,,4.15,0.83,13.71,2.27,7.0,47.0,Dense Urban,Rain,-117.21,Poor
923.86,13.02,37.34,14.75,1.49,37.06,1.81,1.0,60.7,Rural,Clear,1.43,Excellent
2602.63,4217.47,44.06,15.36,1.65,49.84,1.96,7.0,58.3,Dense Urban,Storm,-162.7,Poor
5819.51,1258.86,30.33,10.31,1.39,44.92,1.23,6.0,76.3,Urban,Clear,-139.42,Poor
2409.33,37.99,29.91,7.85,0.96,48.68,2.25,0.0,98.0,Rural,Clear,-28.29,Excellent
717.8,3111.91,39.31,6.03,3.77,18.43,1.22,12.0,82.6,Dense Urban,Clear,-167.44,Poor
1811.58,3345.57,21.7,13.58,1.86,12.78,2.02,5.0,31.0,Urban,Rain,-148.97,Poor
5825.26,1446.88,44.01,7.45,2.91,21.04,1.32,0.0,72.4,Rural,Clear,-60.93,Excellent
2383.53,22.04,45.38,14.95,1.99,34.37,2.23,7.0,98.0,Dense Urban,Clear,-56.14,Excellent
5782.13,31.84,23.91,13.72,2.2,39.29,1.89,3.0,35.0,Indoor,Clear,-93.63,Fair
2412.75,1084.21,15.8,7.65,2.13,41.3,1.4,3.0,83.7,Urban,Storm,-142.48,Poor
700.08,2926.4,31.31,5.66,2.88,11.86,1.29,7.0,68.5,Dense Urban,Clear,-164.01,Poor
5005.95,38.05,22.69,7.72,1.16,34.28,1.52,4.0,59.4,Indoor,Clear,-107.71,Poor
3512.51,175.29,18.29,7.48,4.92,20.6,2.46,2.0,60.6,Indoor,Clear,-134.67,Poor
3502.85,26.17,42.45,17.31,3.01,20.5,1.36,5.0,48.1,Suburban,Fog,-38.77,Excellent
5817.26,195.04,21.89,12.04,3.47,41.35,1.79,3.0,25.3,Urban,Clear,-102.67,Poor
839.13,542.21,28.16,12.52,1.73,45.77,1.55,2.0,75.2,Suburban,Fog,-75.25,Good
5821.54,11.22,43.09,6.54,4.3,33.92,2.06,8.0,20.7,Urban,Clear,-53.52,Excellent
876.46,543.55,31.1,7.83,1.84,10.75,2.2,7.0,50.8,Urban,Clear,-113.06,Poor
5808.04,532.92,19.16,9.46,4.17,23.1,2.42,3.0,55.6,Urban,Fog,-127.92,Poor
873.41,169.07,22.41,17.63,1.13,47.6,1.81,6.0,48.3,Indoor,Clear,-114.89,Poor
2385.16,2610.14,24.27,12.68,4.18,34.85,1.8,4.0,59.1,Indoor,Fog,-176.54,Poor
3489.61,23.11,37.08,4.46,4.75,43.37,1.56,2.0,93.8,Rural,Fog,-25.48,Excellent
688.33,13.76,27.66,17.86,1.01,29.11,2.17,7.0,59.6,Urban,Clear,-47.63,Excellent
703.86,217.89,21.01,6.31,0.17,27.87,2.49,2.0,60.7,Rural,Clear,-52.66,Excellent
4994.77,274.56,25.23,11.95,4.12,32.16,1.66,6.0,75.0,Urban,Rain,-115.4,Poor
676.48,52.45,30.75,16.0,2.92,43.74,2.11,2.0,65.3,Indoor,Clear,-79.51,Good
2623.48,3939.17,35.7,11.85,1.22,47.89,2.2,8.0,57.6,Urban,Rain,-148.92,Poor
5782.28,48.4,27.79,16.81,2.68,31.38,2.26,5.0,48.4,Suburban,Clear,-60.84,Excellent
2602.04,53.6,44.65,15.57,4.92,48.3,1.99,3.0,57.2,Indoor,Rain,-77.35,Good
2105.69,1544.64,30.15,2.56,4.71,41.35,1.73,3.0,66.1,Indoor,Clear,-170.7,Poor
2072.45,3095.09,45.14,12.99,1.54,41.05,1.97,7.0,66.0,Indoor,Clear,-165.84,Poor
2575.74,279.91,35.86,13.53,3.44,47.79,1.33,10.0,35.6,Dense Urban,,-119.18,Poor
2428.3,11.26,29.03,7.95,2.55,15.62,2.46,0.0,26.8,Rural,Rain,-24.05,Excellent
2409.87,91.06,21.53,16.55,1.43,11.95,1.4,8.0,65.6,Urban,Clear,-99.06,Fair
822.01,40.22,42.35,14.81,0.72,14.78,1.48,9.0,39.2,Urban,Fog,-57.75,Excellent
2617.65,239.45,48.57,7.87,0.64,32.66,1.98,6.0,57.1,Indoor,Clear,-115.04,Poor
3500.51,695.41,45.78,5.57,0.12,44.36,1.9,9.0,50.2,Dense Urban,Fog,-142.6,Poor
3474.51,114.6,44.75,5.4,3.19,12.08,1.29,4.0,45.5,Suburban,Clear,-65.09,Excellent
710.85,282.05,23.57,5.53,1.35,30.36,1.93,6.0,65.9,Dense Urban,Clear,-126.17,Poor
3499.96,1124.19,31.06,11.43,2.93,35.06,2.06,1.0,56.9,Suburban,Clear,-89.55,Fair
3482.3,46.17,42.73,12.28,3.78,34.37,1.82,4.0,79.6,Suburban,Clear,-44.26,Excellent
872.66,33.8,42.83,4.38,0.02,21.63,1.95,4.0,70.8,Indoor,Storm,-83.88,Good
4987.48,1494.12,37.63,10.78,2.22,19.67,1.35,1.0,37.4,Rural,Storm,-71.6,Good
2387.07,12.59,21.2,6.0,1.36,10.9,2.37,1.0,46.4,Rural,Rain,-40.34,Excellent
2086.37,25.5,43.79,16.57,3.07,16.38,2.49,1.0,50.0,Suburban,Clear,-22.52,Excellent
3516.05,10.8,34.35,15.7,0.72,10.52,2.0,1.0,42.1,Suburban,Storm,-35.52,Excellent
2412.37,315.48,20.39,3.85,2.85,29.52,1.92,7.0,78.5,Indoor,Clear,-161.02,Poor
2424.19,416.5,36.02,6.04,2.93,36.52,2.11,8.0,45.3,Urban,Clear,-110.52,Poor
1783.76,271.17,42.18,17.11,3.2,34.44,2.35,3.0,54.6,Urban,Rain,-76.64,Good
5817.18,131.25,46.69,6.78,0.51,38.72,1.44,10.0,62.6,Dense Urban,Clear,-113.72,Poor
5804.38,267.81,45.55,15.05,4.9,13.3,1.85,2.0,32.3,Rural,Rain,-43.78,Excellent
838.52,33.38,22.65,2.81,2.18,32.65,1.73,,55.5,Urban,Clear,-81.84,Good
3472.13,1698.26,45.96,8.2,2.29,18.15,1.41,9.0,87.5,Urban,Clear,-131.9,Poor
719.14,4436.87,41.35,11.84,3.59,35.82,1.74,7.0,56.2,Indoor,Rain,-171.83,Poor
1784.46,287.82,24.85,8.39,4.62,42.31,2.34,0.0,48.5,Rural,Clear,-46.38,Excellent
5807.9,102.42,43.65,14.65,3.42,35.51,1.35,1.0,71.4,Suburban,Clear,-45.07,Excellent
852.93,1370.87,20.31,17.68,3.33,25.81,1.44,3.0,70.9,Suburban,Clear,-88.97,Fair
1770.27,33.2,45.07,10.22,3.47,25.46,2.03,2.0,10.0,Indoor,Clear,-67.78,Excellent
929.66,73.41,42.05,9.42,3.39,32.35,1.48,4.0,52.2,Suburban,Rain,-43.29,Excellent
3518.86,3443.34,47.92,13.27,2.7,45.69,1.43,3.0,62.5,Indoor,Clear,-158.54,Poor
2099.19,31.83,36.69,14.06,2.58,36.26,2.4,12.0,71.9,Dense Urban,Clear,-82.73,Good
2410.82,20.07,19.04,2.96,2.38,13.93,1.77,2.0,78.3,Indoor,Clear,-96.59,Fair
5798.6,298.26,44.01,9.0,3.81,41.39,1.48,12.0,49.7,Dense Urban,Clear,-133.67,Poor
2414.68,384.97,32.38,10.0,2.34,12.12,1.86,0.0,55.7,Rural,Clear,-52.95,Excellent
3478.06,408.97,31.71,6.92,0.69,24.93,1.29,0.0,41.7,Rural,Clear,-56.02,Excellent
696.78,27.79,45.28,14.15,2.44,25.1,1.5,3.0,79.4,Urban,Clear,-30.6,Excellent
890.13,883.79,23.82,16.19,3.18,34.96,1.94,2.0,12.2,Rural,Clear,-52.73,Excellent
5797.58,45.07,37.19,15.53,2.82,43.44,1.44,9.0,26.9,Urban,Fog,-78.71,Good
4997.03,3621.6,42.47,12.14,3.09,21.05,2.4,1.0,86.8,Suburban,Clear,-98.22,Fair
2578.59,41.23,38.45,14.71,1.91,35.39,1.52,2.0,54.0,Indoor,Clear,-80.33,Good
1828.59,11.14,42.06,5.72,0.87,33.14,1.57,5.0,46.2,Suburban,Clear,-31.56,Excellent
820.93,340.88,39.71,2.41,3.6,34.4,2.12,8.0,75.0,Urban,Clear,-100.57,Poor
4970.6,35.28,37.39,10.22,0.19,10.76,2.33,8.0,21.2,Urban,Clear,-82.27,Good
3492.41,497.17,20.1,8.56,1.27,30.48,1.31,7.0,59.6,Indoor,Clear,-162.52,Poor
907.22,41.56,42.11,16.11,4.66,47.44,1.92,9.0,69.5,Dense Urban,Clear,-64.38,Excellent
2380.78,143.02,41.66,14.63,1.84,19.86,2.15,11.0,56.4,Dense Urban,Clear,-107.65,Poor
2601.99,30.51,20.66,8.11,1.67,41.42,2.32,5.0,10.0,Suburban,Clear,-64.06,Excellent
2113.37,143.66,42.46,2.28,0.62,38.85,1.31,3.0,47.4,Suburban,Rain,-66.6,Excellent
5775.64,23.36,21.69,6.4,1.25,49.44,2.49,3.0,35.3,Suburban,Clear,-63.23,Excellent
879.07,81.69,24.45,7.77,1.7,22.71,1.33,2.0,91.3,Suburban,Clear,-57.28,Excellent
890.2,34.43,20.77,12.81,1.4,44.09,2.24,7.0,76.8,Indoor,Clear,-98.5,Fair
708.54,1594.54,36.27,16.45,1.25,21.04,1.39,3.0,49.2,Urban,Rain,-107.84,Poor
2576.64,930.05,23.78,5.54,4.65,28.33,2.0,6.0,18.9,Urban,Clear,-135.83,Poor
2612.57,28.2,42.84,14.57,2.8,29.29,1.64,4.0,55.0,Suburban,Rain,-36.32,Excellent
5820.43,16.74,36.6,13.66,0.25,38.09,1.64,2.0,31.4,Indoor,Clear,-73.52,Good
2376.32,11.74,29.92,7.65,4.66,19.91,1.68,5.0,65.2,Indoor,Rain,-77.25,Good
827.55,40.91,25.66,2.26,4.05,23.47,2.14,6.0,61.3,Urban,Rain,-80.87,Good
2086.86,197.69,46.97,2.52,0.5,49.03,1.7,3.0,47.2,Indoor,Clear,-110.31,Poor
670.72,120.03,45.55,11.91,1.18,36.13,2.41,7.0,62.2,Dense Urban,Rain,-81.81,Good
2629.16,4188.39,31.34,15.55,0.96,32.01,1.46,1.0,98.0,Rural,Fog,-70.33,Good
2605.9,1374.82,24.29,12.11,3.45,12.22,1.21,2.0,22.0,Indoor,Clear,-167.26,Poor
5006.46,16.26,43.39,14.38,3.01,49.91,1.43,2.0,32.0,Suburban,Clear,-26.74,Excellent
1827.54,26.85,42.51,10.05,3.83,40.62,2.45,5.0,60.2,Suburban,Clear,-35.15,Excellent
1819.92,11.8,29.41,6.21,2.54,49.09,2.03,5.0,38.3,Indoor,Rain,-74.99,Good
718.85,23.61,35.39,2.64,1.51,23.45,2.0,2.0,62.8,Rural,Rain,-23.94,Excellent
2090.37,268.46,43.27,15.08,1.21,15.06,2.47,6.0,29.0,Urban,Clear,-87.82,Fair
2090.09,16.11,22.09,9.59,3.32,39.84,1.79,4.0,56.1,Indoor,Fog,-82.29,Good
3487.5,14.51,45.34,16.02,1.87,39.49,1.61,3.0,54.6,Indoor,Rain,-55.18,Excellent
3490.8,20.84,37.94,7.92,2.0,44.81,1.21,4.0,68.0,Indoor,Clear,-78.54,Good
842.17,640.81,22.53,6.42,1.05,10.29,1.56,3.0,51.0,Indoor,Storm,-160.16,Poor
878.4,11.28,46.56,12.67,3.93,33.48,1.82,9.0,75.2,Urban,Clear,-31.28,Excellent
2391.36,4139.92,45.84,11.67,3.04,15.7,1.2,3.0,35.0,Indoor,Clear,-167.69,Poor
1796.8,106.59,45.97,13.27,1.11,29.16,2.32,0.0,61.5,Rural,Clear,-18.35,Excellent
688.56,80.99,44.71,3.46,2.08,49.97,1.91,3.0,19.6,Suburban,Clear,-39.4,Excellent
4979.92,191.21,23.58,3.33,3.53,39.81,2.34,5.0,10.0,Suburban,Clear,-95.92,Fair
3492.4,249.86,37.29,11.13,3.46,20.57,2.12,9.0,27.5,Urban,Rain,-111.35,Poor
2398.85,136.02,37.4,10.77,2.25,35.0,2.01,1.0,95.9,Rural,Clear,-33.88,Excellent
1813.24,205.39,34.86,3.49,3.27,29.26,2.12,4.0,84.3,Suburban,Clear,-74.69,Good
5012.67,82.59,20.59,8.88,3.11,28.13,,5.0,62.3,Urban,Rain,-104.26,Poor
682.16,73.98,21.69,12.14,0.43,12.61,1.72,5.0,38.3,Suburban,Fog,-64.66,Excellent
2072.2,11.85,30.59,10.67,2.92,35.8,2.13,2.0,72.8,Rural,Fog,-16.75,Excellent
4988.23,650.38,35.9,4.98,0.25,34.5,2.33,2.0,22.6,Suburban,Clear,-94.5,Fair
5779.43,463.45,23.89,16.84,3.99,13.62,2.18,2.0,14.7,,Fog,-65.59,Excellent
893.75,638.45,42.77,2.55,4.14,15.16,2.08,1.0,52.1,Suburban,Clear,-69.52,Excellent
2628.76,3466.41,44.28,6.36,0.26,28.43,2.29,8.0,53.9,Urban,Clear,-139.41,Poor
830.86,189.17,29.56,3.08,1.65,31.53,1.47,3.0,64.3,Suburban,Fog,-72.76,Good
839.13,2398.13,40.31,6.53,3.91,17.65,1.62,11.0,41.7,Dense Urban,Clear,-162.01,Poor
1813.51,157.83,19.59,12.96,3.32,43.27,1.95,3.0,42.7,Suburban,Clear,-69.22,Excellent
5000.55,194.57,23.25,2.38,1.93,38.35,1.46,1.0,90.7,Suburban,Clear,-87.26,Fair
2572.64,510.88,18.48,2.62,1.31,19.01,2.1,1.0,51.5,Suburban,Clear,-102.89,Poor
2079.7,38.26,48.07,5.29,1.48,42.16,2.18,0.0,43.9,Rural,Clear,-10.52,Excellent
926.11,38.6,24.22,2.44,0.61,33.43,1.23,5.0,62.6,Suburban,Clear,-62.76,Excellent
826.19,237.7,43.28,8.24,4.99,22.68,2.06,7.0,45.1,Indoor,Rain,-113.3,Poor
908.11,15.32,38.38,5.68,3.38,43.14,1.24,9.0,90.7,Urban,Fog,-54.5,Excellent
867.54,43.52,20.37,7.15,2.75,30.49,1.26,5.0,61.7,Indoor,Rain,-106.75,Poor
835.93,1384.83,20.01,15.4,4.92,27.49,1.39,6.0,47.7,Urban,Clear,-126.43,Poor
2613.5,178.49,42.1,8.92,1.85,10.64,1.5,4.0,38.7,Suburban,Storm,-73.84,Good
830.19,11.8,42.46,2.24,4.35,42.85,2.32,3.0,15.4,Indoor,Clear,-51.12,Excellent
687.09,14.59,36.3,10.75,4.46,21.05,1.92,2.0,59.5,Rural,Clear,-5.83,Excellent
2388.71,3032.11,30.02,3.75,0.61,21.62,1.27,4.0,38.5,Indoor,Fog,-190.68,Poor
929.79,3820.8,27.16,2.95,4.95,43.42,2.45,1.0,19.1,Suburban,Rain,-105.13,Poor
2082.87,537.43,44.54,7.24,3.75,13.45,1.81,11.0,30.8,Dense Urban,Fog,-137.82,Poor
827.75,31.56,25.92,6.35,1.72,48.18,1.92,7.0,80.6,Dense Urban,Fog,-86.46,Fair
925.54,98.5,19.35,3.79,2.02,23.25,2.12,2.0,50.6,Suburban,Rain,-72.53,Good
2079.72,66.75,24.76,6.77,0.35,23.34,2.29,2.0,58.9,Rural,Rain,-50.47,Excellent
2622.76,1315.57,22.8,9.75,3.92,37.96,1.97,6.0,59.3,Dense Urban,Fog,-156.35,Poor
2109.03,281.57,22.1,6.02,1.52,24.44,2.01,13.0,92.6,Dense Urban,Fog,-152.21,Poor
2404.61,1271.36,29.43,2.52,1.71,20.83,1.31,1.0,41.1,Suburban,Clear,-104.66,Poor
2415.08,93.97,43.13,16.28,2.58,16.37,1.27,13.0,52.5,Dense Urban,Clear,-99.28,Fair
913.56,2222.21,41.92,12.42,2.53,23.28,1.54,4.0,74.4,Urban,Rain,-115.36,Poor
876.63,143.98,23.91,13.31,1.03,48.9,1.91,6.0,55.0,Dense Urban,Clear,-106.32,Poor
2129.97,133.81,29.22,8.53,0.06,15.24,2.37,4.0,61.4,Urban,Fog,-96.11,Fair
726.51,208.96,28.39,11.17,3.57,47.44,1.43,1.0,51.7,Rural,Rain,-35.19,Excellent
2623.8,395.61,29.97,13.25,2.19,32.97,2.42,2.0,38.9,Rural,Clear,-51.11,Excellent
2607.34,2589.29,44.96,,3.59,36.99,1.54,3.0,77.5,Urban,Fog,-122.73,Poor
1801.37,171.98,45.51,15.3,1.94,41.83,2.27,2.0,49.7,Indoor,Clear,-95.19,Fair
1802.18,3238.99,45.92,14.36,1.86,11.77,1.57,10.0,64.2,Dense Urban,Fog,-159.68,Poor
1770.9,115.48,27.99,6.59,4.53,48.97,1.73,7.0,60.7,Urban,Clear,-89.75,Fair
2599.97,75.16,45.19,7.32,1.34,40.39,2.11,5.0,10.0,Indoor,Fog,-99.66,Fair
3507.43,62.56,44.22,4.94,1.91,42.08,2.35,3.0,53.0,Urban,Clear,-66.34,Excellent
859.52,11.4,42.05,10.04,1.77,27.03,1.52,4.0,56.2,Urban,Clear,-27.01,Excellent
2089.93,1958.01,19.97,14.98,0.98,33.89,2.2,3.0,10.0,Suburban,Clear,-107.82,Poor
698.28,16.36,46.95,11.02,1.01,32.45,2.49,9.0,28.5,Urban,Fog,-40.39,Excellent
2108.18,79.86,46.31,7.67,4.73,13.92,1.72,8.0,50.0,Urban,Rain,-78.28,Good
895.7,47.42,45.82,8.56,0.48,17.75,1.33,3.0,45.1,Indoor,Clear,-76.6,Good
1827.73,1021.44,36.64,13.08,3.55,40.75,1.94,2.0,73.1,Suburban,Storm,-83.05,Good
2112.33,3288.7,31.78,10.23,0.57,29.77,1.51,9.0,85.4,Urban,Clear,-150.25,Poor
1770.08,1600.57,21.0,10.84,0.79,17.42,1.32,0.0,42.7,Rural,Clear,-73.81,Good
1771.4,73.06,18.23,11.75,3.66,44.3,1.99,13.0,37.2,Dense Urban,Clear,-120.11,Poor
3511.42,169.85,48.53,13.82,3.15,16.82,1.66,7.0,53.7,Indoor,Fog,-110.98,Poor
4994.76,46.42,22.35,12.01,1.77,46.93,1.59,7.0,75.9,Indoor,Fog,-119.15,Poor
720.37,3117.42,28.25,12.95,1.22,40.19,2.38,4.0,54.7,Urban,Clear,-127.27,Poor
1780.38,20.92,29.93,12.66,2.09,42.62,1.34,8.0,76.2,Urban,Clear,-60.55,Excellent
4970.83,3709.34,44.9,16.82,4.36,30.22,1.78,1.0,76.5,Suburban,Fog,-88.0,Fair
2393.28,1570.49,21.85,13.78,3.63,30.09,2.13,6.0,66.8,Indoor,Clear,-171.93,Poor
914.16,832.77,22.94,10.74,4.49,14.8,2.01,2.0,53.9,Rural,Rain,-60.78,Excellent
2428.3,1227.4,20.22,16.37,1.44,47.36,2.03,8.0,33.4,Dense Urban,Fog,-156.5,Poor
873.02,82.39,22.3,16.41,2.33,25.58,2.25,6.0,58.5,Urban,Rain,-82.16,Good
699.04,62.89,21.5,7.62,3.34,32.82,1.64,5.0,43.0,Urban,Clear,-78.54,Good
2618.77,107.01,28.82,14.88,4.35,12.9,1.79,8.0,89.6,Urban,Clear,-93.32,Fair
2374.22,30.91,35.09,17.72,3.05,17.94,1.63,5.0,77.0,Suburban,Clear,-41.49,Excellent
3504.34,1033.72,28.84,5.31,0.24,44.8,1.53,4.0,52.0,Urban,Fog,-130.99,Poor
1825.46,191.48,29.09,8.35,2.23,27.46,1.68,3.0,52.9,Urban,Clear,-93.99,Fair
4993.78,2459.09,47.15,8.65,4.3,25.37,1.64,5.0,26.2,Indoor,Clear,-165.58,Poor
2127.61,2348.15,23.57,11.77,3.94,20.52,1.75,3.0,45.4,Suburban,Storm,-112.45,Poor
3483.24,26.34,46.86,17.4,4.78,48.38,2.31,3.0,96.1,Suburban,Clear,-18.24,Excellent
826.34,38.96,37.04,6.89,3.74,37.02,1.65,0.0,62.8,Rural,Rain,-14.71,Excellent
701.49,128.32,36.07,14.06,0.81,29.75,1.78,3.0,52.9,Urban,Clear,-65.3,Excellent
3524.43,20.93,21.84,14.46,1.01,48.2,1.76,3.0,63.4,Indoor,Rain,-86.66,Fair
4988.68,725.71,46.65,13.14,1.73,33.01,1.57,3.0,49.4,Urban,Clear,-100.97,Poor
5818.01,978.92,32.38,11.41,0.58,47.22,1.83,2.0,54.2,Suburban,Rain,-99.58,Fair
1780.15,884.92,35.59,11.15,3.47,16.38,2.33,8.0,54.7,Urban,Fog,-123.0,Poor
714.73,185.82,21.47,6.51,1.79,26.42,1.56,8.0,89.8,Urban,Clear,-105.61,Poor
5803.42,1887.19,28.3,4.2,0.98,31.88,1.83,3.0,10.3,Suburban,Clear,-118.6,Poor
2580.5,431.68,44.25,7.34,1.18,17.15,1.83,7.0,40.5,Urban,Fog,-108.76,Poor
913.09,4805.39,45.94,5.67,4.7,35.39,2.1,7.0,10.0,Urban,Rain,-135.16,Poor
3512.83,1587.97,46.83,12.44,3.85,39.48,1.85,3.0,46.0,Suburban,Clear,-82.55,Good
5800.93,889.93,19.24,15.65,1.61,19.56,1.49,4.0,52.7,Urban,Clear,-134.03,Poor
883.53,21.52,20.93,4.54,3.91,25.72,1.68,6.0,67.2,Urban,Clear,-70.27,Good
3477.94,1766.7,45.57,12.55,4.6,47.12,1.43,4.0,31.6,Indoor,Clear,-149.99,Poor
3527.44,66.79,40.68,3.95,3.85,33.56,1.31,0.0,37.6,Rural,Rain,-33.58,Excellent
2409.35,135.09,21.38,8.08,1.95,37.83,1.41,2.0,68.2,Indoor,Clear,-119.09,Poor
2618.55,177.41,45.95,4.77,0.89,41.82,1.33,2.0,64.7,Rural,Clear,-38.5,Excellent
911.82,78.38,42.53,6.79,3.94,18.81,1.32,3.0,48.8,Urban,Clear,-60.46,Excellent
5819.77,19.62,46.42,15.74,0.28,38.75,1.38,2.0,10.0,Indoor,Clear,-61.08,Excellent
5779.75,34.52,17.83,8.72,1.44,45.45,1.69,7.0,54.3,Indoor,Fog,-117.85,Poor
5799.82,1474.12,43.65,3.74,0.39,48.12,1.39,7.0,59.0,Dense Urban,Clear,-157.6,Poor
3510.03,576.05,29.11,5.18,1.23,13.96,1.83,2.0,57.2,Rural,Clear,-70.8,Good
676.2,3505.1,36.77,15.5,1.57,18.35,1.53,3.0,22.0,Suburban,Fog,-88.9,Fair
1779.0,1644.52,24.71,8.56,1.82,10.25,2.29,1.0,31.9,Rural,Clear,-74.03,Good
2108.04,121.78,20.96,16.98,0.71,25.85,1.35,4.0,72.2,Urban,Clear,-92.95,Fair
5822.12,1324.18,42.74,10.98,3.07,22.04,2.13,4.0,,Suburban,Clear,-96.54,Fair
2409.62,359.55,19.85,10.11,4.81,33.5,1.29,5.0,71.5,Indoor,Rain,-150.71,Poor
2372.17,59.25,26.16,9.3,0.58,19.77,2.46,2.0,44.9,Suburban,Rain,-65.04,Excellent
878.23,4282.89,21.77,14.38,3.55,38.0,2.13,7.0,48.2,Dense Urban,Clear,-165.68,Poor
3478.37,3206.04,46.25,15.37,0.9,48.39,2.32,4.0,35.1,Suburban,Rain,-93.47,Fair
1783.95,20.08,28.85,4.03,3.21,14.05,1.32,6.0,64.3,Indoor,Storm,-95.41,Fair
728.5,1843.2,21.01,8.53,0.82,18.59,1.99,5.0,78.9,Suburban,Rain,-113.14,Poor
5816.26,16.21,46.72,6.52,4.44,17.77,1.21,1.0,70.4,Suburban,Storm,-41.06,Excellent
876.19,3212.59,44.96,16.39,0.12,49.16,1.68,1.0,67.5,Suburban,Clear,-74.92,Good
718.4,483.73,21.92,13.76,1.09,33.24,2.48,9.0,40.3,Dense Urban,Clear,-136.06,Poor
709.1,28.16,31.31,6.68,3.27,22.48,1.68,4.0,49.0,Urban,Clear,-57.92,Excellent
2087.07,1606.08,38.09,,3.37,25.23,1.95,7.0,45.0,Indoor,Rain,-167.07,Poor
839.61,246.65,41.53,8.71,2.29,,1.87,1.0,71.2,Rural,Storm,-29.56,Excellent
5026.84,14.48,44.91,16.91,1.23,40.1,1.61,6.0,55.5,Indoor,Clear,-65.58,Excellent
2421.64,1428.67,48.7,9.58,3.11,26.75,1.28,2.0,74.4,Rural,Clear,-48.33,Excellent
1791.57,1341.84,18.32,2.29,4.96,21.39,2.33,3.0,63.0,Urban,Clear,-139.2,Poor
692.4,200.02,29.09,13.68,3.2,48.3,2.07,3.0,37.7,Suburban,Fog,-56.74,Excellent
2087.86,940.25,22.95,3.54,0.89,43.45,2.47,5.0,24.9,Urban,Clear,-135.66,Poor
839.57,12.83,22.15,12.09,4.58,10.26,2.0,10.0,94.3,Dense Urban,Clear,-70.93,Good
5821.64,72.2,25.03,10.22,3.57,30.37,1.34,9.0,46.5,Urban,Clear,-104.25,Poor
870.63,656.16,21.47,14.2,3.0,11.71,1.78,4.0,57.3,Indoor,Clear,-146.87,Poor
2096.16,41.92,23.21,10.8,0.89,31.91,1.54,5.0,89.9,Dense Urban,Rain,-97.07,Fair
726.57,164.3,31.63,,1.48,47.73,2.42,3.0,65.1,Urban,Rain,-83.45,Good
852.56,3275.64,29.3,16.3,2.39,10.8,1.48,6.0,34.3,Indoor,Fog,-174.75,Poor
897.03,1703.64,46.15,16.45,2.98,22.24,1.78,6.0,56.2,Dense Urban,Rain,-127.75,Poor
688.74,320.64,31.12,8.73,1.76,30.1,2.43,2.0,84.5,Indoor,Clear,-125.02,Poor
3474.43,360.2,18.65,11.75,3.24,20.24,1.31,6.0,62.0,Urban,Rain,-126.95,Poor
5783.47,2477.44,40.36,10.84,0.82,14.84,2.17,3.0,98.0,Indoor,Rain,-176.59,Poor
5775.43,2134.87,24.56,10.55,4.1,20.84,2.03,1.0,14.6,Rural,Rain,-85.41,Fair
877.6,17.31,19.46,3.44,0.86,25.48,1.76,7.0,47.2,Indoor,Rain,-94.53,Fair
3479.81,180.54,42.65,9.9,4.78,22.45,1.33,5.0,27.8,Urban,Clear,-86.03,Fair
2388.12,32.74,45.87,5.6,3.62,49.76,2.29,2.0,69.4,Rural,Rain,-20.4,Excellent
670.66,16.77,29.47,14.77,3.85,48.47,1.24,6.0,29.3,Dense Urban,Clear,-54.69,Excellent
727.01,61.54,22.29,15.58,1.64,35.33,2.22,4.0,39.3,Indoor,Clear,-97.11,Fair
2377.43,444.74,31.72,2.3,1.56,12.18,1.99,4.0,42.8,Urban,Clear,-117.83,Poor
2092.99,1393.1,27.9,13.79,4.07,13.14,1.45,4.0,58.6,Suburban,Fog,-98.78,Fair
722.77,2902.33,45.88,3.84,4.17,37.98,1.93,3.0,51.2,Indoor,Clear,-154.35,Poor
5776.39,138.53,20.13,2.16,2.93,36.73,2.1,1.0,74.5,Rural,Storm,-74.49,Good
3499.02,137.99,21.94,2.22,1.92,17.19,1.7,6.0,33.6,Dense Urban,Rain,-133.64,Poor
2420.69,25.92,40.65,9.46,2.8,,2.24,5.0,63.0,Dense Urban,Fog,-64.21,Excellent
5803.42,33.56,46.1,15.03,3.52,38.79,2.44,9.0,50.7,Urban,Clear,-64.39,Excellent
5782.62,18.91,38.03,6.98,3.94,18.09,2.17,8.0,16.3,Urban,Rain,-73.68,Good
5814.13,4304.54,21.98,16.79,2.25,46.2,1.2,4.0,77.2,Suburban,Clear,-126.68,Poor
910.88,22.1,21.23,8.74,3.97,39.46,1.64,2.0,40.3,Rural,Clear,-23.17,Excellent
4991.73,1101.93,47.88,5.02,3.21,46.32,2.39,3.0,58.0,Urban,Storm,-117.42,Poor
2372.78,72.05,37.79,9.35,4.22,45.64,1.64,5.0,36.6,Suburban,Clear,-53.92,Excellent
3470.47,281.67,29.46,12.03,4.01,10.14,1.45,4.0,98.0,Suburban,Rain,-89.68,Fair
5019.52,2266.83,31.38,10.09,2.06,31.53,1.39,3.0,87.4,Urban,Clear,-139.09,Poor
839.29,3362.7,20.36,9.05,3.84,14.06,2.24,9.0,45.3,Urban,Clear,-157.76,Poor
2078.27,44.5,45.68,5.02,3.02,23.61,1.52,2.0,60.5,Suburban,Fog,-40.97,Excellent
851.11,2880.64,21.0,13.19,3.32,21.93,1.79,4.0,60.8,Urban,Fog,-134.01,Poor
925.25,47.89,43.92,7.61,1.14,30.51,1.85,0.0,26.9,Rural,Fog,-11.12,Excellent
2070.51,1486.36,22.01,17.53,3.87,43.86,2.45,3.0,67.7,Indoor,Storm,-161.72,Poor
4973.37,10.99,19.08,8.41,0.58,15.81,2.04,1.0,55.8,Rural,Clear,-40.54,Excellent
4995.02,278.34,20.46,5.54,0.97,28.67,2.45,5.0,76.5,Indoor,Clear,-158.58,Poor
1810.56,909.8,29.54,15.75,1.75,44.15,1.47,9.0,51.9,Urban,Fog,-123.42,Poor
1798.57,1837.69,18.31,5.34,3.81,28.7,2.32,11.0,32.0,Dense Urban,Clear,-184.85,Poor
2423.85,1862.87,23.88,4.69,2.08,20.76,1.47,8.0,39.7,Urban,Storm,-158.96,Poor
5772.65,64.07,44.5,13.5,3.09,32.44,1.56,5.0,30.7,Urban,Clear,-64.22,Excellent
5790.41,2007.36,42.85,6.77,4.59,10.66,2.47,7.0,57.9,Indoor,Clear,-181.21,Poor
891.08,74.73,30.31,8.68,3.56,28.17,1.84,2.0,69.4,Rural,Clear,-30.04,Excellent
840.41,42.75,18.55,9.22,4.16,31.01,1.67,7.0,26.6,Indoor,Storm,-107.47,Poor
3499.26,10.09,19.22,14.54,0.67,18.83,2.05,6.0,62.7,Dense Urban,Clear,-72.26,Good
1817.43,43.27,36.28,11.19,0.3,20.05,2.21,6.0,69.5,Indoor,Fog,-92.19,Fair
839.07,20.88,30.84,13.86,1.21,14.14,1.79,6.0,64.0,Indoor,Clear,-78.58,Good
714.67,663.18,46.38,17.8,4.49,45.74,2.29,1.0,27.8,Rural,Rain,-19.73,Excellent
2078.79,24.59,29.51,13.38,3.65,11.96,2.03,5.0,89.0,Indoor,Clear,-86.12,Fair
1803.64,380.13,29.45,6.46,1.9,45.67,2.32,4.0,62.0,Urban,Clear,-105.22,Poor
2392.51,21.94,34.05,14.27,4.55,48.4,2.43,8.0,23.0,Urban,Fog,-55.62,Excellent
902.35,796.53,48.41,15.6,3.28,33.0,2.03,2.0,43.5,Suburban,Clear,-53.21,Excellent
3476.46,58.98,39.87,8.89,4.0,45.67,2.13,2.0,42.9,Rural,Clear,-25.94,Excellent
2627.21,68.1,20.63,12.55,0.44,30.83,1.3,1.0,50.2,Rural,Clear,-44.31,Excellent
2124.37,535.03,30.06,9.85,4.16,11.37,2.23,0.0,84.3,Rural,Rain,-56.31,Excellent
869.58,3421.25,45.6,4.04,2.45,19.92,2.47,5.0,59.9,Suburban,Clear,-99.01,Fair
2423.57,4745.71,42.99,13.66,0.42,48.85,1.81,7.0,52.1,Dense Urban,Fog,-158.58,Poor
2578.8,92.1,42.01,9.1,0.19,42.54,1.73,9.0,86.5,Dense Urban,Clear,-101.0,Poor
1800.22,3581.85,20.98,7.54,2.83,49.32,2.11,2.0,64.8,Rural,Fog,-83.58,Good
889.07,449.4,28.03,9.48,2.93,27.12,1.48,9.0,97.3,Dense Urban,Clear,-131.45,Poor
2423.24,2795.96,43.49,11.31,0.91,19.08,1.35,6.0,57.2,Urban,Clear,-131.46,Poor
1781.37,11.89,18.98,14.11,1.53,20.64,2.41,3.0,87.3,Suburban,Clear,-42.74,Excellent
2083.2,12.29,42.36,16.54,1.97,43.05,1.29,5.0,13.5,Urban,Rain,-33.07,Excellent
1811.2,15.9,36.4,12.95,0.05,18.08,2.1,2.0,70.0,Rural,Rain,-20.55,Excellent
1775.33,1482.63,42.75,17.91,4.85,34.32,1.59,3.0,51.5,Suburban,Clear,-71.52,Good
3513.94,23.57,43.75,4.52,4.15,45.98,1.21,4.0,60.6,Suburban,Rain,-45.16,Excellent
2086.09,29.96,19.95,4.47,1.25,42.59,1.51,9.0,63.7,Urban,Clear,-92.31,Fair
2109.66,380.17,21.4,14.65,4.22,26.91,2.28,9.0,68.3,Dense Urban,Rain,-139.22,Poor
2622.38,3838.11,31.57,12.14,3.05,25.59,1.23,3.0,87.9,Urban,Storm,-144.92,Poor
1806.58,339.33,46.46,15.79,0.89,33.78,1.48,7.0,66.4,Urban,Clear,-88.49,Fair
832.76,948.97,47.02,12.86,3.95,27.5,2.16,3.0,,Indoor,Clear,-127.51,Poor
4972.95,32.11,46.04,2.2,0.48,20.99,2.48,6.0,65.2,Dense Urban,Fog,-86.91,Fair
672.68,2933.11,20.88,12.76,2.12,14.53,2.06,2.0,37.3,Rural,Rain,-75.27,Good
2375.33,14.15,47.61,5.39,3.77,22.46,1.89,2.0,93.5,Indoor,Clear,-51.93,Excellent
904.79,57.99,45.32,9.15,4.49,15.63,1.71,4.0,42.1,Suburban,Clear,-37.6,Excellent
890.89,167.72,23.65,13.06,1.44,12.5,2.15,5.0,71.1,Urban,Clear,-92.37,Fair
684.59,40.78,45.86,12.5,3.02,45.83,1.48,12.0,80.3,Dense Urban,Fog,-70.94,Good
5783.16,618.69,32.66,8.12,4.21,36.39,1.31,9.0,67.1,Urban,Clear,-127.72,Poor
2126.91,679.27,29.49,13.41,4.33,48.58,2.11,6.0,42.8,Dense Urban,Clear,-126.28,Poor
1777.13,37.31,22.61,17.11,0.02,39.87,2.38,7.0,41.1,Urban,Clear,-75.59,Good
3488.29,10.55,37.8,5.69,0.47,39.21,2.33,5.0,78.2,Dense Urban,Rain,-61.69,Excellent
698.29,15.87,22.06,3.91,0.95,29.1,1.69,1.0,63.2,Suburban,Clear,-37.82,Excellent
2370.03,10.03,50.0,4.16,0.06,34.77,2.42,6.0,46.3,Indoor,Clear,-57.56,Excellent
2125.26,2777.35,21.18,9.32,4.47,13.83,1.31,6.0,39.1,Urban,Clear,-154.14,Poor
2375.95,476.27,23.07,6.77,0.33,36.57,1.28,5.0,42.1,Urban,Clear,-124.23,Poor
860.95,23.64,17.88,9.48,4.58,35.7,1.91,3.0,58.9,Urban,Fog,-58.11,Excellent
5807.73,17.77,23.38,3.35,1.53,29.57,2.1,1.0,98.0,Rural,Clear,-42.03,Excellent
918.54,1609.4,41.22,5.95,0.37,36.26,1.56,2.0,30.8,Rural,Clear,-52.27,Excellent
2609.08,1545.15,47.14,7.55,1.89,42.27,1.96,2.0,10.0,Rural,Rain,-53.72,Excellent
3516.16,3183.98,16.25,16.94,3.64,26.64,1.27,10.0,55.7,Dense Urban,Clear,-184.17,Poor
1795.27,26.91,25.08,6.75,0.67,23.07,2.37,2.0,42.6,Rural,Clear,-36.31,Excellent
849.32,256.81,19.36,2.77,4.77,21.75,1.93,11.0,47.8,Dense Urban,Clear,-139.08,Poor
912.1,21.27,40.46,6.98,0.88,45.01,2.43,4.0,32.4,Indoor,Clear,-65.52,Excellent
5004.11,1404.13,36.98,16.99,4.49,48.68,1.96,4.0,80.7,Suburban,Clear,-89.18,Fair
5800.69,129.8,30.03,8.84,0.07,42.21,2.3,1.0,45.4,Rural,Fog,-52.45,Excellent
5782.33,755.11,42.9,15.1,3.68,37.71,2.44,4.0,64.7,Indoor,Clear,-138.48,Poor
885.49,12.07,22.07,6.28,2.43,43.64,1.81,2.0,86.4,Indoor,Rain,-72.44,Good
2591.51,1257.8,43.57,4.17,3.84,40.62,1.63,7.0,50.5,Dense Urban,Clear,-144.54,Poor
820.56,41.63,21.19,9.95,3.29,22.01,1.62,3.0,38.6,Suburban,Clear,-53.42,Excellent
3495.04,1882.36,36.63,13.23,0.98,20.56,1.68,3.0,52.3,Urban,Rain,-128.86,Poor
2070.17,31.74,20.64,15.52,0.25,44.86,1.54,4.0,53.0,Suburban,Fog,-56.39,Excellent
3503.9,1356.59,21.04,5.86,2.02,44.32,2.42,9.0,65.6,Urban,Clear,-153.15,Poor
2612.24,23.01,37.39,17.79,2.9,21.43,1.89,5.0,55.1,Suburban,Clear,-37.59,Excellent
5803.73,617.37,35.86,9.83,4.25,20.91,1.99,5.0,56.9,Dense Urban,Clear,-135.21,Poor
2111.61,1268.22,31.98,10.04,1.18,48.59,1.29,5.0,45.8,Indoor,Clear,-160.57,Poor
1770.0,110.26,37.11,15.74,1.51,33.02,2.35,4.0,59.1,Suburban,Clear,-51.32,Excellent
2373.57,45.65,46.99,8.52,1.7,40.24,1.3,6.0,61.6,Indoor,Clear,-86.18,Fair
861.91,85.09,23.39,14.12,3.62,11.63,1.87,7.0,66.0,Indoor,Clear,-112.2,Poor
868.17,63.17,48.71,11.08,0.63,30.36,2.33,10.0,21.7,Dense Urban,Clear,-80.56,Good
2413.06,511.24,17.66,4.17,2.61,26.12,1.34,4.0,31.3,Indoor,Fog,-163.98,Poor
5009.78,13.19,45.83,2.53,2.95,20.6,2.28,5.0,26.7,Suburban,Rain,-45.22,Excellent
2412.44,12.94,44.56,16.95,2.61,22.77,2.13,3.0,74.1,Urban,Clear,-28.04,Excellent
3514.38,59.8,26.93,15.86,2.72,44.12,1.9,6.0,31.8,Indoor,Storm,-108.17,Poor
863.46,55.92,18.46,17.74,2.17,10.78,1.63,7.0,46.4,Urban,Fog,-83.89,Good
2114.28,30.05,31.76,12.79,4.93,37.91,2.14,0.0,54.6,Rural,Rain,-20.35,Excellent
2574.44,860.32,22.95,12.33,2.25,30.4,2.42,7.0,25.9,Dense Urban,Clear,-153.67,Poor
1773.8,11.59,36.67,5.34,4.18,25.03,1.41,7.0,44.9,Indoor,Rain,-78.21,Good
691.67,3122.35,24.16,12.28,2.77,45.78,1.21,5.0,98.0,Urban,Clear,-132.96,Poor
701.66,1107.73,20.17,9.81,3.06,40.38,1.21,8.0,56.0,Dense Urban,Clear,-149.48,Poor
5815.76,122.34,46.92,8.04,4.06,34.2,2.48,3.0,90.8,Suburban,Rain,-61.3,Excellent
2590.08,2080.84,46.48,12.92,4.91,26.71,1.92,4.0,45.1,Indoor,Storm,-157.35,Poor
886.51,465.99,37.81,3.36,0.71,46.57,1.86,0.0,67.7,Rural,Clear,-39.75,Excellent
916.89,345.97,45.33,10.06,2.91,47.54,1.45,1.0,45.7,Suburban,Clear,-50.78,Excellent
684.96,69.96,47.57,14.13,0.91,39.34,1.6,5.0,60.0,Urban,Rain,-54.23,Excellent
5819.25,616.17,44.18,15.28,0.24,26.98,1.99,8.0,70.9,Dense Urban,Fog,-131.94,Poor
830.63,23.82,42.87,9.84,4.49,49.33,1.39,4.0,46.0,Suburban,Clear,-23.98,Excellent
3491.57,261.03,21.65,7.64,4.97,11.79,1.85,2.0,65.5,Rural,Rain,-71.45,Good
894.06,20.58,42.77,11.16,3.45,43.98,1.22,6.0,48.6,Indoor,Rain,-61.76,Excellent
1787.97,159.02,45.35,4.05,2.03,21.87,2.17,1.0,60.1,Suburban,Clear,-56.79,Excellent
870.2,460.57,26.43,3.46,3.78,29.5,,9.0,75.3,Urban,Clear,-121.63,Poor
4984.13,26.28,22.13,15.11,4.94,13.43,2.47,6.0,83.0,Urban,Clear,-75.99,Good
690.26,39.76,30.21,4.02,4.57,28.66,2.45,5.0,76.0,Indoor,Clear,-89.22,Fair
1788.82,1566.6,41.54,8.68,4.31,19.18,1.32,5.0,54.3,Indoor,Storm,-160.03,Poor
917.13,49.0,39.95,8.59,2.57,22.63,1.82,0.0,80.8,Rural,Rain,-17.6,Excellent
872.84,18.11,38.06,17.73,1.08,32.65,1.57,1.0,73.3,Rural,Rain,-1.07,Excellent
843.34,78.08,47.9,13.28,0.67,48.89,1.92,0.0,45.2,Rural,Clear,-2.76,Excellent
5772.25,3341.29,20.59,14.26,0.36,19.01,1.94,13.0,34.0,Dense Urban,Clear,-200.27,Poor
1825.84,745.59,43.43,12.72,1.71,23.71,2.19,8.0,21.0,Urban,Clear,-109.21,Poor
2117.41,357.34,46.24,6.36,0.2,19.59,2.03,4.0,90.2,Suburban,Clear,-71.48,Good
1828.93,1854.67,45.27,7.78,3.38,30.2,1.42,6.0,24.0,Urban,Clear,-117.38,Poor
5824.61,605.1,23.24,4.93,4.13,20.7,1.89,9.0,50.6,Urban,Clear,-144.56,Poor
1788.95,1546.17,39.92,10.67,3.98,17.69,2.42,1.0,62.8,Suburban,Clear,-81.08,Good
1811.5,593.81,24.18,3.25,0.42,36.08,1.24,7.0,31.0,Urban,Clear,-134.24,Poor
1788.39,2150.83,30.86,16.46,1.0,17.03,1.26,1.0,88.5,Rural,Rain,-66.12,Excellent
1823.29,483.26,45.93,5.14,4.84,32.53,1.52,4.0,98.0,Urban,Clear,-92.28,Fair
694.65,51.87,37.62,5.42,4.99,12.16,2.19,7.0,57.7,Dense Urban,Fog,-84.83,Good
2592.55,12.91,41.92,9.75,4.86,38.73,2.5,10.0,51.0,Dense Urban,Rain,-65.95,Excellent
724.84,19.24,30.83,7.12,4.62,10.02,1.44,0.0,40.6,Rural,Clear,-16.65,Excellent
920.2,241.59,19.71,4.66,0.73,37.16,1.58,4.0,62.7,Suburban,Rain,-91.23,Fair
927.98,4195.4,18.77,17.77,3.95,15.8,2.32,3.0,13.1,,Clear,-179.75,Poor
873.99,1121.41,44.22,6.47,1.06,38.11,2.05,1.0,56.6,Suburban,Rain,-75.07,Good
3484.6,1238.5,19.65,13.83,1.29,13.25,1.6,0.0,69.6,Rural,Rain,-79.25,Good
2388.05,618.79,22.18,13.62,2.46,22.76,2.11,4.0,42.8,Suburban,Storm,-99.07,Fair
5795.46,2744.65,20.92,5.91,4.01,38.42,1.43,6.0,60.0,Urban,Clear,-161.86,Poor
1798.39,966.01,44.84,6.44,2.22,34.77,2.12,2.0,64.9,Indoor,Rain,-138.39,Poor
5787.49,49.81,20.71,10.55,1.13,21.59,1.34,13.0,61.7,Dense Urban,Rain,-135.54,Poor
717.43,222.89,35.99,15.78,4.55,28.3,1.94,9.0,46.8,Urban,Clear,-83.84,Good
2383.39,123.4,22.92,13.83,1.43,23.33,1.84,6.0,68.5,Urban,Storm,-102.41,Poor
3511.79,27.95,46.44,6.85,3.86,10.48,1.77,0.0,38.4,Rural,Rain,-19.24,Excellent
2421.11,39.83,39.34,2.69,3.83,32.46,1.91,5.0,34.6,Suburban,Clear,-56.74,Excellent
5806.22,58.83,21.38,11.72,0.45,49.59,2.49,3.0,41.8,Suburban,Clear,-69.58,Excellent
1791.25,29.42,38.39,9.61,2.23,30.54,1.9,3.0,60.2,Suburban,Clear,-37.74,Excellent
681.27,38.59,20.1,7.5,0.66,24.89,1.4,3.0,18.8,Suburban,Rain,-57.71,Excellent
3478.06,2973.84,35.39,12.34,3.62,29.8,1.45,5.0,31.5,Indoor,Clear,-178.39,Poor
714.65,84.41,20.89,17.23,3.71,38.61,1.51,4.0,32.6,Suburban,Rain,-54.99,Excellent
3498.15,1711.76,42.55,16.46,1.51,13.95,2.15,4.0,57.9,Suburban,Clear,-90.33,Fair
,14.92,31.05,12.65,3.41,27.88,1.44,8.0,38.6,Urban,Clear,-57.73,Excellent
5029.03,4465.54,29.25,17.35,2.08,16.94,1.47,7.0,32.9,Dense Urban,Fog,-181.48,Poor
,1159.18,46.86,8.33,2.8,35.9,2.47,2.0,28.9,Rural,Clear,-45.59,Excellent
5020.65,2800.27,28.81,3.62,3.43,48.08,2.18,9.0,35.9,Urban,Rain,-165.85,Poor
846.29,262.68,22.04,9.24,4.2,19.32,1.69,6.0,43.5,Dense Urban,Rain,-119.89,Poor
2127.33,515.94,39.11,12.57,2.47,25.63,1.96,1.0,31.3,Suburban,Fog,-69.31,Excellent
831.97,94.15,44.15,14.82,3.51,20.84,1.81,3.0,58.5,Urban,Clear,-50.5,Excellent
3481.11,146.57,19.54,17.01,1.39,25.47,2.0,2.0,51.2,Rural,Clear,-54.17,Excellent
3523.42,1062.26,21.75,10.27,2.33,28.37,2.44,2.0,78.8,Suburban,Clear,-103.05,Poor
5023.5,13.64,38.42,7.97,0.44,41.15,2.22,7.0,88.9,Urban,Rain,-64.24,Excellent
3499.94,12.55,24.31,6.51,2.41,32.48,1.88,5.0,51.5,Urban,Storm,-70.72,Good
1777.55,2298.19,43.96,11.71,1.86,30.05,1.39,8.0,64.6,Urban,Clear,-125.93,Poor
688.31,19.81,19.73,13.08,4.61,11.21,1.28,9.0,67.6,Dense Urban,Clear,-81.85,Good
5815.25,883.16,21.36,12.12,1.31,11.69,1.83,13.0,56.8,Dense Urban,,-182.41,Poor
2120.76,34.56,36.98,5.12,4.97,44.43,1.29,1.0,39.7,Rural,Fog,-21.85,Excellent
690.86,97.36,48.11,9.14,1.05,43.16,2.47,4.0,62.1,Suburban,Clear,-36.55,Excellent
5773.67,61.98,28.64,3.19,2.99,15.56,1.86,4.0,29.5,Indoor,Rain,-125.27,Poor
5809.94,210.57,23.07,10.33,1.64,45.19,1.41,7.0,62.8,Dense Urban,Rain,-140.04,Poor
2114.37,1702.69,48.45,5.43,4.5,49.17,1.5,2.0,51.9,Indoor,Clear,-140.74,Poor
3495.44,2306.96,36.54,16.23,2.41,38.62,1.5,5.0,58.5,Suburban,Clear,-99.72,Fair
704.99,39.75,22.81,14.93,1.32,28.56,1.87,10.0,57.0,Dense Urban,Rain,-95.04,Fair
729.24,81.53,43.97,13.7,0.85,18.85,1.77,4.0,82.5,Urban,Clear,-55.66,Excellent
884.7,1814.74,20.93,3.8,3.74,45.53,2.02,3.0,39.8,Urban,Clear,-135.85,Poor
2604.38,17.46,41.89,9.15,4.46,24.17,1.72,4.0,71.6,Indoor,Clear,-65.03,Excellent
856.66,20.68,43.67,4.88,3.83,19.62,2.08,8.0,56.7,Urban,Fog,-49.02,Excellent
702.95,196.96,35.57,2.7,2.59,33.04,1.69,3.0,83.9,Urban,Clear,-83.55,Good
2622.15,1356.99,46.31,8.44,4.6,46.24,1.6,8.0,28.9,Dense Urban,Fog,-140.55,Poor
3506.3,80.68,34.63,7.02,2.56,44.82,1.25,6.0,52.8,Urban,Clear,-86.67,Fair
3500.47,15.4,34.92,16.69,1.11,42.38,2.23,,62.1,Suburban,Clear,-28.04,Excellent
3477.38,4094.92,20.84,16.82,1.17,22.37,1.85,4.0,54.7,Suburban,Clear,-122.91,Poor
5012.19,3420.53,22.89,16.96,3.21,40.57,1.46,2.0,24.1,Rural,Clear,-80.57,Good
2577.93,574.73,41.63,2.23,4.07,45.92,1.8,4.0,42.0,Suburban,Clear,-83.57,Good
2371.59,692.41,42.52,10.3,3.49,43.52,1.63,6.0,38.2,Urban,Clear,-101.74,Poor
4999.31,3311.43,39.61,2.29,0.61,34.47,1.48,1.0,91.9,Suburban,Clear,-108.09,Poor
1804.35,546.72,24.92,11.67,2.31,32.64,2.06,8.0,57.1,Urban,Clear,-121.98,Poor
729.94,1342.46,19.84,10.13,0.32,43.75,1.8,2.0,34.6,Rural,Fog,-66.93,Excellent
3512.74,178.24,21.22,8.89,4.6,30.94,1.76,5.0,70.0,Urban,Clear,-109.1,Poor
920.92,41.25,20.18,2.84,0.52,19.84,1.81,5.0,46.6,Urban,Rain,-85.24,Fair
5790.78,1765.95,20.34,3.68,4.56,28.06,2.05,8.0,80.9,Dense Urban,Clear,-177.14,Poor
2100.53,703.28,43.07,7.01,1.79,43.97,2.24,6.0,39.0,Urban,Clear,-108.06,Poor
5028.46,60.47,41.64,5.87,2.92,10.75,1.8,5.0,33.7,Suburban,Clear,-65.92,Excellent
695.04,481.06,20.64,4.86,3.52,26.58,1.91,7.0,44.2,Indoor,Clear,-151.73,Poor
2618.44,1598.33,23.41,15.62,4.17,44.32,2.04,6.0,64.9,Dense Urban,Clear,-153.06,Poor
2101.56,53.66,45.18,2.46,3.57,31.72,1.43,5.0,64.9,Indoor,Clear,-93.01,Fair
2083.44,1183.64,30.64,5.49,2.52,25.75,2.2,1.0,82.0,Rural,Rain,-70.63,Good
904.83,15.68,23.66,16.67,1.31,38.52,1.24,0.0,94.7,Rural,Storm,-14.59,Excellent
5783.08,486.09,24.04,15.95,1.0,34.56,1.51,6.0,67.4,Urban,Clear,-125.14,Poor
1770.18,4966.97,28.6,7.68,3.4,32.51,2.48,5.0,41.3,Urban,Clear,-147.55,Poor
4984.15,2179.31,37.77,14.87,2.0,19.26,2.01,5.0,73.2,Suburban,Clear,-106.24,Poor
2081.59,2308.74,35.57,4.44,3.61,46.84,1.75,0.0,56.3,Rural,Rain,-67.42,Excellent
692.26,685.9,38.07,12.25,3.9,13.37,2.16,2.0,55.6,Rural,Rain,-42.08,Excellent
5023.32,175.68,38.83,16.13,1.25,37.67,1.71,5.0,53.1,Dense Urban,Clear,-101.8,Poor
843.27,672.64,24.08,9.55,0.12,36.77,1.67,7.0,34.7,Urban,Rain,-121.81,Poor
920.71,73.6,29.73,4.67,2.5,15.21,2.18,4.0,38.8,Urban,,-80.2,Good
5003.34,310.39,43.85,11.26,1.62,14.0,1.81,3.0,30.7,Suburban,Clear,-72.32,Good
4970.46,286.14,27.7,13.97,0.52,23.69,1.81,4.0,19.7,Suburban,Clear,-88.47,Fair
5781.32,293.43,43.36,15.85,2.15,13.24,1.34,6.0,59.8,Urban,Clear,-98.36,Fair
2125.88,129.4,30.7,8.07,1.95,48.14,2.27,0.0,84.4,Rural,Clear,-36.18,Excellent
3506.25,89.58,31.96,6.55,1.13,44.37,1.65,4.0,63.2,Indoor,Rain,-117.49,Poor
1825.77,77.91,41.15,12.97,1.64,47.93,1.93,4.0,68.4,Suburban,Storm,-50.17,Excellent
3488.61,40.41,30.02,6.0,0.23,,1.73,6.0,95.6,Indoor,Clear,-107.64,Poor
2412.99,152.63,30.66,5.88,4.81,18.81,1.99,7.0,34.3,Urban,Rain,-105.15,Poor
716.32,20.79,29.08,4.92,3.59,40.81,1.89,7.0,86.5,Dense Urban,Clear,-71.34,Good
2128.54,2712.19,36.49,7.88,0.91,28.26,2.45,11.0,79.7,Dense Urban,Clear,-173.67,Poor
2071.09,15.42,20.92,9.03,2.83,11.73,2.45,8.0,55.0,Dense Urban,Clear,-89.49,Fair
927.13,1820.4,30.16,13.6,3.29,30.59,1.42,2.0,32.6,Suburban,Clear,-87.59,Fair
1793.5,44.78,43.17,3.72,2.65,13.29,2.36,2.0,64.9,Rural,Clear,-27.16,Excellent
2420.28,2008.23,21.53,8.82,3.03,49.46,1.77,7.0,98.0,Urban,Clear,-145.33,Poor
702.68,878.98,36.95,12.53,4.35,43.3,1.81,5.0,74.7,Suburban,Clear,-73.12,Good
853.88,3059.74,22.4,10.72,4.45,43.05,2.16,5.0,38.9,Suburban,Clear,-107.59,Poor
3491.56,2232.2,45.48,14.61,0.14,13.12,1.86,3.0,69.5,Suburban,Rain,-96.13,Fair
1819.71,780.21,22.19,16.28,2.58,10.31,2.14,8.0,50.0,Dense Urban,Clear,-148.41,Poor
2585.84,25.67,42.96,5.4,2.29,20.7,1.74,9.0,67.2,Dense Urban,Clear,-80.87,Good
2399.53,303.29,41.7,16.54,0.21,43.26,2.14,2.0,35.0,Rural,Clear,-32.68,Excellent
2403.61,82.64,30.02,16.17,4.54,33.2,1.84,4.0,66.1,Indoor,Clear,-100.34,Poor
2114.55,2458.57,45.45,7.82,4.96,36.1,1.35,12.0,45.5,Dense Urban,Clear,-160.94,Poor
2098.3,2260.05,44.6,15.01,3.55,15.15,1.98,3.0,15.1,Suburban,Rain,-88.8,Fair
5010.82,70.4,17.08,10.24,1.36,28.43,2.08,7.0,55.5,Urban,Fog,-106.22,Poor
5799.12,649.98,38.42,14.97,0.33,28.6,1.52,3.0,39.5,Urban,Storm,-117.26,Poor
909.56,81.85,24.12,13.97,1.41,49.18,2.07,5.0,32.3,Indoor,Rain,-108.21,Poor
2610.45,676.73,44.79,17.4,3.03,40.97,2.49,8.0,25.7,Urban,Clear,-102.3,Poor
5812.57,453.75,47.02,,1.43,15.37,1.83,1.0,43.5,Suburban,Clear,-79.02,Good
719.4,239.35,28.46,13.78,3.72,28.36,1.61,0.0,47.2,Rural,Clear,-33.12,Excellent
3502.44,2348.5,29.54,2.22,4.91,40.86,1.42,11.0,58.2,Dense Urban,Clear,-182.75,Poor
2081.6,46.14,42.2,16.75,1.07,41.39,1.46,7.0,41.6,Indoor,Clear,-82.83,Good
5810.78,1420.16,29.58,5.18,4.97,28.2,1.49,10.0,37.3,Dense Urban,Clear,-172.71,Poor
2374.63,726.04,43.97,7.97,2.5,42.95,1.67,12.0,44.8,Dense Urban,Clear,-143.0,Poor
4983.14,57.43,36.4,15.49,2.09,29.02,1.23,3.0,55.8,Indoor,Storm,-100.56,Poor
867.53,137.44,22.49,9.64,0.99,11.34,1.82,6.0,52.5,Dense Urban,Storm,-118.88,Poor
846.1,15.36,31.11,12.62,0.36,42.48,2.35,5.0,56.5,Indoor,Clear,-62.61,Excellent
5799.88,410.05,46.09,7.78,3.72,49.77,1.81,6.0,33.9,Urban,Storm,-110.03,Poor
2429.24,2491.1,29.11,10.89,3.36,21.12,1.86,10.0,27.9,Dense Urban,Fog,-175.36,Poor
2384.11,20.8,30.36,15.53,3.83,36.64,1.94,9.0,65.6,Urban,Rain,-67.51,Excellent
821.17,22.71,47.49,16.28,1.08,26.22,2.47,1.0,61.6,Rural,Clear,6.94,Excellent
876.68,190.92,38.58,9.3,3.74,26.24,1.58,5.0,15.3,Suburban,Storm,-62.81,Excellent
4984.67,57.42,35.01,13.52,3.14,46.7,2.45,2.0,57.3,Suburban,Clear,-48.96,Excellent
1813.56,55.9,28.09,9.48,1.99,48.4,2.19,1.0,50.0,Suburban,Clear,-47.33,Excellent
2416.55,529.36,44.5,17.03,0.87,14.35,1.78,2.0,28.8,Rural,Rain,-43.29,Excellent
1803.93,128.02,19.57,13.64,3.32,39.08,2.29,0.0,88.8,Rural,Clear,-41.2,Excellent
885.3,1904.05,19.7,8.9,4.55,17.2,2.44,2.0,20.7,Suburban,Clear,-101.02,Poor
851.3,143.75,41.91,9.97,4.01,31.24,2.42,0.0,72.2,Rural,Clear,-17.85,Excellent
5770.9,457.73,22.34,4.93,4.93,42.03,1.79,6.0,35.0,Indoor,Storm,-170.2,Poor
5810.91,118.55,45.53,17.06,0.76,18.94,2.38,5.0,30.5,Urban,Clear,-78.28,Good
856.86,49.09,47.15,6.08,3.24,23.01,2.12,10.0,55.5,Dense Urban,Clear,-77.97,Good
1771.31,187.12,28.61,4.9,1.78,47.78,1.3,5.0,33.0,Urban,Clear,-97.89,Fair
2419.02,880.15,47.4,9.23,1.72,26.71,1.25,3.0,78.5,Urban,Clear,-101.2,Poor
1815.81,3729.09,43.43,13.62,1.68,13.07,1.72,5.0,76.4,Dense Urban,Clear,-151.14,Poor
3488.49,13.0,41.07,12.92,3.31,26.66,2.04,7.0,46.8,Indoor,Clear,-66.64,Excellent
908.12,272.51,,6.07,3.92,28.06,2.36,5.0,59.1,Suburban,Clear,-78.98,Good
706.09,,20.74,6.24,2.76,,1.25,2.0,68.1,Suburban,Clear,-82.54,Good
1778.59,17.04,37.06,5.77,3.5,23.93,1.55,8.0,31.1,Dense Urban,Rain,-74.86,Good
2381.6,1729.45,43.57,11.65,1.76,15.07,2.17,3.0,82.3,Suburban,Clear,-91.54,Fair
860.99,55.56,19.12,17.31,,41.13,1.67,2.0,41.2,Indoor,Rain,-92.8,Fair
5026.01,2298.06,20.83,16.23,0.81,25.01,1.98,7.0,51.8,Dense Urban,Rain,-179.07,Poor
704.58,310.08,42.4,10.07,0.27,11.25,1.72,4.0,49.9,Suburban,Storm,-67.88,Excellent
704.07,25.73,40.82,8.05,2.27,43.29,1.47,1.0,41.7,Rural,Rain,-5.91,Excellent
2408.8,988.86,35.02,8.33,4.88,48.66,1.28,10.0,42.5,Dense Urban,Fog,-148.06,Poor
2396.43,26.57,47.05,14.9,4.61,48.51,1.9,4.0,61.6,Suburban,Clear,-23.24,Excellent
873.25,879.59,41.57,12.41,4.49,34.82,1.44,6.0,64.4,Urban,Storm,-101.84,Poor
893.79,1518.11,31.91,2.66,1.82,20.55,1.29,2.0,31.1,Rural,Rain,-71.73,Good
724.02,357.55,38.24,3.21,3.75,44.69,1.6,2.0,51.6,Rural,Clear,-38.48,Excellent
2618.3,53.91,28.64,9.7,4.68,17.12,2.4,3.0,33.9,Suburban,Clear,-56.98,Excellent
1825.65,151.48,23.9,10.52,0.3,39.97,1.93,5.0,33.8,Suburban,Storm,-80.27,Good
829.17,266.14,42.26,17.37,2.23,44.89,1.51,5.0,87.6,Suburban,Rain,-53.85,Excellent
1800.36,626.5,30.41,4.26,1.86,47.1,2.0,3.0,48.9,Suburban,Rain,-90.57,Fair
5805.08,513.98,46.22,14.92,4.21,32.77,2.2,9.0,29.5,Dense Urban,Fog,-124.7,Poor
882.6,120.43,29.48,16.33,2.89,48.28,,1.0,62.0,Rural,Clear,-25.0,Excellent
4982.06,1112.42,22.35,8.04,4.99,11.44,2.49,6.0,45.0,Urban,Storm,-156.58,Poor
916.92,1207.9,43.51,4.59,0.28,11.52,2.0,2.0,55.4,Suburban,Clear,-83.54,Good
860.31,757.49,18.64,5.94,1.56,40.46,1.76,2.0,33.6,Suburban,Storm,-95.22,Fair
908.83,54.27,44.7,12.6,2.77,49.91,2.08,4.0,53.7,Urban,Clear,-42.6,Excellent
1786.02,184.88,38.43,3.12,1.1,15.91,1.34,5.0,70.9,Indoor,Storm,-130.57,Poor
850.41,147.23,30.64,16.17,4.84,24.98,2.16,9.0,71.6,Dense Urban,Clear,-100.68,Poor
2371.38,1601.39,21.04,14.11,3.47,49.44,1.56,9.0,79.0,Urban,Fog,-144.27,Poor
1777.8,1517.94,21.5,14.71,3.04,44.87,2.07,7.0,47.1,Indoor,Rain,-173.47,Poor
3501.1,2175.34,19.8,13.85,0.68,26.44,1.81,1.0,41.4,Suburban,Storm,-115.64,Poor
2088.58,42.07,44.36,4.06,3.96,45.62,1.53,7.0,54.0,Dense Urban,Clear,-76.96,Good
2127.94,1047.26,24.03,13.69,4.85,28.04,2.2,0.0,52.1,Rural,Rain,-61.78,Excellent
2098.29,2234.51,18.37,11.59,4.01,23.57,2.34,1.0,48.2,Rural,Rain,-79.71,Good
825.01,28.14,23.97,2.82,2.83,33.5,1.94,3.0,33.5,Urban,Rain,-65.83,Excellent
3471.07,12.82,39.98,6.55,3.42,21.14,2.29,6.0,93.4,Dense Urban,Storm,-71.71,Good
863.52,19.26,27.69,8.77,2.66,36.28,2.29,9.0,59.3,Urban,Clear,-63.79,Excellent
3480.29,432.64,29.08,10.69,0.19,,1.52,5.0,20.0,Suburban,Clear,-93.98,Fair
5781.27,137.41,43.66,4.89,4.36,30.3,1.99,3.0,54.2,Indoor,Rain,-117.79,Poor
3495.43,33.61,31.42,10.44,1.17,40.92,2.49,5.0,72.4,Suburban,Clear,-54.52,Excellent
2085.84,266.61,42.86,17.32,1.57,44.5,1.35,5.0,98.0,Suburban,Clear,-61.03,Excellent
1806.99,1318.57,19.4,7.67,4.58,11.61,2.04,0.0,57.7,Rural,Clear,-73.22,Good
4999.14,2040.92,37.34,4.42,3.74,39.02,1.68,7.0,70.7,Indoor,Clear,-182.31,Poor
876.69,1068.74,19.16,9.5,2.75,45.54,1.7,1.0,63.0,Rural,Fog,-62.48,Excellent
2117.08,2454.53,19.4,9.21,1.27,39.46,1.28,12.0,42.9,Dense Urban,Clear,-184.82,Poor
3495.55,427.25,43.41,16.68,4.12,19.22,1.57,3.0,62.0,Suburban,Clear,-63.38,Excellent
5806.65,1816.51,42.08,9.4,2.67,,2.31,3.0,50.5,Suburban,Clear,-95.92,Fair
5770.24,133.65,36.3,5.89,2.73,42.19,1.28,5.0,39.4,Suburban,Rain,-82.05,Good
707.58,1999.01,29.77,5.59,0.95,17.19,1.6,4.0,58.7,Suburban,Clear,-105.32,Poor
4986.97,2616.81,23.14,2.55,2.2,46.47,2.48,2.0,59.3,Suburban,Clear,-123.7,Poor
849.66,712.19,43.9,13.86,1.78,20.9,1.39,6.0,69.5,Dense Urban,Clear,-115.38,Poor
2387.86,145.67,23.87,6.29,1.47,47.86,2.19,3.0,73.1,Indoor,Clear,-123.52,Poor
5829.78,57.57,27.75,14.61,2.37,29.98,2.49,1.0,18.8,Rural,Rain,-42.9,Excellent
2583.85,75.45,48.11,10.81,4.2,15.18,2.36,0.0,36.5,Rural,Clear,-15.75,Excellent
5824.77,22.76,43.09,13.39,1.58,38.3,2.31,8.0,83.1,Dense Urban,Clear,-69.45,Excellent
1825.08,13.41,45.5,5.25,1.23,32.69,2.5,7.0,42.1,Dense Urban,Rain,-58.09,Excellent
1795.26,131.37,21.64,4.48,4.41,40.51,1.55,4.0,33.2,Urban,Fog,-94.67,Fair
1788.24,13.04,22.98,8.69,3.86,21.95,2.45,5.0,18.4,Suburban,Rain,-51.79,Excellent
1792.86,2380.57,46.54,7.71,2.83,12.28,1.9,3.0,78.5,Suburban,Clear,-91.5,Fair
2629.36,567.83,39.8,10.1,3.4,16.89,1.34,6.0,49.9,Indoor,Clear,-145.41,Poor
2107.13,1892.49,43.18,13.97,0.42,29.09,2.33,3.0,30.9,Suburban,Clear,-89.02,Fair
3502.69,158.3,46.52,16.54,3.69,11.83,1.37,2.0,38.1,Suburban,Clear,-51.36,Excellent
2072.16,40.22,32.24,11.51,4.46,36.37,1.43,4.0,36.3,Suburban,Clear,-48.87,Excellent
1820.87,60.74,19.64,5.61,2.37,30.19,1.2,6.0,93.4,Urban,Clear,-92.21,Fair
825.03,2027.21,46.81,6.73,4.21,18.39,1.69,9.0,68.3,Urban,Fog,-125.27,Poor
2372.82,21.33,23.34,16.49,2.85,41.96,1.74,5.0,64.0,Dense Urban,Clear,-74.59,Good
4986.49,766.65,22.88,5.35,0.18,36.16,1.54,6.0,64.8,Urban,Rain,-145.65,Poor
4998.55,40.66,39.15,3.52,0.06,31.97,2.27,6.0,82.0,Dense Urban,Fog,-92.71,Fair
923.72,89.78,19.79,16.74,0.63,38.92,2.35,2.0,98.0,Indoor,Rain,-102.24,Poor
2117.4,10.19,22.29,2.43,4.82,33.71,1.58,6.0,58.3,Urban,Clear,-62.94,Excellent
3481.86,196.36,42.99,13.98,4.78,10.38,1.88,1.0,48.5,,Clear,-56.32,Excellent
2592.32,22.2,19.18,4.33,0.21,31.88,2.42,2.0,92.1,Suburban,Clear,-59.83,Excellent
716.81,2090.08,36.57,12.66,1.85,20.06,1.43,2.0,42.9,Rural,Clear,-53.64,Excellent
2401.63,18.36,30.22,4.98,4.73,40.76,1.48,5.0,76.1,Indoor,Clear,-83.82,Good
680.47,47.4,18.82,16.35,2.77,36.63,1.69,1.0,33.1,Suburban,Rain,-40.76,Excellent
843.76,10.96,45.22,2.8,3.96,33.74,1.51,11.0,61.0,Dense Urban,Clear,-54.08,Excellent
2607.56,4783.51,17.83,6.87,1.02,31.37,1.25,2.0,54.3,Indoor,Rain,-204.05,Poor
878.39,538.54,35.77,14.53,0.51,20.29,2.37,5.0,49.9,Suburban,Rain,-77.99,Good
1809.71,545.75,20.35,11.08,1.65,36.19,1.27,1.0,59.5,Rural,Rain,-62.89,Excellent
2370.97,251.41,38.56,8.75,3.46,41.77,1.67,5.0,46.0,Dense Urban,Clear,-107.93,Poor
2612.3,2202.19,24.37,8.97,4.65,25.7,1.32,8.0,17.3,Urban,Clear,-148.31,Poor
2085.05,24.5,46.64,10.04,3.9,24.04,1.65,5.0,71.7,Dense Urban,Rain,-60.46,Excellent
721.73,1380.01,27.71,17.92,2.05,47.53,1.34,4.0,48.5,Suburban,Clear,-79.37,Good
3493.03,1508.0,18.71,12.78,1.86,42.05,1.34,2.0,52.7,Rural,Clear,-79.48,Good
5781.98,12.52,19.7,9.79,4.35,12.53,2.03,,87.4,Dense Urban,Clear,-86.62,Fair
4998.08,22.81,38.44,7.15,2.59,21.07,1.78,3.0,50.2,Indoor,Rain,-87.2,Fair
3485.31,299.74,36.16,10.06,2.28,44.09,1.55,7.0,62.3,Indoor,Clear,-134.58,Poor
2084.15,17.52,21.17,16.76,1.43,40.17,2.44,8.0,38.3,Dense Urban,Clear,-77.95,Good
5004.4,57.82,39.17,5.5,3.45,17.76,2.46,3.0,98.0,Suburban,Clear,-60.5,Excellent
2116.04,122.89,41.9,7.53,0.76,29.57,2.0,5.0,41.9,Suburban,Rain,-65.95,Excellent
870.1,26.57,41.31,3.04,1.94,17.49,1.47,3.0,32.9,Suburban,Clear,-37.33,Excellent
4993.86,795.19,43.34,12.07,3.76,33.6,2.41,6.0,10.0,Urban,Storm,-118.2,Poor
1774.01,216.85,45.92,14.27,3.38,13.53,1.68,11.0,67.6,Dense Urban,Clear,-111.57,Poor
5799.04,533.15,22.25,12.11,0.67,20.54,1.83,4.0,64.3,Suburban,Clear,-104.09,Poor
1796.03,190.6,20.0,14.99,1.79,13.35,2.16,6.0,50.1,Urban,Clear,-105.9,Poor
4981.82,129.8,18.61,14.33,1.97,46.97,2.16,4.0,50.1,Urban,Clear,-100.89,Poor
2423.77,213.28,19.23,,1.17,17.2,1.8,5.0,46.5,Suburban,Storm,-89.1,Fair
2128.45,2677.71,22.95,9.24,1.0,30.87,1.9,4.0,,Indoor,Rain,-192.01,Poor
873.1,117.19,16.95,3.35,2.54,17.2,2.46,2.0,40.8,Suburban,Rain,-79.79,Good
5017.74,541.31,47.43,10.57,1.68,15.12,1.84,3.0,50.2,Indoor,Clear,-135.99,Poor
708.74,1781.72,27.94,14.34,3.03,10.15,2.12,0.0,15.6,Rural,Clear,-55.73,Excellent
2085.69,474.57,21.59,8.51,3.2,13.28,1.48,4.0,65.4,Urban,Clear,-118.18,Poor
1808.11,40.75,38.5,9.19,4.78,31.18,2.01,3.0,53.9,Indoor,Clear,-74.32,Good
2377.72,21.34,30.85,13.8,2.95,31.05,1.43,2.0,66.0,Rural,Rain,-23.0,Excellent
874.16,393.33,20.13,2.27,4.11,20.19,1.68,6.0,63.7,Urban,Clear,-119.05,Poor
2629.61,918.79,43.44,12.52,4.55,47.33,1.78,2.0,60.3,Rural,Rain,-44.36,Excellent
1808.18,1187.95,42.09,13.32,2.13,27.6,2.07,4.0,40.6,Suburban,Clear,-80.59,Good
835.19,745.68,42.68,17.53,0.87,42.28,1.31,1.0,41.5,Rural,Fog,-31.58,Excellent
847.0,10.22,45.78,13.68,1.4,30.38,1.33,5.0,66.2,Suburban,Clear,-13.96,Excellent
2627.01,1226.23,47.71,4.09,3.42,19.75,1.27,1.0,43.9,Suburban,Storm,-87.04,Fair
896.32,428.41,25.99,9.97,1.61,16.37,1.7,3.0,66.7,Indoor,Clear,-135.46,Poor
1824.03,4645.92,43.92,8.5,0.65,17.01,1.46,3.0,57.9,Indoor,Clear,-174.74,Poor
2622.13,1157.71,19.2,8.41,0.7,37.0,2.2,3.0,69.0,Suburban,Clear,-110.26,Poor
1790.65,144.92,31.82,14.56,1.67,39.95,2.27,12.0,32.5,Dense Urban,Rain,-119.53,Poor
1811.76,668.2,42.12,11.3,0.72,16.69,1.52,12.0,45.7,Dense Urban,Rain,-144.04,Poor
909.63,459.61,39.06,13.69,4.59,49.52,2.0,2.0,55.0,Suburban,Fog,-59.35,Excellent
1816.27,81.4,41.13,13.93,0.03,46.57,1.84,4.0,39.2,Suburban,Clear,-45.02,Excellent
2591.96,275.41,39.44,13.01,1.16,19.72,1.46,8.0,46.7,Dense Urban,Clear,-117.15,Poor
2373.13,35.61,19.42,14.12,4.64,22.56,2.03,4.0,44.8,Suburban,Clear,-54.83,Excellent
5780.26,17.26,36.73,5.5,4.03,48.87,2.16,1.0,61.0,Rural,Clear,-23.91,Excellent
3506.99,951.5,34.61,3.58,4.62,49.9,2.29,1.0,59.9,Suburban,Fog,-90.7,Fair
716.51,108.83,18.72,4.58,4.39,26.44,1.59,8.0,56.0,Urban,Clear,-100.48,Poor
1815.36,1095.59,20.86,14.94,2.1,43.51,1.4,3.0,33.3,Suburban,Clear,-96.87,Fair
,207.97,29.81,17.3,0.47,46.83,2.41,1.0,41.6,Suburban,Clear,-52.66,Excellent
2375.09,1533.19,35.72,16.99,4.16,45.2,2.41,0.0,39.6,Rural,Clear,-47.81,Excellent
871.04,991.25,47.51,2.21,1.87,36.79,1.57,3.0,84.5,Suburban,Clear,-75.03,Good
5816.93,1154.43,43.25,17.92,0.58,26.73,1.27,8.0,26.2,Dense Urban,Fog,-143.63,Poor
902.96,144.13,48.41,16.18,3.87,30.19,2.12,13.0,32.6,Dense Urban,Clear,-94.23,Fair
2416.96,3928.2,22.32,5.18,0.13,38.53,1.67,2.0,54.0,Indoor,Fog,-192.42,Poor
829.77,124.1,33.22,10.92,1.09,20.36,2.19,6.0,34.0,Urban,Clear,-80.25,Good
5794.45,1382.52,23.0,17.75,3.28,38.39,1.29,6.0,41.7,Urban,Fog,-137.19,Poor
5825.15,209.6,45.21,9.54,1.2,31.03,1.8,8.0,39.8,Urban,Clear,-99.4,Fair
3480.3,43.1,40.61,17.26,0.33,33.27,1.63,3.0,16.6,Suburban,Clear,-41.39,Excellent
1773.69,498.22,34.26,10.7,3.41,43.44,2.04,6.0,55.0,Indoor,Clear,-136.75,Poor
709.21,184.55,36.17,7.51,1.52,47.72,2.12,0.0,23.5,Rural,Clear,-25.89,Excellent
3505.67,51.61,20.5,4.57,4.58,22.22,2.43,5.0,96.3,Dense Urban,Fog,-109.23,Poor
2127.12,107.76,43.24,3.67,0.32,40.51,1.65,3.0,44.0,Urban,Storm,-82.2,Good
5824.39,27.02,33.9,13.31,1.75,33.97,1.37,5.0,47.1,Indoor,Clear,-89.34,Fair
2614.97,4613.24,37.93,7.24,4.49,21.63,2.45,1.0,36.7,Rural,Clear,-70.96,Good
2371.15,544.42,41.01,8.52,0.4,35.88,1.94,3.0,55.3,Urban,Clear,-98.91,Fair
5798.82,29.4,42.62,17.0,4.38,36.19,2.41,2.0,60.5,Suburban,Storm,-39.01,Excellent
5023.77,1157.71,31.34,5.2,4.18,42.81,2.28,0.0,18.9,Rural,Clear,-66.03,Excellent
2096.02,421.16,43.7,7.97,0.66,26.23,1.84,2.0,60.7,Suburban,Storm,-74.45,Good
727.73,891.55,43.62,16.55,2.79,42.45,1.32,5.0,60.7,Urban,Clear,-87.29,Fair
709.15,378.02,38.82,17.05,0.6,19.78,1.59,11.0,24.2,Dense Urban,Clear,-117.75,Poor
2076.57,14.56,22.41,14.84,4.64,28.45,2.11,4.0,62.7,Urban,Clear,-54.05,Excellent
2400.56,35.36,21.12,8.13,4.93,34.77,2.15,6.0,29.1,Dense Urban,Rain,-94.93,Fair
711.74,1188.0,20.72,4.01,1.74,33.94,1.53,5.0,44.3,Dense Urban,Clear,-149.94,Poor
823.92,1086.35,22.59,14.63,4.8,11.95,2.03,4.0,43.3,Urban,Fog,-117.08,Poor
3490.68,1083.15,19.78,15.42,1.37,24.11,1.33,6.0,28.3,Urban,Clear,-136.52,Poor
3513.02,10.99,34.73,13.44,3.01,22.75,1.48,6.0,31.8,Urban,Clear,-49.52,Excellent
679.42,1489.63,45.2,7.4,1.21,48.72,1.36,9.0,98.0,Urban,Clear,-116.24,Poor
2390.9,153.18,19.37,12.44,0.11,48.75,1.46,6.0,18.8,Indoor,Clear,-132.78,Poor
711.39,745.03,25.15,13.24,1.75,24.51,1.42,2.0,72.1,Rural,Clear,-53.82,Excellent
3516.53,54.24,18.27,16.2,2.21,41.45,2.14,5.0,51.3,Indoor,Storm,-116.47,Poor
5001.11,1193.81,16.42,4.23,0.97,32.09,2.39,6.0,86.2,Indoor,Clear,-192.18,Poor
5027.41,4478.67,19.99,6.22,2.58,25.83,2.46,13.0,77.7,Dense Urban,Storm,-221.52,Poor
2425.52,48.34,35.11,8.46,4.65,41.28,1.71,13.0,29.2,Dense Urban,Clear,-101.01,Poor
2598.41,1307.75,45.79,14.99,4.07,48.08,2.32,2.0,40.6,Rural,Clear,-41.05,Excellent
5779.62,429.28,43.99,16.3,2.06,24.38,1.32,9.0,72.5,Urban,Fog,-110.02,Poor
2616.38,54.59,42.85,6.45,2.1,16.74,1.94,,54.2,Suburban,Clear,-51.24,Excellent
2084.59,62.3,19.35,10.07,4.34,,1.99,9.0,34.8,Urban,Clear,-94.95,Fair
3520.57,943.34,45.77,11.72,2.85,38.33,1.73,2.0,38.7,Suburban,Rain,-77.43,Good
2405.23,58.54,38.27,4.65,2.09,18.62,1.23,6.0,98.0,Dense Urban,Clear,-92.91,Fair
4993.65,13.46,44.27,14.68,1.38,10.34,1.63,9.0,53.6,Urban,Clear,-58.14,Excellent
2403.38,2284.51,31.09,9.53,4.69,36.53,1.21,2.0,54.3,Rural,Rain,-72.52,Good
5001.97,388.65,41.49,16.31,2.44,34.92,2.25,13.0,68.3,Dense Urban,Rain,-136.41,Poor
725.48,1114.54,30.9,10.77,1.63,18.95,2.5,1.0,28.9,Suburban,Clear,-80.15,Good
682.86,424.7,34.69,15.33,4.5,35.7,1.47,10.0,85.6,Dense Urban,Clear,-114.61,Poor
725.69,247.69,20.81,2.79,3.4,16.18,2.2,6.0,11.2,Urban,Clear,-109.3,Poor
2371.88,1197.18,29.85,9.02,4.42,26.16,2.36,6.0,82.0,Indoor,Clear,-165.47,Poor
3516.15,12.21,23.14,8.71,1.5,22.46,1.57,7.0,65.2,Dense Urban,Clear,-82.71,Good
925.18,69.47,44.44,5.1,4.89,44.56,2.04,3.0,71.0,Suburban,Fog,-37.57,Excellent
843.64,493.76,41.77,10.99,4.36,21.68,1.52,5.0,43.4,Suburban,Clear,-68.67,Excellent
4974.38,3529.88,45.96,14.01,3.18,21.27,1.29,5.0,41.0,Indoor,Rain,-175.33,Poor
3518.28,115.47,30.45,9.89,4.88,40.17,1.95,3.0,87.2,Suburban,Clear,-65.19,Excellent
2620.57,4288.26,42.55,15.31,2.2,10.69,1.58,7.0,98.0,Urban,Clear,-140.68,Poor
2090.18,1092.66,47.08,6.69,2.51,38.76,2.32,7.0,58.8,Urban,Rain,-115.38,Poor
2101.12,203.57,30.49,6.77,2.98,11.88,2.45,2.0,80.9,Rural,Clear,-50.68,Excellent
718.57,143.97,45.13,4.67,3.9,12.24,1.43,2.0,60.5,Rural,Rain,-30.07,Excellent
831.52,22.35,44.89,14.55,3.51,29.62,1.4,5.0,42.3,Urban,Fog,-33.46,Excellent
5007.74,457.5,23.84,4.37,4.59,48.31,1.46,6.0,91.7,Urban,Clear,-128.26,Poor
1795.84,13.85,28.74,4.4,2.35,16.51,1.8,1.0,49.9,Rural,Fog,-26.97,Excellent
3480.46,143.9,18.72,2.11,2.84,22.16,1.61,8.0,68.6,Dense Urban,Clear,-140.16,Poor
3519.89,43.81,29.67,8.21,2.08,37.24,2.03,0.0,58.3,Rural,Rain,-34.48,Excellent
1789.48,3810.55,30.67,8.99,3.95,45.71,1.8,7.0,65.1,Dense Urban,Storm,-168.43,Poor
926.07,95.6,19.68,9.22,3.59,29.81,1.23,2.0,46.5,Rural,Clear,-43.47,Excellent
2604.14,209.16,28.8,14.26,,29.89,2.17,4.0,60.0,Urban,Rain,-92.93,Fair
700.87,103.14,19.13,8.64,4.84,22.45,1.66,9.0,36.2,Urban,Storm,-97.94,Fair
2095.4,23.46,27.84,2.07,2.8,25.1,2.06,3.0,90.5,Suburban,Clear,-54.13,Excellent
4994.04,89.46,21.47,11.75,0.19,15.64,2.29,3.0,61.6,Suburban,Clear,-80.01,Good
3519.08,1266.18,23.21,4.74,2.93,14.86,1.34,4.0,53.9,Urban,Clear,-144.39,Poor
3510.65,474.89,42.27,2.4,3.24,39.41,1.97,8.0,67.1,Dense Urban,Rain,-134.53,Poor
716.42,151.55,45.38,14.44,0.34,29.38,2.41,7.0,68.9,Urban,Clear,-70.9,Good
845.27,1639.44,20.93,5.93,0.9,41.1,1.38,5.0,42.4,Suburban,Storm,-114.42,Poor
885.69,10.26,36.68,14.08,4.34,35.94,1.99,5.0,31.1,Suburban,Clear,-17.64,Excellent
875.21,1702.04,43.74,12.27,2.16,10.14,1.48,3.0,45.5,Urban,Rain,-108.15,Poor
866.6,14.48,39.19,16.13,4.62,30.15,1.76,9.0,72.2,Urban,Storm,-43.09,Excellent
5794.92,2232.74,22.61,7.73,1.61,31.98,2.15,5.0,49.8,Indoor,Clear,-196.72,Poor
850.55,3609.68,42.29,12.4,4.9,15.48,2.29,4.0,31.9,Urban,Clear,-119.04,Poor
3498.16,1625.23,18.32,11.09,3.37,48.25,2.4,2.0,58.2,Suburban,Fog,-109.24,Poor
2395.87,11.29,38.28,14.52,3.74,41.93,2.24,6.0,88.6,Indoor,Clear,-57.32,Excellent
2611.03,263.16,30.89,7.27,3.0,45.99,2.33,3.0,53.6,Indoor,Rain,-132.57,Poor
906.52,1725.43,39.81,11.59,2.72,33.89,1.32,3.0,21.6,Suburban,Fog,-81.1,Good
1828.32,295.79,26.21,10.65,3.63,43.3,2.11,3.0,37.6,Urban,Clear,-96.57,Fair
2578.33,93.64,42.96,2.7,1.0,17.21,2.11,2.0,44.2,Rural,Clear,-39.59,Excellent
904.41,186.38,21.74,2.54,2.44,44.17,1.31,6.0,54.9,Indoor,Fog,-134.68,Poor
2573.79,16.51,45.67,16.45,4.75,46.82,1.64,2.0,65.3,Indoor,Storm,-53.9,Excellent
718.48,218.54,20.82,12.25,4.47,10.76,1.66,3.0,70.4,Suburban,Clear,-71.15,Good
706.98,11.89,24.17,11.81,4.66,35.64,2.04,2.0,52.5,Rural,Clear,-11.68,Excellent
3495.7,547.58,38.1,13.89,4.01,13.8,1.91,2.0,36.4,Rural,Clear,-50.36,Excellent
2618.13,113.19,38.5,2.25,3.92,35.88,2.42,2.0,21.1,Indoor,Clear,-109.48,Poor
697.3,32.84,22.16,5.71,4.63,45.84,1.39,6.0,59.2,Urban,Rain,-69.64,Excellent
4983.67,11.14,21.57,12.4,3.82,17.22,1.97,5.0,20.6,Urban,Clear,-66.06,Excellent
698.35,3081.57,38.78,13.49,0.45,29.76,1.37,6.0,89.1,Dense Urban,Fog,-146.96,Poor
5774.25,317.31,18.69,12.07,2.88,13.83,2.32,3.0,77.0,Urban,Clear,-121.48,Poor
3523.87,557.32,22.79,8.58,0.19,36.02,1.7,8.0,83.5,Dense Urban,Rain,-158.88,Poor
5813.86,1269.0,28.85,11.42,0.89,14.74,1.56,8.0,50.1,Dense Urban,Clear,-167.92,Poor
5815.62,491.08,19.43,13.2,3.39,48.87,1.57,2.0,56.0,Suburban,Clear,-94.39,Fair
1822.47,130.3,19.71,8.5,4.61,22.82,1.35,7.0,30.3,Urban,Clear,-104.63,Poor
3517.49,494.13,17.69,11.02,0.07,17.39,1.47,6.0,71.5,Urban,Rain,-137.47,Poor
895.91,48.03,40.69,3.26,3.78,48.11,1.7,3.0,22.8,Urban,Storm,-54.52,Excellent
2077.12,327.39,21.37,4.71,2.29,35.77,1.24,3.0,49.9,Suburban,Storm,-95.11,Fair
892.4,35.88,20.42,14.36,4.11,29.5,1.86,1.0,35.6,Suburban,Fog,-42.15,Excellent
2126.05,2992.93,46.78,8.08,3.17,40.14,1.44,2.0,84.0,Indoor,Fog,-159.39,Poor
5026.95,237.31,29.86,14.45,2.94,44.63,1.92,7.0,62.6,Dense Urban,Rain,-125.72,Poor
2116.07,42.77,28.46,12.79,2.13,42.36,1.38,4.0,60.0,Indoor,Clear,-90.24,Fair
682.27,532.54,37.63,7.8,1.74,24.23,1.53,2.0,48.2,Rural,Fog,-43.36,Excellent
1781.67,17.53,33.31,14.33,2.51,25.85,2.23,4.0,69.0,Suburban,Clear,-34.07,Excellent
3522.79,148.39,29.5,4.02,3.36,31.07,2.49,10.0,85.1,Dense Urban,Clear,-131.02,Poor
2378.51,2173.76,45.69,4.57,1.89,33.45,1.65,5.0,85.9,Dense Urban,Clear,-149.19,Poor
2405.05,1181.48,21.1,8.55,2.44,22.04,1.81,4.0,98.0,Suburban,Rain,-116.49,Poor
2092.7,791.7,22.05,12.49,2.98,15.45,1.77,1.0,34.4,Suburban,Rain,-97.26,Fair
888.12,186.27,39.29,6.76,0.01,27.55,1.67,4.0,42.6,Urban,Clear,-82.36,Good
2410.64,160.74,46.27,7.17,1.07,42.61,1.54,10.0,70.2,Dense Urban,Clear,-111.41,Poor
2627.57,10.73,46.6,15.79,0.92,21.05,2.04,13.0,55.2,Dense Urban,Clear,-61.58,Excellent
5016.66,416.37,41.82,16.4,4.37,24.99,1.51,1.0,61.1,Rural,Clear,-39.62,Excellent
2599.17,360.85,18.01,16.6,4.5,20.96,1.78,4.0,24.8,Suburban,Clear,-88.62,Fair
5796.44,10.33,42.64,2.35,0.9,34.39,1.71,7.0,71.1,Urban,Rain,-64.35,Excellent
5024.46,23.44,16.31,14.77,3.49,48.07,2.17,5.0,45.1,Dense Urban,Clear,-92.51,Fair
704.69,10.8,44.35,14.19,2.08,17.21,2.26,2.0,63.3,Rural,Storm,3.72,Excellent
1799.8,48.23,18.12,6.13,2.74,41.18,1.23,5.0,51.1,Urban,Clear,-87.26,Fair
1810.97,10.24,16.94,5.63,2.05,36.58,1.94,2.0,33.0,Rural,Clear,-34.09,Excellent
684.23,133.8,37.97,2.56,2.34,49.49,1.35,4.0,88.9,Suburban,Clear,-54.43,Excellent
823.82,193.09,36.8,15.15,3.45,13.98,1.32,3.0,67.1,Suburban,Clear,-56.17,Excellent
3521.31,151.24,29.07,11.72,1.45,46.34,1.64,2.0,54.6,Rural,Clear,-44.9,Excellent
1806.44,34.53,31.01,2.25,0.11,42.3,1.29,2.0,35.0,Rural,Storm,-42.17,Excellent
829.89,258.86,40.53,5.6,2.51,46.23,2.41,6.0,69.9,Urban,Clear,-85.77,Fair
887.88,1574.77,34.98,15.29,0.49,40.04,2.1,4.0,64.3,Urban,Storm,-114.9,Poor
929.4,61.09,44.68,11.63,4.79,21.25,2.04,2.0,36.7,Indoor,Clear,-72.75,Good
858.07,69.76,26.42,15.69,1.71,26.68,1.42,1.0,64.1,Suburban,Clear,-45.13,Excellent
858.17,291.79,38.03,4.35,0.1,14.35,2.31,1.0,,Rural,Clear,-43.1,Excellent
3474.33,42.75,20.71,17.24,2.4,10.08,1.54,1.0,63.4,Suburban,Clear,-58.18,Excellent
5028.14,81.6,22.13,5.32,1.61,47.88,1.54,6.0,65.5,Dense Urban,Clear,-117.28,Poor
2123.57,166.39,45.16,6.86,3.43,43.08,2.36,2.0,41.7,Rural,Rain,-31.98,Excellent
2602.87,110.31,20.34,16.82,3.53,13.26,2.01,2.0,64.1,Rural,Fog,-49.55,Excellent
5788.56,1615.79,32.06,7.01,3.49,28.19,2.07,13.0,84.1,Dense Urban,Clear,-176.56,Poor
5011.88,1956.18,30.64,11.52,1.96,21.54,2.46,1.0,68.7,Rural,Storm,-81.36,Good
720.0,122.28,24.44,7.51,4.29,21.89,1.72,1.0,55.2,Suburban,Clear,-57.84,Excellent
5817.17,161.65,18.63,13.83,0.24,45.79,1.56,1.0,56.2,Suburban,Fog,-84.97,Good
728.62,3824.97,20.93,6.98,2.35,49.69,1.55,1.0,85.8,Rural,Clear,-72.43,Good
708.21,227.94,41.99,9.06,4.74,26.88,1.46,6.0,84.8,Indoor,Clear,-107.85,Poor
2089.27,4788.11,37.21,3.34,2.09,42.58,2.29,7.0,33.7,Urban,Clear,-148.4,Poor
3499.88,1144.94,37.92,16.74,4.91,16.63,1.57,1.0,65.1,Suburban,Clear,-79.68,Good
718.98,51.66,19.2,16.5,3.56,40.79,1.35,5.0,49.8,Suburban,Fog,-50.34,Excellent
885.92,41.53,35.47,14.87,2.05,12.03,2.21,9.0,30.1,,Clear,-64.48,Excellent
883.88,26.87,23.54,15.97,3.41,23.68,2.45,6.0,71.6,Dense Urban,Clear,-71.44,Good
1813.49,1498.87,22.8,11.64,4.73,32.75,2.2,5.0,66.1,Suburban,Clear,-103.05,Poor
5796.67,67.33,46.2,3.37,4.25,12.52,1.63,7.0,43.2,,Clear,-85.75,Fair
1818.99,666.72,30.99,3.13,0.98,14.72,1.42,2.0,49.9,Suburban,Clear,-93.55,Fair
878.62,286.95,21.96,14.58,4.08,22.76,2.22,2.0,78.4,Rural,Rain,-46.83,Excellent
840.14,1695.67,37.99,10.27,1.14,29.0,2.06,4.0,46.9,Suburban,Rain,-89.11,Fair
836.09,1062.76,23.8,6.43,0.5,18.58,1.46,3.0,43.0,Urban,Clear,-123.67,Poor
861.87,14.86,19.25,2.6,2.02,22.71,2.43,2.0,32.4,Suburban,Fog,-47.84,Excellent
2415.56,81.92,42.48,17.74,2.96,16.77,1.97,0.0,66.4,Rural,Clear,-16.74,Excellent
2097.36,253.36,37.68,3.55,1.56,14.05,1.97,4.0,26.0,Indoor,Rain,-134.1,Poor
2098.68,1475.7,22.46,7.83,4.24,26.8,1.72,6.0,26.0,Dense Urban,Clear,-160.94,Poor
4977.92,845.55,43.68,12.88,1.63,18.84,1.47,4.0,50.3,Indoor,Clear,-148.88,Poor
2412.11,303.97,21.78,11.97,0.6,36.07,1.96,4.0,42.5,Suburban,Fog,-89.9,Fair
879.54,1519.78,39.89,4.02,2.49,19.1,1.75,7.0,27.7,Dense Urban,Clear,-145.1,Poor
1816.68,149.23,37.29,11.93,3.17,17.61,1.41,5.0,32.9,Urban,Clear,-85.64,Fair
1783.39,14.13,20.19,7.38,1.38,24.71,1.23,3.0,21.6,Suburban,Clear,-47.27,Excellent
5007.39,2236.4,42.28,4.73,4.47,14.14,2.35,1.0,58.1,Suburban,Clear,-98.68,Fair
1787.7,263.79,39.87,11.87,0.31,11.66,2.41,7.0,28.7,Urban,Clear,-101.2,Poor
821.81,1520.04,28.12,16.41,2.98,40.6,1.33,0.0,30.1,Rural,Clear,-48.04,Excellent
3480.79,114.34,41.95,14.02,4.21,16.91,1.58,2.0,51.9,Rural,Rain,-36.37,Excellent
2076.16,387.69,44.28,4.6,4.05,34.46,2.14,7.0,50.3,Urban,Clear,-101.04,Poor
681.76,78.27,30.36,4.79,3.26,22.19,2.04,9.0,56.9,Dense Urban,Clear,-99.9,Fair
2617.74,,42.13,9.51,0.21,23.05,1.72,1.0,93.7,Rural,Clear,-36.2,Excellent
887.57,24.99,19.18,2.34,0.4,16.32,1.62,5.0,42.0,Urban,Rain,-83.21,Good
5015.42,1003.61,36.56,2.33,2.41,19.19,2.48,7.0,10.0,Dense Urban,Rain,-156.0,Poor
5026.93,57.08,23.15,6.03,4.73,32.89,1.34,5.0,72.3,Suburban,Fog,-79.06,Good
1804.46,65.22,39.33,3.71,0.39,33.51,2.27,2.0,29.1,Rural,Rain,-35.02,Excellent
2399.12,90.35,37.91,10.75,4.26,21.47,1.7,4.0,69.1,Urban,Rain,-76.17,Good
2415.01,146.65,44.54,2.7,4.07,18.41,1.22,2.0,36.3,Indoor,Rain,-110.66,Poor
2575.83,358.96,36.35,5.9,4.77,23.73,2.24,4.0,55.4,Indoor,Clear,-133.81,Poor
695.69,696.43,20.77,2.93,0.76,13.51,2.47,3.0,47.5,Indoor,Fog,-156.75,Poor
1799.93,666.29,43.67,10.49,0.52,31.17,2.28,6.0,45.2,Indoor,Clear,-139.45,Poor
869.86,139.16,37.27,7.64,1.9,42.93,2.01,9.0,19.0,Dense Urban,Clear,-102.66,Poor
2618.85,199.81,20.18,3.33,2.59,35.19,2.17,2.0,43.4,Suburban,Rain,-91.03,Fair
720.9,23.92,22.73,7.67,4.29,10.88,1.56,13.0,31.5,Dense Urban,Fog,-95.61,Fair
2411.87,255.58,22.34,2.01,4.6,20.91,1.56,6.0,61.3,Dense Urban,Clear,-136.15,Poor
3501.83,2328.89,22.61,15.21,1.6,28.86,2.32,12.0,95.6,Dense Urban,Fog,-184.6,Poor
5819.67,174.88,21.77,7.82,4.12,46.41,1.97,6.0,53.2,Indoor,Clear,-143.95,Poor
922.4,3401.5,44.82,12.65,4.19,16.82,1.78,2.0,88.8,Rural,Clear,-51.16,Excellent
698.83,26.33,42.56,13.34,2.06,12.97,2.02,9.0,18.8,Urban,Storm,-53.96,Excellent
3529.14,974.76,21.95,10.88,2.29,31.18,1.7,9.0,58.5,Dense Urban,Rain,-169.48,Poor
722.49,814.41,30.62,11.42,4.41,32.38,2.37,3.0,46.7,Suburban,Clear,-75.16,Good
700.63,690.92,23.78,8.86,4.38,49.28,1.58,1.0,40.0,Rural,Clear,-51.34,Excellent
5774.16,615.22,31.22,8.52,4.81,31.64,1.41,0.0,13.7,Rural,Storm,-64.75,Excellent
4983.47,11.49,18.51,6.9,3.06,10.67,1.43,7.0,63.5,Urban,Clear,-81.73,Good
3516.58,1006.85,21.94,3.14,2.43,36.77,2.4,5.0,71.5,Urban,Clear,-140.67,Poor
4976.67,223.17,37.78,7.59,4.13,18.22,1.6,4.0,56.4,Suburban,Clear,-77.25,Good
698.19,259.87,35.83,9.4,0.4,42.56,2.47,2.0,23.0,Indoor,Rain,-113.48,Poor
706.29,13.72,43.71,4.14,4.36,27.66,1.25,8.0,35.4,Dense Urban,Clear,-54.32,Excellent
1822.7,32.24,44.38,16.53,1.08,44.52,1.26,8.0,45.3,Urban,Clear,-55.02,Excellent
720.83,2875.94,31.58,2.13,2.35,17.02,2.27,12.0,77.5,Dense Urban,Rain,-177.55,Poor
5015.86,71.06,42.44,5.58,3.43,33.87,1.73,5.0,29.2,Suburban,Clear,-59.85,Excellent
694.46,115.63,46.34,12.88,0.14,38.09,2.12,8.0,67.9,Urban,Fog,-70.58,Good
2378.53,32.41,28.45,15.18,1.95,11.73,1.97,2.0,80.1,Indoor,Clear,-85.09,Fair
5010.18,508.47,30.57,9.58,1.46,28.97,2.09,13.0,52.8,Dense Urban,Clear,-159.19,Poor
3480.88,998.0,36.6,11.42,0.34,37.2,1.88,6.0,59.7,Urban,Clear,-122.82,Poor
903.68,3065.19,46.67,6.37,0.84,34.92,2.11,2.0,50.4,Suburban,Clear,-86.33,Fair
2128.84,328.85,42.28,17.27,0.8,14.25,1.94,11.0,28.0,Dense Urban,Clear,-122.15,Poor
2403.02,55.45,46.76,12.31,3.76,11.33,1.72,6.0,55.7,Dense Urban,Storm,-81.64,Good
3508.73,15.54,42.21,4.1,2.02,18.69,2.11,1.0,36.6,Suburban,Clear,-33.26,Excellent
2110.65,52.27,22.88,13.78,0.23,19.6,1.36,2.0,73.2,Suburban,Rain,-63.34,Excellent
919.82,466.6,22.59,4.04,1.11,33.92,1.55,13.0,72.9,Dense Urban,Clear,-156.87,Poor
3496.1,4256.73,46.04,8.45,3.62,10.95,1.44,10.0,55.3,Dense Urban,Clear,-176.22,Poor
,16.36,30.42,9.86,1.12,20.9,2.29,2.0,45.4,Rural,Clear,-34.64,Excellent
2080.56,111.74,22.26,13.56,2.19,19.33,2.01,6.0,66.0,Dense Urban,Storm,-118.26,Poor
706.88,632.19,22.82,17.94,3.29,43.45,1.2,9.0,40.4,Urban,Clear,-111.28,Poor
2387.75,355.43,30.28,7.94,4.81,24.2,2.27,4.0,10.0,Suburban,Clear,-82.75,Good
5000.46,573.98,37.76,12.81,0.3,38.83,1.56,3.0,34.7,Suburban,Clear,-83.18,Good
5815.99,177.9,22.89,12.76,1.11,43.0,1.21,5.0,45.7,Suburban,Clear,-87.31,Fair
2071.05,52.57,21.67,4.95,1.11,38.32,1.3,9.0,31.5,Dense Urban,Clear,-110.56,Poor
853.83,200.88,30.13,12.29,4.42,14.5,1.92,3.0,80.2,Urban,Rain,-86.82,Fair
2380.41,107.09,24.01,16.07,2.76,39.56,,3.0,23.8,Suburban,Fog,-64.44,Excellent
4986.76,821.06,44.0,10.89,3.75,43.96,2.02,9.0,61.5,Urban,Rain,-121.84,Poor
5772.08,29.05,18.02,9.68,2.3,25.0,2.31,7.0,55.0,Urban,Clear,-91.47,Fair
680.17,218.32,42.01,12.36,2.36,45.51,1.73,4.0,31.6,Urban,Clear,-68.7,Excellent
929.2,3876.87,22.71,14.91,4.87,37.58,2.33,2.0,54.2,Indoor,Clear,-172.69,Poor
2129.91,272.46,33.7,5.6,0.82,38.41,1.48,6.0,32.1,Urban,Rain,-105.91,Poor
713.19,43.67,23.86,4.61,1.99,31.86,2.03,11.0,55.8,Dense Urban,Rain,-104.75,Poor
5006.71,3356.08,45.73,12.42,4.93,25.34,2.36,4.0,55.1,Urban,Clear,-125.86,Poor
866.62,45.6,42.47,2.55,1.3,22.84,1.91,8.0,17.5,Urban,Rain,-71.98,Good
2623.79,1065.15,28.33,15.2,0.55,41.94,2.21,5.0,16.5,Urban,Clear,-124.21,Poor
5801.16,19.75,19.55,6.83,1.48,43.58,1.99,3.0,83.7,Suburban,Fog,-64.42,Excellent
2572.12,1994.18,20.34,3.78,4.18,23.28,1.41,6.0,62.1,Indoor,Clear,-195.95,Poor
3512.56,30.72,44.46,14.23,4.98,35.26,2.39,1.0,41.9,Suburban,Clear,-22.12,Excellent
929.08,115.85,43.28,5.57,3.12,38.92,1.47,5.0,47.4,Urban,Rain,-71.23,Good
4985.48,4038.13,21.02,8.42,4.95,18.58,2.22,9.0,45.0,Urban,Rain,-177.13,Poor
2097.81,366.24,18.46,8.62,0.89,35.21,1.32,8.0,73.3,Urban,Storm,-135.69,Poor
691.68,51.58,30.62,15.12,3.15,23.57,1.84,5.0,45.6,Suburban,Clear,-39.99,Excellent
1793.43,10.04,42.01,6.23,2.96,20.92,1.96,7.0,25.1,Dense Urban,Fog,-58.66,Excellent
1813.28,10.43,42.71,12.13,0.66,22.64,2.08,2.0,44.4,Rural,Fog,-5.08,Excellent
2392.7,55.09,20.53,17.98,3.08,23.04,2.11,3.0,37.9,Indoor,Rain,-100.62,Poor
926.47,264.22,45.89,11.59,2.68,29.8,1.27,12.0,50.3,Dense Urban,Clear,-111.19,Poor
2117.38,203.57,24.21,4.26,3.78,24.18,1.62,11.0,81.6,Dense Urban,Clear,-142.23,Poor
2071.66,3077.02,23.21,6.53,4.15,38.77,2.07,2.0,26.0,Rural,Rain,-83.04,Good
1819.11,1154.16,29.31,10.56,1.12,45.98,1.69,3.0,31.8,Indoor,Clear,-156.69,Poor
2616.37,3132.09,44.26,7.16,0.55,40.91,1.78,0.0,66.9,Rural,Clear,-58.76,Excellent
1800.99,240.59,24.58,10.26,4.62,32.03,1.33,1.0,36.4,Suburban,Storm,-72.71,Good
,160.52,37.13,10.69,3.7,37.28,1.98,3.0,75.9,Urban,Rain,-86.62,Fair
920.13,337.17,25.0,13.77,1.81,45.9,1.63,3.0,73.8,Indoor,Fog,-128.98,Poor
4995.49,101.02,19.65,11.97,2.68,33.68,1.35,6.0,68.1,Dense Urban,Clear,-118.78,Poor
1779.57,37.07,19.81,13.17,4.11,12.14,1.86,5.0,78.4,Suburban,Clear,-63.22,Excellent
688.77,1811.85,,5.49,0.81,21.91,1.72,,72.5,Dense Urban,Rain,-157.77,Poor
835.91,686.65,19.81,8.77,0.01,23.23,2.02,1.0,41.7,Rural,Clear,-62.22,Excellent
5010.86,75.67,36.53,15.2,2.73,49.35,1.5,8.0,98.0,Urban,Rain,-86.71,Fair
4980.73,160.14,41.93,14.04,0.47,39.52,1.4,1.0,27.7,Rural,Rain,-40.45,Excellent
908.69,40.6,35.51,4.91,4.81,27.12,1.65,1.0,54.2,Rural,Rain,-21.07,Excellent
2597.96,330.43,30.17,3.02,1.02,24.08,2.39,5.0,48.8,Indoor,Rain,-152.02,Poor
2420.38,92.73,24.8,12.45,3.68,48.47,1.48,5.0,86.3,Urban,Fog,-85.89,Fair
849.1,2307.55,21.22,9.11,3.56,40.62,1.58,0.0,67.2,Rural,Rain,-67.93,Excellent
2125.79,266.71,20.58,8.57,0.83,18.2,2.22,5.0,69.0,Suburban,Clear,-95.45,Fair
2624.03,129.2,21.87,2.4,0.13,28.98,2.19,3.0,67.1,Indoor,Rain,-136.08,Poor
5781.12,1054.88,37.03,8.11,1.15,19.03,1.71,2.0,39.5,Suburban,Rain,-102.11,Poor
5011.17,2772.31,21.52,4.86,2.7,49.6,2.26,5.0,39.3,Dense Urban,Clear,-178.62,Poor
682.88,1607.64,36.48,2.55,0.63,32.88,2.17,1.0,92.9,Rural,Clear,-57.2,Excellent
919.4,216.65,29.91,8.38,4.7,13.26,1.57,2.0,84.5,Suburban,Fog,-65.63,Excellent
2108.14,91.63,22.23,15.2,3.91,22.45,2.01,6.0,52.1,Urban,Clear,-88.48,Fair
837.65,612.45,30.92,16.26,1.12,31.25,1.54,2.0,40.1,Suburban,Clear,-70.09,Good
2384.95,1602.15,31.4,5.81,0.57,30.52,1.88,13.0,60.0,Dense Urban,Rain,-176.4,Poor
695.77,4378.43,17.4,6.4,0.34,18.82,1.78,8.0,81.2,Dense Urban,Storm,-193.75,Poor
868.04,171.44,19.78,3.58,4.1,37.41,1.82,2.0,63.5,Rural,Clear,-51.75,Excellent
717.77,636.15,41.65,16.55,4.41,19.33,2.44,4.0,45.1,Suburban,Clear,-61.49,Excellent
872.0,61.81,19.86,3.04,2.63,49.32,2.23,4.0,55.2,Indoor,Rain,-108.74,Poor
3488.14,17.22,22.85,17.0,2.82,42.98,2.0,6.0,56.7,Urban,Fog,-66.45,Excellent
845.37,48.19,32.66,12.26,2.11,27.89,1.27,2.0,87.3,Suburban,Clear,-38.89,Excellent
5805.13,10.94,32.21,14.58,3.99,24.66,1.37,8.0,35.7,Urban,Clear,-59.7,Excellent
878.97,237.1,44.4,5.52,4.37,17.07,2.03,2.0,57.7,Rural,Rain,-31.89,Excellent
690.12,101.66,41.56,11.72,1.57,13.37,2.39,3.0,70.6,Indoor,Clear,-91.04,Fair
1823.14,677.09,35.47,3.74,4.5,40.19,1.26,5.0,34.3,Dense Urban,Fog,-131.23,Poor
3498.59,457.84,21.36,12.54,1.21,45.48,2.49,1.0,44.4,Suburban,Clear,-87.47,Fair
864.65,28.38,48.29,11.61,1.1,29.97,1.81,2.0,72.4,Suburban,Storm,-20.18,Excellent
699.09,658.6,18.63,15.18,4.26,45.81,1.7,11.0,61.8,Dense Urban,Clear,-144.37,Poor
4997.9,32.05,22.42,12.32,2.6,47.97,2.09,5.0,68.2,Urban,Clear,-78.55,Good
2407.32,10.38,28.65,17.54,0.26,33.61,2.49,3.0,80.4,Urban,Rain,-41.73,Excellent
1785.56,4154.52,28.11,9.85,0.51,20.17,1.47,2.0,52.9,Rural,Rain,-83.22,Good
3484.99,11.83,37.5,10.83,1.44,42.68,2.45,3.0,91.5,Urban,Clear,-40.86,Excellent
5029.36,83.63,20.23,3.21,0.89,18.76,1.36,6.0,86.3,Indoor,Clear,-137.9,Poor
1822.14,525.56,42.66,3.73,4.98,47.17,2.25,4.0,53.0,Suburban,Rain,-78.76,Good
2414.27,99.91,18.05,4.78,3.59,17.63,2.11,5.0,68.2,Dense Urban,Storm,-127.73,Poor
678.23,106.87,30.38,3.89,2.19,24.2,1.83,2.0,60.7,Rural,Clear,-40.01,Excellent
1771.81,892.52,36.89,4.2,4.03,14.83,1.91,7.0,23.8,Dense Urban,Clear,-140.71,Poor
2380.52,421.89,45.4,6.17,1.47,21.32,2.47,5.0,86.6,Dense Urban,Storm,-124.91,Poor
876.26,250.66,37.91,6.46,0.15,30.17,2.2,2.0,35.7,Rural,Fog,-38.52,Excellent
5818.98,2466.85,34.84,13.13,1.83,25.53,2.49,3.0,72.6,Indoor,Clear,-173.64,Poor
5801.38,19.58,22.11,9.78,1.79,35.15,1.35,6.0,53.9,Indoor,Clear,-98.75,Fair
928.13,185.31,43.78,16.83,0.7,24.64,1.72,5.0,31.2,Urban,Fog,-70.36,Good
1778.79,44.18,36.03,7.49,3.15,32.78,1.52,13.0,76.6,Dense Urban,,-99.9,Fair
853.55,12.57,20.47,3.01,1.93,35.18,1.62,5.0,68.3,Urban,Clear,-62.15,Excellent
2380.99,4389.17,28.28,15.51,1.49,47.02,2.46,0.0,40.7,Rural,Storm,-72.6,Good
838.39,957.45,44.76,15.48,3.02,45.28,1.92,9.0,30.3,Urban,Clear,-102.28,Poor
1826.41,38.32,43.33,7.81,3.61,20.59,2.28,7.0,57.3,Indoor,Rain,-91.5,Fair
2422.1,121.94,19.91,3.13,4.95,28.84,1.21,4.0,59.8,Urban,Clear,-99.46,Fair
2576.11,40.74,42.29,16.09,4.43,13.98,1.88,2.0,69.3,Indoor,Rain,-76.18,Good
2384.97,705.35,23.68,16.94,0.08,18.89,2.44,7.0,10.4,Indoor,Clear,-164.43,Poor
905.67,88.28,42.83,17.95,0.76,21.76,1.64,1.0,81.8,Suburban,Fog,-30.58,Excellent
3473.68,3038.66,38.74,8.26,2.73,48.17,1.84,7.0,50.9,Dense Urban,Fog,-162.83,Poor
2603.01,36.32,22.41,4.03,2.32,40.23,1.59,9.0,66.9,Urban,Clear,-95.4,Fair
3505.07,87.94,42.82,8.04,4.36,45.87,2.12,2.0,52.6,Indoor,Storm,-100.75,Poor
2087.46,3272.95,23.52,11.37,4.07,21.95,1.21,,71.1,Suburban,Rain,-115.33,Poor
4987.59,2441.89,28.38,2.69,2.64,44.35,1.94,1.0,28.5,Rural,Clear,-82.94,Good
1783.74,61.84,46.19,6.39,4.75,40.88,1.35,0.0,28.9,Rural,Clear,-15.47,Excellent
5026.14,201.27,19.57,17.07,1.8,15.82,1.79,6.0,66.3,Urban,Rain,-121.26,Poor
893.33,2427.13,22.59,2.71,3.26,22.86,1.86,12.0,80.9,Dense Urban,Clear,-179.78,Poor
905.12,645.69,47.05,4.42,3.48,38.45,1.73,7.0,63.4,Urban,Fog,-99.14,Fair
2388.09,524.81,30.87,11.3,2.54,23.05,1.27,3.0,35.5,Indoor,Clear,-143.54,Poor
2412.16,606.5,42.62,17.32,1.08,20.07,1.93,10.0,80.2,Dense Urban,Clear,-128.5,Poor
3476.09,3059.85,19.92,17.05,0.77,49.66,1.53,6.0,56.5,Indoor,Fog,-191.14,Poor
874.3,248.79,36.25,6.12,0.81,29.37,1.77,0.0,48.3,Rural,Clear,-35.9,Excellent
5014.66,30.95,19.55,11.82,1.94,23.93,1.32,2.0,64.1,Rural,Clear,-48.33,Excellent
1813.6,188.74,30.94,17.44,3.36,24.27,1.41,7.0,54.7,Indoor,Clear,-121.77,Poor
2385.9,927.36,21.88,12.07,1.55,34.73,2.0,2.0,35.9,Suburban,Clear,-97.1,Fair
5791.3,212.94,29.02,5.55,4.3,35.8,2.49,0.0,62.8,Rural,Clear,-54.4,Excellent
2427.44,70.06,27.63,13.1,2.98,44.62,2.48,1.0,36.7,Suburban,Clear,-51.87,Excellent
2576.26,628.64,46.97,10.18,2.27,36.29,1.35,1.0,70.7,Rural,Clear,-39.29,Excellent
5780.99,164.12,36.52,9.9,1.61,47.49,,10.0,54.0,Dense Urban,Rain,-128.3,Poor
5795.8,3968.47,18.11,9.81,0.57,32.98,2.37,5.0,54.5,Indoor,Clear,-208.89,Poor
2086.93,89.21,31.23,3.8,2.75,29.74,1.72,9.0,71.9,Dense Urban,Clear,-110.87,Poor
2108.94,863.92,42.85,14.63,1.89,41.42,2.25,0.0,33.2,Rural,Rain,-41.05,Excellent
861.44,314.86,28.8,7.55,4.81,18.53,1.39,6.0,50.6,Dense Urban,Fog,-118.41,Poor
2401.58,16.19,38.26,4.96,3.71,35.38,2.48,2.0,72.4,Rural,Clear,-18.85,Excellent
5806.67,185.29,36.41,9.05,0.68,26.02,2.04,3.0,49.1,Suburban,Storm,-85.72,Fair
2096.01,11.99,43.56,12.29,2.78,15.36,2.0,0.0,10.0,Rural,Rain,-3.04,Excellent
1815.62,1354.35,38.36,10.86,4.37,22.72,1.96,6.0,58.4,Indoor,Clear,-157.56,Poor
822.53,960.45,35.66,15.11,4.7,35.3,2.37,2.0,69.0,Suburban,Rain,-72.97,Good
1788.77,13.69,50.0,15.49,4.66,47.67,1.6,6.0,65.0,Indoor,Clear,-44.12,Excellent
911.07,223.18,22.25,11.93,4.09,32.08,1.48,1.0,65.0,Rural,Clear,-43.23,Excellent
5789.78,3937.01,39.9,10.83,1.39,26.52,1.89,4.0,46.8,Urban,Clear,-140.2,Poor
2374.71,58.65,45.55,11.07,3.16,45.8,2.48,5.0,39.1,Indoor,Rain,-89.41,Fair
840.7,2758.59,29.83,8.29,3.55,17.97,2.48,4.0,66.0,Suburban,Rain,-103.69,Poor
712.69,25.57,46.3,9.51,4.17,13.25,1.32,8.0,55.5,Urban,Clear,-48.94,Excellent
4977.32,10.42,23.49,10.43,4.43,22.93,1.26,2.0,48.2,Suburban,Clear,-44.57,Excellent
5813.48,270.31,43.88,14.81,2.66,13.49,2.25,1.0,46.3,Rural,Rain,-41.45,Excellent
3516.53,44.23,16.67,13.93,1.62,26.78,2.04,2.0,57.3,Indoor,Clear,-101.8,Poor
858.12,2360.48,25.85,5.13,2.63,19.64,2.01,0.0,60.1,Rural,Clear,-68.99,Excellent
684.65,659.01,20.57,17.65,4.61,17.5,2.11,9.0,42.8,Urban,Clear,-115.8,Poor
868.32,714.33,32.38,17.45,2.63,17.7,1.24,5.0,55.2,Urban,Clear,-100.53,Poor
3482.87,656.39,30.71,6.47,0.7,19.96,1.73,2.0,24.8,Rural,Clear,-66.86,Excellent
3524.35,679.96,43.18,17.98,2.17,31.6,1.82,5.0,66.8,Indoor,Storm,-143.39,Poor
5012.4,1038.58,29.22,10.4,3.81,10.07,2.06,2.0,60.6,Rural,Rain,-77.84,Good
673.28,642.7,40.38,5.63,4.87,34.68,1.95,5.0,58.6,Suburban,Clear,-73.47,Good
867.96,1785.19,18.88,13.53,2.11,38.16,2.18,2.0,49.0,Suburban,Clear,-97.44,Fair
5800.39,320.89,18.92,2.77,3.99,38.59,1.91,1.0,85.1,Rural,Clear,-71.58,Good
5797.16,88.41,30.93,13.0,1.36,30.31,2.02,6.0,44.8,Urban,Rain,-96.13,Fair
3495.23,181.97,18.91,15.36,1.82,28.57,1.21,5.0,25.0,Dense Urban,Clear,-122.23,Poor
856.4,154.23,18.4,7.61,1.49,34.07,2.03,6.0,46.1,Indoor,Rain,-134.79,Poor
713.47,78.96,19.83,7.35,3.39,21.96,1.86,2.0,30.3,Rural,Rain,-43.19,Excellent
723.76,132.23,23.95,6.36,4.59,14.58,1.74,2.0,10.0,Indoor,Clear,-108.85,Poor
2586.38,109.41,25.74,8.52,4.09,30.33,2.11,9.0,91.4,Urban,Clear,-100.87,Poor
5007.85,19.95,23.05,11.18,2.97,44.69,1.2,3.0,42.5,Suburban,Clear,-52.14,Excellent
2611.18,1744.36,20.23,14.19,2.67,29.45,2.2,7.0,77.2,Urban,Clear,-144.71,Poor
910.49,1100.72,24.48,16.19,4.25,21.18,2.35,3.0,62.1,Suburban,Rain,-88.41,Fair
3499.58,81.47,44.44,10.78,4.69,18.45,1.35,3.0,78.4,Suburban,Clear,-51.3,Excellent
693.46,3555.36,35.52,9.6,3.9,12.65,1.66,2.0,37.1,Indoor,Rain,-165.69,Poor
5015.74,3650.07,42.11,7.99,3.28,46.99,2.33,2.0,96.8,Rural,,-68.44,Excellent
4988.0,2052.39,42.02,11.53,3.98,23.11,1.28,5.0,33.9,Urban,Rain,-130.26,Poor
3482.48,12.0,18.32,4.32,2.44,45.93,1.5,2.0,58.5,Indoor,Rain,-87.66,Fair
5002.75,100.44,26.43,9.47,2.12,47.8,2.25,3.0,46.2,Suburban,Storm,-79.6,Good
2386.06,171.53,39.09,10.14,4.82,27.78,1.66,4.0,77.8,Suburban,Clear,-63.31,Excellent
2071.99,870.55,47.27,12.07,2.76,26.88,1.64,3.0,65.5,Suburban,Clear,-72.2,Good
1773.09,516.82,29.9,3.1,2.88,22.63,1.72,3.0,15.6,Indoor,Clear,-148.1,Poor
5811.7,677.52,21.47,8.87,0.59,35.52,2.46,3.0,49.8,Urban,Clear,-132.96,Poor
2628.39,1176.75,44.78,14.19,2.57,18.55,1.28,0.0,81.8,Rural,Clear,-44.79,Excellent
847.28,3629.1,22.83,14.54,1.89,23.52,1.68,7.0,39.8,Dense Urban,Rain,-171.19,Poor
5778.82,307.97,45.06,10.69,1.4,21.78,1.67,0.0,48.1,Rural,Clear,-42.64,Excellent
719.08,2754.12,27.46,15.95,4.82,24.98,2.47,2.0,54.3,Rural,Clear,-57.38,Excellent
2385.69,1581.87,20.73,14.08,4.65,12.98,1.57,3.0,46.4,Urban,Clear,-134.11,Poor
879.74,81.67,29.42,14.76,4.89,31.16,2.43,1.0,79.6,Rural,Storm,-24.75,Excellent
2603.8,1570.62,46.32,14.69,1.75,13.66,1.72,0.0,42.0,Rural,Clear,-46.81,Excellent
2083.96,20.74,30.18,13.66,3.25,41.34,1.79,7.0,56.1,Urban,Fog,-57.77,Excellent
2099.76,26.82,20.88,15.7,1.54,26.81,2.08,5.0,70.9,Indoor,Rain,-91.74,Fair
2590.12,4768.7,30.25,3.55,2.22,,1.82,1.0,60.9,Rural,Rain,-86.23,Fair
3516.77,143.55,42.47,10.06,1.33,15.21,1.48,6.0,72.1,Indoor,Clear,-118.76,Poor
1776.35,175.06,20.76,15.21,2.92,33.15,2.29,7.0,47.4,Urban,Rain,-103.03,Poor
5821.42,3688.11,47.35,3.75,1.44,17.65,1.57,12.0,45.5,Dense Urban,Clear,-185.59,Poor
2116.04,94.75,45.24,4.48,1.47,33.19,2.31,4.0,58.1,Urban,Rain,-74.82,Good
871.68,43.61,41.24,8.43,2.11,26.9,2.46,2.0,52.8,Suburban,Clear,-32.42,Excellent
723.7,16.22,44.59,11.02,0.11,35.86,1.89,0.0,56.5,Rural,Clear,4.43,Excellent
883.79,257.36,17.54,13.58,4.49,13.63,1.43,5.0,56.0,Urban,Clear,-104.07,Poor
2601.26,34.59,44.45,10.97,1.11,46.07,1.41,2.0,61.6,Indoor,Clear,-69.84,Excellent
2421.0,14.96,22.04,5.47,3.15,29.29,2.31,2.0,58.5,Suburban,Clear,-46.97,Excellent
1792.64,1564.77,21.19,15.57,0.34,36.92,1.57,3.0,66.5,Suburban,Clear,-102.55,Poor
2073.62,77.07,22.16,6.24,1.91,20.27,1.84,5.0,48.2,Urban,Clear,-95.95,Fair
4987.5,366.23,20.27,15.73,0.22,38.93,2.22,0.0,69.2,Rural,Storm,-66.84,Excellent
2384.52,19.16,19.93,9.92,4.99,47.6,1.27,2.0,48.0,Rural,Fog,-31.38,Excellent
722.2,231.5,45.85,2.65,4.34,48.27,1.76,5.0,98.0,Indoor,Storm,-110.75,Poor
697.83,507.36,19.29,9.67,4.26,41.89,2.07,8.0,79.3,Dense Urban,Rain,-136.36,Poor
2111.01,163.75,38.69,12.46,1.03,26.01,1.95,6.0,91.0,Indoor,Clear,-114.88,Poor
2127.73,81.44,19.84,16.08,2.84,17.34,1.73,4.0,54.6,Indoor,Rain,-116.58,Poor
4987.95,69.07,42.74,11.31,4.34,20.64,1.66,3.0,37.4,Indoor,Clear,-95.15,Fair
2415.67,19.73,38.33,17.86,1.89,40.09,1.3,2.0,10.0,Rural,Rain,-11.77,Excellent
3471.37,20.52,38.25,8.09,0.18,21.32,1.99,4.0,34.3,Urban,Clear,-58.22,Excellent
2376.25,217.71,20.06,5.93,2.1,21.24,1.28,3.0,57.0,Suburban,Fog,-87.88,Fair
1779.71,23.7,44.82,9.09,4.46,20.96,1.88,7.0,83.8,Urban,Clear,-51.42,Excellent
2588.75,40.09,28.26,12.53,0.56,22.84,1.37,8.0,43.4,Dense Urban,Rain,-96.15,Fair
2594.18,27.85,18.82,3.52,0.44,31.79,1.25,4.0,46.5,Indoor,Clear,-108.17,Poor
3498.62,1465.15,43.3,3.44,2.99,37.84,1.83,0.0,68.8,Rural,Storm,-64.25,Excellent
834.72,163.6,43.23,11.99,1.13,25.57,1.6,5.0,14.5,Dense Urban,Clear,-85.11,Fair
2573.97,310.04,20.64,8.14,1.94,25.44,1.83,11.0,70.5,Dense Urban,Clear,-147.62,Poor
910.65,374.44,23.11,14.53,2.0,43.23,1.41,6.0,78.5,Dense Urban,Clear,-121.87,Poor
3471.42,117.44,38.93,6.22,3.5,17.93,2.46,4.0,88.7,Suburban,Rain,-69.75,Excellent
3518.57,63.89,21.05,8.94,0.14,34.43,1.22,1.0,59.2,Rural,Clear,-51.16,Excellent
2625.75,107.7,41.92,10.24,3.3,32.22,1.38,5.0,55.7,Suburban,Rain,-60.58,Excellent
5812.62,277.63,34.46,17.08,2.45,28.39,2.12,1.0,64.4,Suburban,Rain,-70.24,Good
2405.76,92.85,35.77,2.12,2.56,46.09,2.41,10.0,73.0,Dense Urban,Clear,-112.7,Poor
709.42,23.37,25.07,5.47,3.54,10.47,1.26,5.0,75.6,Indoor,Clear,-89.92,Fair
2609.13,2924.24,30.44,3.47,3.21,42.11,1.23,2.0,56.6,Indoor,Rain,-182.88,Poor
3525.9,947.86,20.9,17.86,3.38,26.31,1.93,4.0,44.9,Suburban,Storm,-106.89,Poor
877.86,15.1,42.06,4.12,1.5,42.97,1.77,5.0,38.3,Suburban,Fog,-28.43,Excellent
845.6,2782.64,37.73,15.17,4.26,28.09,1.47,13.0,63.2,Dense Urban,Fog,-159.81,Poor
907.02,28.85,34.72,10.32,3.08,17.27,1.37,1.0,63.4,,Clear,-30.06,Excellent
5018.17,18.36,44.4,14.52,2.3,32.6,2.31,0.0,41.7,Rural,Clear,-8.54,Excellent
2370.06,29.34,35.27,6.83,2.51,48.93,1.36,5.0,53.6,Urban,Storm,-66.55,Excellent
5801.62,3297.85,27.04,9.61,1.23,14.32,2.1,12.0,98.0,Dense Urban,Fog,-198.92,Poor
5009.17,39.56,46.39,17.65,3.94,45.39,2.28,10.0,83.4,Dense Urban,Clear,-76.96,Good
2413.03,1330.66,46.2,3.52,1.39,34.92,1.23,5.0,95.6,Dense Urban,Clear,-138.2,Poor
2592.13,543.93,46.16,11.93,2.9,42.88,2.17,3.0,71.3,Suburban,Clear,-66.01,Excellent
1787.74,250.42,34.2,17.33,4.67,42.99,2.09,8.0,86.1,Urban,Rain,-92.69,Fair
680.93,96.99,30.93,4.03,2.76,14.91,1.91,2.0,41.8,Rural,Rain,-38.1,Excellent
1803.47,17.82,21.33,15.44,0.19,25.9,1.3,1.0,78.0,Rural,Storm,-31.9,Excellent
2425.16,828.01,29.7,6.42,4.84,32.91,2.38,5.0,64.4,Indoor,Clear,-152.76,Poor
873.76,116.28,44.33,5.21,2.82,42.71,2.38,5.0,76.9,Suburban,Clear,-50.52,Excellent
891.6,277.91,44.76,4.66,0.91,22.0,1.64,10.0,57.2,Dense Urban,Clear,-118.5,Poor
685.47,13.79,20.79,13.77,2.48,48.55,1.64,7.0,33.1,Dense Urban,Rain,-64.18,Excellent
3517.33,1242.32,33.75,2.57,1.85,11.71,1.91,3.0,44.5,Suburban,Fog,-106.63,Poor
5013.5,738.62,41.27,8.73,2.1,32.87,2.34,1.0,86.8,Rural,Clear,-55.02,Excellent
5000.32,268.27,45.53,13.15,2.42,35.96,2.41,2.0,36.8,Suburban,Clear,-62.62,Excellent
1793.34,218.53,46.12,4.23,4.14,33.03,1.52,9.0,61.9,Urban,Fog,-92.36,Fair
2377.43,81.21,20.13,5.59,1.2,12.39,1.92,5.0,50.5,Suburban,Clear,-82.12,Good
5817.11,83.97,28.75,4.44,3.3,28.16,1.67,1.0,77.3,Suburban,Clear,-70.16,Good
2407.05,15.3,19.04,2.42,3.6,17.7,1.48,0.0,25.8,Rural,Clear,-37.27,Excellent
892.61,713.54,44.79,9.3,4.9,31.76,1.2,6.0,43.1,Urban,Clear,-96.58,Fair
1825.13,13.22,39.25,9.95,1.57,24.64,1.58,6.0,25.0,Urban,Clear,-46.25,Excellent
3509.58,10.09,31.2,17.13,1.0,43.04,1.63,3.0,43.5,Indoor,Clear,-55.99,Excellent
2125.75,12.12,43.83,13.65,4.67,12.56,2.05,2.0,71.3,Rural,Clear,-2.61,Excellent
4998.46,35.41,46.94,17.52,4.76,27.08,2.04,8.0,20.3,Urban,Storm,-66.62,Excellent
4997.28,345.89,22.89,14.11,3.89,44.35,2.47,3.0,36.0,Urban,Rain,-112.24,Poor
726.23,689.33,41.19,17.66,1.94,36.22,2.06,5.0,39.0,Urban,Clear,-89.22,Fair
3527.59,,43.87,5.97,4.86,17.04,1.4,1.0,48.9,Rural,Clear,-38.15,Excellent
1827.65,126.74,21.97,4.68,2.92,42.32,1.97,1.0,45.2,Rural,Rain,-54.13,Excellent
2419.13,360.35,42.95,8.26,1.09,23.42,1.42,0.0,57.5,Rural,Clear,-39.0,Excellent
897.74,408.15,20.72,9.87,4.13,30.88,1.4,2.0,70.1,Suburban,Clear,-78.25,Good
1782.62,1908.2,43.32,15.19,2.41,33.46,2.41,8.0,18.7,Urban,Clear,-120.94,Poor
1793.01,1624.41,43.39,10.66,0.29,14.72,1.43,8.0,63.0,Dense Urban,Fog,-149.51,Poor
726.3,1669.83,46.52,17.24,3.89,36.46,1.82,3.0,50.3,Suburban,Clear,-62.98,Excellent
3491.81,1898.44,38.05,6.62,4.08,37.36,2.38,2.0,60.7,Suburban,Clear,-93.89,Fair
865.4,2369.39,21.85,11.26,4.28,35.37,1.99,9.0,47.4,Urban,Clear,-142.05,Poor
1825.38,315.34,44.77,12.43,0.81,37.07,1.8,7.0,77.4,Urban,Clear,-88.36,Fair
878.22,403.96,21.89,4.49,1.68,19.61,1.64,5.0,49.6,Urban,Rain,-119.11,Poor
876.86,917.83,20.36,14.57,3.96,19.21,1.36,1.0,83.3,Suburban,Clear,-86.24,Fair
1803.3,34.44,18.23,12.23,3.81,19.95,2.32,5.0,85.8,Suburban,Clear,-61.13,Excellent
5799.51,93.94,45.75,5.07,4.43,20.55,2.24,7.0,50.2,Urban,Fog,-88.58,Fair
5829.26,2905.51,29.01,8.62,2.74,24.5,2.39,5.0,64.1,Urban,Rain,-157.17,Poor
1783.09,257.58,20.04,12.25,1.55,20.0,2.21,1.0,59.5,Suburban,Clear,-79.78,Good
2381.25,13.8,21.1,13.73,2.05,48.69,1.84,2.0,60.0,Rural,Clear,-23.02,Excellent
5827.79,124.34,20.11,8.68,1.47,13.34,1.45,13.0,13.9,Dense Urban,Clear,-148.87,Poor
911.35,27.16,45.94,13.56,3.21,43.94,2.35,3.0,10.0,Indoor,Clear,-53.61,Excellent
5802.18,91.54,21.19,6.17,2.47,24.27,1.47,5.0,57.7,Dense Urban,Rain,-125.55,Poor
827.92,295.72,42.66,6.88,2.84,34.3,1.81,9.0,75.6,Dense Urban,Clear,-111.37,Poor
900.79,230.86,36.87,2.19,3.36,22.67,2.06,6.0,63.3,Indoor,Rain,-129.43,Poor
1826.65,210.75,23.57,9.8,1.2,46.08,2.3,1.0,66.6,Rural,Rain,-52.37,Excellent
706.17,11.21,47.06,5.01,4.47,12.65,2.3,1.0,60.9,Rural,Clear,2.0,Excellent
4994.28,158.97,28.15,11.63,0.23,20.57,1.67,8.0,56.5,Urban,Rain,-117.34,Poor
5003.07,11.97,30.95,17.45,1.22,48.44,1.36,6.0,75.2,Indoor,Clear,-75.41,Good
1823.17,123.8,41.19,17.99,0.62,24.31,1.84,3.0,46.3,,Clear,-63.13,Excellent
5024.77,557.49,37.81,7.99,2.06,20.06,2.33,7.0,72.8,Indoor,Clear,-153.15,Poor
3494.01,21.87,44.65,13.74,4.72,21.87,1.58,6.0,50.3,Indoor,Storm,-74.55,Good
5006.48,2980.86,37.45,17.37,4.13,14.6,1.9,11.0,54.3,Dense Urban,Fog,-175.41,Poor
4986.75,503.19,42.51,10.37,2.47,23.59,1.41,5.0,81.9,Urban,Rain,-110.17,Poor
2397.07,38.66,27.33,7.34,2.01,22.74,2.17,8.0,58.4,Dense Urban,Rain,-102.26,Poor
833.19,115.78,23.84,4.49,0.2,21.16,1.99,5.0,,Urban,Storm,-101.18,Poor
5801.89,18.26,16.32,4.82,2.45,13.26,2.16,4.0,73.8,Urban,Clear,-85.65,Fair
2604.69,11.47,23.91,15.67,1.27,33.78,1.58,0.0,,Rural,Clear,-17.58,Excellent
5790.27,2964.03,44.48,6.14,0.0,37.47,2.08,0.0,63.0,Rural,Fog,-68.82,Excellent
5786.33,664.2,47.7,6.33,4.23,38.1,1.42,0.0,57.4,Rural,Rain,-48.82,Excellent
829.06,1271.28,22.64,13.95,3.61,16.46,1.74,5.0,25.8,Urban,Fog,-120.56,Poor
2078.37,477.78,20.66,15.39,4.7,35.89,2.29,4.0,47.3,Suburban,Fog,-87.29,Fair
862.69,2801.13,43.31,5.34,2.34,45.57,1.86,2.0,61.7,Rural,Clear,-51.85,Excellent
683.3,2618.53,40.79,13.02,2.48,49.12,2.37,5.0,35.4,Dense Urban,Clear,-131.42,Poor
5777.08,14.35,21.12,9.15,2.8,45.76,2.26,6.0,60.1,Urban,Clear,-73.75,Good
5829.93,32.46,22.09,6.43,4.41,15.48,1.89,3.0,39.3,Urban,Clear,-81.4,Good
5785.59,117.01,31.03,10.32,1.03,48.15,1.64,3.0,40.1,Indoor,Clear,-120.97,Poor
5023.76,83.29,29.25,14.44,0.34,22.96,2.17,5.0,43.1,Suburban,Clear,-72.18,Good
2606.55,262.12,21.11,3.59,3.32,11.19,2.18,7.0,70.6,Urban,Rain,-127.63,Poor
2412.9,52.4,38.95,3.14,2.55,24.57,1.87,2.0,82.7,Indoor,Rain,-93.47,Fair
5803.66,1420.1,31.75,16.59,2.96,22.29,1.38,4.0,66.7,Indoor,Fog,-169.04,Poor
2380.85,,44.54,17.41,4.44,37.04,1.62,3.0,44.5,Urban,Clear,-20.43,Excellent
2620.82,1368.58,43.61,10.46,4.53,49.35,1.82,3.0,65.2,Urban,Clear,-107.04,Poor
919.68,115.26,20.6,4.3,1.89,39.08,2.43,1.0,70.4,Rural,Fog,-44.21,Excellent
3490.98,10.32,30.97,3.26,3.44,37.11,2.21,2.0,53.0,Rural,Clear,-26.57,Excellent
5015.83,1932.86,44.56,4.5,2.46,16.78,2.21,6.0,36.2,Dense Urban,Clear,-156.34,Poor
2602.58,160.61,20.77,6.52,2.78,38.78,1.47,1.0,90.3,Suburban,Clear,-80.43,Good
2124.54,903.68,48.33,12.94,4.07,20.88,1.4,4.0,49.0,Indoor,Clear,-135.98,Poor
868.17,2349.13,27.26,3.76,1.4,21.15,2.46,7.0,53.8,Urban,Rain,-144.19,Poor
672.46,12.38,43.84,4.19,0.46,27.32,1.57,4.0,43.2,Suburban,Clear,-25.64,Excellent
2622.76,51.0,37.72,13.41,3.41,45.73,2.05,0.0,89.4,Rural,Rain,-20.47,Excellent
2628.11,20.94,47.35,6.12,1.53,18.68,2.18,4.0,81.3,Urban,Clear,-47.36,Excellent
3514.53,18.39,22.31,5.46,1.49,45.69,1.88,6.0,62.4,Indoor,Rain,-100.71,Poor
5777.19,3566.62,44.67,11.32,0.63,29.85,1.3,5.0,75.4,Dense Urban,Clear,-166.53,Poor
2118.44,1493.51,39.26,3.26,4.76,12.76,1.64,9.0,52.3,Urban,Clear,-134.2,Poor
5008.85,96.47,44.22,12.07,4.17,36.94,2.41,0.0,75.7,Rural,Rain,-30.52,Excellent
3490.33,716.12,42.72,2.31,3.65,36.85,1.93,8.0,55.0,Urban,Clear,-118.89,Poor
923.04,3030.79,35.64,5.73,2.72,48.63,2.44,0.0,60.0,Rural,Rain,-58.17,Excellent
5003.93,39.44,30.29,9.21,0.15,22.79,1.41,6.0,42.3,Urban,Clear,-83.92,Good
721.18,10.92,43.43,12.1,4.86,13.95,1.29,1.0,16.3,Rural,Rain,5.34,Excellent
2410.21,1675.88,37.51,5.26,0.98,27.75,2.06,2.0,41.0,Rural,Clear,-65.59,Excellent
5787.31,892.36,45.06,16.07,3.58,21.26,1.56,2.0,55.4,Indoor,Storm,-145.58,Poor
2628.5,27.07,43.91,16.7,2.74,31.89,1.94,8.0,40.8,Dense Urban,Clear,-65.35,Excellent
5804.26,209.67,36.39,9.69,1.41,32.74,1.68,4.0,98.0,Indoor,Clear,-127.67,Poor
701.01,27.1,38.82,6.36,,23.71,1.52,2.0,73.1,Suburban,Storm,-31.28,Excellent
2394.21,423.09,25.57,3.77,2.88,48.13,1.31,4.0,62.1,Urban,Fog,-116.37,Poor
3478.18,559.46,41.78,17.02,3.51,16.95,1.92,3.0,57.0,Suburban,Rain,-73.67,Good
2611.17,55.82,23.09,4.14,3.73,18.68,1.27,5.0,60.8,Suburban,Rain,-78.43,Good
4995.85,1280.73,38.46,6.78,0.17,25.41,2.13,7.0,77.9,Urban,Clear,-135.78,Poor
2126.08,189.77,43.41,7.26,4.36,31.57,1.54,7.0,55.4,Indoor,Clear,-120.04,Poor
2627.91,806.19,27.97,6.29,3.6,31.44,1.38,2.0,43.4,Suburban,Rain,-97.12,Fair
2116.06,533.13,47.3,2.03,3.91,38.23,2.28,4.0,46.1,Suburban,Storm,-78.71,Good
4984.55,164.66,19.09,5.31,1.74,13.47,2.37,2.0,31.6,Rural,Clear,-72.68,Good
862.96,61.66,23.3,13.98,3.47,47.76,1.36,2.0,37.6,Rural,Fog,-28.26,Excellent
871.23,35.6,21.51,5.29,3.06,12.2,2.44,6.0,71.5,Urban,Fog,-81.97,Good
719.58,1031.05,47.19,14.23,1.69,35.49,1.81,9.0,70.2,Urban,Clear,-101.59,Poor
3499.62,540.24,36.37,8.65,0.84,31.02,1.36,11.0,71.6,Dense Urban,Clear,-142.82,Poor
926.2,57.31,24.35,3.3,2.91,19.92,1.68,2.0,32.3,Suburban,Clear,-59.1,Excellent
1792.67,4075.41,45.68,15.23,3.85,,1.91,4.0,75.7,Urban,Clear,-118.62,Poor
4985.79,1538.44,29.28,12.16,1.72,29.63,1.54,2.0,47.2,Rural,Rain,-76.46,Good
1829.7,21.99,23.62,11.79,4.34,12.17,2.22,0.0,47.5,Rural,Fog,-27.96,Excellent
851.84,27.46,44.39,4.4,4.34,24.44,1.35,9.0,36.2,Dense Urban,Clear,-69.34,Excellent
721.79,294.01,22.7,11.97,3.81,26.66,2.35,0.0,27.4,Rural,Clear,-40.33,Excellent
924.66,18.89,46.28,14.74,0.64,29.68,1.74,6.0,35.2,Dense Urban,Fog,-45.79,Excellent
5801.11,4006.08,19.15,17.94,2.57,29.3,2.47,13.0,37.3,Dense Urban,Clear,-199.17,Poor
2397.34,527.24,36.4,12.73,4.91,48.97,1.78,5.0,45.6,Indoor,Clear,-133.24,Poor
5803.17,15.09,37.03,8.91,1.3,45.3,1.22,2.0,73.0,Rural,Clear,-24.3,Excellent
920.86,157.38,47.49,15.1,0.18,38.06,1.71,11.0,72.1,Dense Urban,Rain,-96.83,Fair
1827.88,39.73,44.66,,2.59,49.07,1.71,5.0,71.7,Suburban,Clear,-44.65,Excellent
839.7,210.72,45.45,8.71,1.33,23.15,1.67,2.0,45.1,Rural,Rain,-30.28,Excellent
1814.32,46.42,45.93,13.72,3.7,22.12,2.18,9.0,44.5,Urban,Clear,-60.17,Excellent
2387.12,1757.89,48.31,7.75,4.71,28.58,1.96,1.0,75.6,Rural,Clear,-46.31,Excellent
5006.66,883.54,38.5,2.94,2.16,37.25,2.38,3.0,24.8,Urban,Clear,-120.04,Poor
1818.29,2797.87,48.39,3.78,3.99,38.25,2.01,8.0,13.6,Dense Urban,Clear,-150.23,Poor
3523.19,34.22,43.05,4.68,3.58,36.1,1.96,4.0,29.7,Indoor,Clear,-81.38,Good
2596.92,109.69,32.15,15.3,3.36,17.7,1.55,2.0,60.7,Rural,Rain,-37.77,Excellent
892.19,1492.55,47.9,13.53,0.16,18.72,2.06,2.0,53.9,Rural,Fog,-41.67,Excellent
5785.21,102.09,21.05,14.22,3.63,22.52,2.11,5.0,29.6,Urban,Clear,-98.02,Fair
2078.01,105.47,21.17,16.55,3.89,27.38,1.26,4.0,58.0,Urban,Clear,-84.25,Good
841.9,4584.46,19.11,6.84,0.37,24.55,1.27,12.0,67.6,Dense Urban,Clear,-197.92,Poor
5822.32,1203.75,39.74,13.89,4.54,36.68,1.47,2.0,98.0,Rural,Clear,-55.64,Excellent
5795.13,2105.33,19.63,7.83,2.31,36.71,1.96,5.0,81.6,Urban,Clear,-156.31,Poor
689.04,125.43,23.84,14.57,3.86,22.75,2.03,8.0,60.6,Urban,Fog,-88.13,Fair
5814.35,381.4,24.02,13.13,3.49,39.81,1.66,2.0,73.2,Suburban,Clear,-88.49,Fair
5782.94,164.45,20.94,17.84,4.0,24.7,1.52,4.0,98.0,Suburban,Rain,-86.13,Fair
4985.38,164.18,19.92,14.11,0.11,11.38,1.41,2.0,37.8,Indoor,Clear,-138.85,Poor
926.15,22.11,23.31,2.09,,36.13,1.59,7.0,27.1,Dense Urban,Rain,-84.02,Good
2574.9,1874.53,22.83,13.2,1.59,41.54,1.79,1.0,78.2,Suburban,Clear,-104.25,Poor
2394.88,113.26,42.94,3.63,1.88,37.12,1.98,2.0,51.4,Rural,Rain,-36.6,Excellent
2604.61,371.81,39.24,10.74,0.68,17.53,2.33,10.0,34.0,Dense Urban,Rain,-134.91,Poor
2583.82,2056.89,21.76,4.52,2.86,27.22,2.02,1.0,53.0,Suburban,Clear,-111.63,Poor
2586.86,1223.47,18.1,9.92,3.61,42.0,1.91,0.0,37.9,Rural,Clear,-71.71,Good
2383.31,34.28,36.12,14.68,1.22,12.94,1.65,3.0,33.1,Urban,Clear,-58.33,Excellent
2590.71,467.03,24.12,6.63,0.78,47.76,1.76,5.0,68.5,Urban,Rain,-123.28,Poor
2423.91,217.75,44.26,4.44,4.76,11.6,2.04,1.0,43.3,Suburban,Clear,-62.78,Excellent
695.9,50.37,23.91,7.03,1.21,17.48,2.03,4.0,25.1,Indoor,Clear,-101.35,Poor
695.07,12.89,47.37,4.78,1.64,34.53,1.47,13.0,55.9,Dense Urban,Storm,-60.73,Excellent
5793.19,500.94,20.38,4.94,4.41,28.94,2.25,1.0,47.3,Suburban,Rain,-104.63,Poor
5827.85,1272.93,,13.16,2.09,34.02,2.28,2.0,63.3,Indoor,Clear,-148.04,Poor
2377.04,3480.73,41.58,13.27,1.66,28.12,2.48,3.0,50.5,Suburban,Clear,-96.12,Fair
872.31,90.8,41.11,10.47,0.35,43.33,2.36,5.0,43.7,Suburban,Clear,-48.81,Excellent
3489.63,119.53,45.66,6.04,3.94,48.61,1.33,2.0,80.2,Rural,Rain,-32.01,Excellent
877.39,27.54,31.18,10.47,3.68,40.83,1.77,,32.5,Urban,Rain,-59.01,Excellent
1788.91,4544.11,43.36,17.18,1.36,33.8,1.27,7.0,77.3,Urban,Clear,-129.52,Poor
1774.97,1963.4,37.03,8.14,3.05,25.18,2.2,4.0,56.0,Suburban,Clear,-98.64,Fair
701.2,3841.88,41.42,8.78,0.29,35.3,2.33,1.0,75.0,Suburban,Clear,-88.16,Fair
4983.67,217.23,40.87,9.91,1.16,41.75,1.84,5.0,55.6,Urban,Clear,-93.36,Fair
2415.18,36.83,44.76,4.85,4.05,41.5,1.44,1.0,61.6,Rural,Rain,-18.82,Excellent
1809.44,352.38,23.18,5.92,4.74,10.33,1.8,6.0,62.5,Urban,Clear,-118.55,Poor
2411.19,100.99,44.5,13.06,3.86,37.99,1.37,3.0,83.6,Indoor,Clear,-88.98,Fair
681.61,86.87,20.06,4.59,3.6,18.1,1.32,6.0,62.1,Dense Urban,Clear,-107.92,Poor
2112.52,16.68,18.79,11.67,,31.32,1.36,3.0,29.9,Urban,Clear,-58.53,Excellent
2388.68,15.76,44.21,8.17,0.37,39.82,1.33,4.0,59.7,Indoor,Rain,-67.84,Excellent
1829.92,105.28,20.99,6.9,2.78,48.31,2.36,6.0,76.9,Indoor,Fog,-123.31,Poor
5013.91,3160.69,22.61,10.8,3.37,11.44,1.24,8.0,78.6,Dense Urban,Fog,-191.38,Poor
905.42,894.17,37.42,5.61,3.82,,1.57,2.0,47.6,Rural,Clear,-52.49,Excellent
872.03,1129.08,36.62,6.95,3.56,12.46,1.47,1.0,43.4,Rural,Clear,-53.23,Excellent
2405.36,42.89,34.88,10.39,1.65,40.84,1.78,7.0,32.2,Dense Urban,Clear,-86.52,Fair
5003.16,960.45,28.27,12.52,2.9,16.89,1.53,4.0,72.5,Urban,Clear,-129.29,Poor
1784.24,124.92,42.92,15.38,4.04,14.97,1.53,4.0,70.7,Urban,Clear,-68.69,Excellent
710.69,14.46,22.84,15.19,2.48,13.86,2.36,4.0,85.0,Urban,Fog,-47.02,Excellent
5792.48,116.3,20.35,9.96,2.06,38.41,2.06,0.0,42.8,Rural,Rain,-59.24,Excellent
2072.58,22.61,30.52,3.19,0.45,13.61,1.59,2.0,59.4,Rural,Rain,-39.51,Excellent
868.96,2014.23,46.58,5.01,2.74,27.93,1.62,4.0,52.0,Suburban,Clear,-84.69,Good
2573.11,1853.23,46.55,2.01,3.54,16.41,1.68,6.0,44.5,Urban,Clear,-126.83,Poor
1810.34,59.69,36.34,4.97,1.77,35.25,1.71,9.0,54.2,Urban,Fog,-82.52,Good
5779.4,448.29,48.35,2.49,3.76,15.77,1.44,1.0,32.2,Rural,Clear,-52.48,Excellent
895.95,95.89,45.4,13.44,4.97,19.32,1.65,4.0,69.9,Suburban,Clear,-35.83,Excellent
2421.55,26.08,18.94,10.74,1.04,44.28,2.34,1.0,74.8,Rural,Clear,-34.17,Excellent
2375.67,565.89,36.88,2.57,3.11,10.67,2.14,5.0,68.9,Suburban,Clear,-96.65,Fair
910.03,1125.91,45.87,11.88,1.68,11.39,1.25,9.0,55.2,Urban,Clear,-114.44,Poor
2106.76,1232.97,23.84,15.03,1.21,39.36,2.25,5.0,72.6,Urban,Clear,-129.86,Poor
872.05,25.28,16.51,2.46,2.79,18.47,1.73,11.0,47.5,Dense Urban,Clear,-105.2,Poor
2580.36,241.79,30.22,4.03,1.92,19.28,2.14,0.0,27.4,Rural,Clear,-52.8,Excellent
3517.99,11.6,45.1,9.54,3.1,10.31,1.71,3.0,49.1,Suburban,Fog,-27.69,Excellent
5797.01,17.51,21.91,2.68,3.31,30.43,2.21,7.0,43.4,Urban,Storm,-94.63,Fair
1795.72,16.55,35.06,2.34,2.06,25.84,2.06,7.0,98.0,Dense Urban,Clear,-72.56,Good
891.71,14.27,22.45,11.32,0.07,43.33,2.07,3.0,71.0,Indoor,Clear,-65.4,Excellent
2393.13,79.59,42.23,11.0,4.56,14.15,2.35,8.0,55.6,Urban,Clear,-76.63,Good
2601.2,92.34,45.36,14.91,4.81,49.93,2.27,6.0,78.5,Indoor,Clear,-94.01,Fair
5776.41,764.77,17.54,3.25,1.37,12.22,1.84,5.0,68.6,Urban,Clear,-151.5,Poor
695.5,77.68,30.15,16.36,4.31,18.82,2.06,7.0,57.2,Dense Urban,Storm,-86.37,Fair
909.12,23.93,35.81,2.3,4.56,15.6,1.69,5.0,52.5,Suburban,Clear,-44.04,Excellent
899.89,3594.09,20.55,6.82,1.1,41.07,2.06,3.0,38.9,Suburban,Clear,-114.4,Poor
879.95,2306.13,36.18,2.78,2.42,21.35,1.55,5.0,62.9,Dense Urban,Clear,-152.69,Poor
2091.78,21.64,28.84,5.91,0.4,10.93,1.94,5.0,73.8,Urban,Fog,-74.51,Good
4996.58,95.31,20.06,15.04,2.22,31.22,2.26,7.0,29.0,Urban,Rain,-103.81,Poor
710.13,28.42,36.16,4.0,1.53,19.55,1.86,11.0,64.9,Dense Urban,Clear,-85.62,Fair
5024.05,3878.05,17.83,5.23,0.82,34.78,2.09,8.0,63.7,Urban,Clear,-175.8,Poor
2603.02,91.36,21.67,11.78,2.78,27.87,1.57,5.0,39.5,Suburban,Fog,-75.31,Good
2610.58,18.4,17.41,2.35,0.64,13.43,2.27,0.0,55.4,Rural,Clear,-46.34,Excellent
2574.63,915.65,21.71,11.64,1.77,46.01,1.81,0.0,26.1,Rural,Storm,-68.83,Excellent
877.27,833.5,31.95,16.31,4.32,19.07,1.72,5.0,59.4,Dense Urban,Rain,-122.41,Poor
3488.91,44.72,48.13,3.11,3.4,10.32,1.24,9.0,64.7,Urban,Storm,-87.08,Fair
891.26,73.73,22.12,2.09,4.03,33.3,1.33,2.0,69.4,Suburban,Clear,-63.79,Excellent
2383.37,131.86,24.95,8.5,1.17,43.1,1.36,1.0,63.5,Rural,Storm,-53.64,Excellent
2575.08,52.79,43.61,15.58,2.81,29.71,1.83,2.0,76.7,Rural,Clear,-17.4,Excellent
2617.4,60.21,44.77,16.96,1.47,43.98,1.3,8.0,41.7,Urban,Clear,-62.8,Excellent
1784.43,1457.03,22.06,14.82,2.26,12.95,2.01,0.0,69.5,Rural,Clear,-66.77,Excellent
1786.96,1069.6,19.74,12.39,3.04,21.41,1.4,4.0,48.2,Urban,Rain,-129.95,Poor
2080.91,740.26,43.15,8.82,1.9,35.67,2.01,1.0,39.0,Suburban,Clear,-69.21,Excellent
728.49,713.81,37.54,14.62,2.65,40.93,1.87,5.0,44.5,Urban,Clear,-96.18,Fair
3516.86,256.18,46.0,14.11,2.94,13.14,1.57,8.0,32.5,Dense Urban,Clear,-112.9,Poor
725.79,88.54,36.48,4.94,0.64,34.48,1.8,7.0,61.8,,Clear,-105.67,Poor
2121.7,880.5,48.03,13.45,0.11,40.78,1.8,7.0,32.8,Indoor,Clear,-143.92,Poor
2624.38,20.61,19.83,14.68,0.45,15.06,1.37,6.0,72.5,Urban,Clear,-74.1,Good
698.74,24.03,19.74,16.41,4.41,15.9,1.8,6.0,62.8,Dense Urban,Clear,-70.13,Good
5780.23,21.92,36.67,13.67,4.93,30.3,2.03,3.0,64.6,Urban,Clear,-53.01,Excellent
1789.61,949.69,42.83,13.72,0.73,27.3,2.1,5.0,50.6,Urban,Clear,-108.84,Poor
687.55,394.96,27.96,16.43,1.76,27.01,2.36,5.0,13.4,Urban,Clear,-95.91,Fair
2613.03,164.05,28.5,5.11,1.67,44.7,2.14,5.0,48.4,Dense Urban,Clear,-116.61,Poor
2371.54,192.9,33.67,10.8,2.97,12.62,1.89,7.0,56.8,Indoor,Clear,-133.52,Poor
2578.52,1712.21,17.52,16.3,1.54,39.43,1.59,1.0,46.2,Suburban,Clear,-102.33,Poor
3510.97,21.3,46.41,12.11,4.78,42.72,1.81,0.0,71.5,Rural,Rain,-6.12,Excellent
2077.41,108.23,46.51,16.9,0.91,25.38,2.47,3.0,48.6,Suburban,Clear,-42.31,Excellent
4972.9,1126.33,47.52,2.81,2.4,37.71,2.43,10.0,66.7,Dense Urban,Clear,-154.78,Poor
1776.55,596.33,37.55,5.42,1.1,33.48,2.16,6.0,40.4,Urban,Storm,-118.26,Poor
2411.44,149.43,25.84,5.54,2.01,20.6,1.24,7.0,73.7,Urban,Clear,-106.94,Poor
828.36,40.32,30.36,3.26,1.0,30.48,1.28,9.0,79.6,Dense Urban,Fog,-93.04,Fair
2578.78,3584.4,45.02,11.96,0.44,12.31,2.47,2.0,42.0,Suburban,Rain,-99.48,Fair
883.82,126.17,24.56,8.42,4.51,42.39,2.25,9.0,74.3,Urban,Rain,-95.82,Fair
2615.05,2340.19,22.31,5.88,2.91,12.24,1.83,1.0,60.3,Rural,Rain,-88.9,Fair
4982.02,1257.02,46.04,13.64,3.36,21.65,1.72,3.0,35.8,Urban,Clear,-107.15,Poor
4972.12,2114.68,20.6,12.82,2.02,26.38,1.44,1.0,58.3,Rural,,-88.96,Fair
5824.35,11.11,36.45,2.63,0.79,29.98,1.87,1.0,64.3,Suburban,Clear,-42.36,Excellent
872.58,194.3,20.24,9.03,4.85,31.32,2.05,9.0,20.8,,Rain,-112.39,Poor
831.09,50.14,20.32,13.52,1.7,34.14,1.37,6.0,41.2,Indoor,Clear,-101.0,Poor
5785.92,54.9,33.88,3.65,3.7,46.67,1.82,4.0,60.4,Suburban,Storm,-73.56,Good
1781.31,53.49,22.79,14.72,4.52,29.1,1.66,4.0,29.7,Urban,Clear,-73.24,Good
713.17,112.39,44.33,11.86,2.8,36.1,2.35,7.0,23.1,Indoor,Clear,-90.55,Fair
885.0,128.37,40.97,13.49,2.05,13.57,2.12,1.0,75.8,Suburban,Rain,-44.41,Excellent
5025.89,514.35,35.52,6.01,1.28,43.66,2.37,2.0,95.2,Indoor,Storm,-152.23,Poor
1819.66,64.67,24.73,13.96,0.25,23.52,1.66,9.0,68.3,Urban,Clear,-89.47,Fair
705.3,54.48,48.01,4.78,0.36,33.64,1.41,3.0,52.1,Suburban,Clear,-31.46,Excellent
3470.54,94.03,29.07,15.77,3.35,49.23,2.28,6.0,44.9,Urban,Clear,-81.25,Good
873.02,712.66,43.26,5.3,4.6,40.3,1.75,9.0,73.3,Dense Urban,Storm,-129.45,Poor
1813.67,10.01,22.88,6.29,3.79,26.21,1.94,9.0,45.5,Urban,Clear,-68.11,Excellent
717.27,1037.38,21.77,12.73,1.54,28.06,2.14,9.0,83.2,Dense Urban,Clear,-149.97,Poor
2574.31,82.2,42.2,7.34,0.57,15.83,2.01,1.0,63.1,Suburban,Storm,-56.24,Excellent
2112.51,359.13,22.43,6.94,1.02,35.25,2.24,3.0,70.1,Suburban,Clear,-90.17,Fair
5018.28,1135.86,39.01,3.0,4.29,32.11,1.43,9.0,67.6,Dense Urban,Clear,-161.62,Poor
1827.4,239.18,35.5,15.12,1.25,33.71,1.31,5.0,41.7,Suburban,Clear,-66.09,Excellent
904.83,558.01,19.25,9.35,2.72,20.7,1.64,4.0,79.4,Urban,Clear,-116.41,Poor
850.48,3040.13,23.2,8.29,4.97,38.42,1.88,6.0,66.3,Indoor,Fog,-184.82,Poor
895.52,12.04,25.29,5.93,4.99,21.94,2.18,7.0,30.1,Indoor,Fog,-74.43,Good
2112.08,87.77,18.21,10.88,1.08,27.88,2.23,8.0,33.4,Urban,Clear,-104.28,Poor
725.25,3173.6,44.93,10.95,4.79,15.97,1.94,3.0,11.6,Urban,Clear,-110.29,Poor
2105.99,1820.53,20.89,2.04,1.54,38.6,2.2,3.0,53.4,Suburban,Clear,-116.54,Poor
4983.64,462.17,44.12,3.37,4.16,17.03,1.94,6.0,51.8,Urban,Clear,-114.18,Poor
3471.05,41.58,30.32,11.81,1.18,33.49,1.52,10.0,74.2,Dense Urban,Clear,-97.6,Fair
2607.15,78.0,22.82,6.54,0.2,43.02,2.17,2.0,89.7,Rural,Clear,-50.65,Excellent
5021.88,2068.23,37.19,17.74,4.02,33.6,1.98,2.0,66.5,Rural,Storm,-68.6,Excellent
3473.96,766.68,43.74,5.98,2.28,34.2,1.94,4.0,19.4,Suburban,Fog,-88.68,Fair
2593.85,59.01,37.15,4.43,4.93,45.19,2.25,8.0,67.7,Urban,Clear,-77.81,Good
5026.4,22.75,22.22,2.71,1.77,49.89,1.25,2.0,45.3,Rural,Clear,-46.82,Excellent
850.1,1280.19,41.02,12.98,1.83,17.8,1.5,1.0,58.9,Suburban,Clear,-72.08,Good
4983.24,359.1,41.82,6.65,2.83,29.05,2.09,1.0,83.6,Rural,Clear,-52.32,Excellent
891.22,3983.74,45.4,6.38,3.98,24.5,1.48,5.0,39.8,Indoor,Clear,-170.8,Poor
3494.49,125.06,22.5,3.77,0.1,12.79,1.45,6.0,27.5,Urban,Rain,-118.07,Poor
5777.04,87.5,48.76,2.84,3.17,24.67,2.44,7.0,54.6,Urban,Clear,-86.8,Fair
2109.65,60.92,28.6,5.69,1.21,37.98,2.41,2.0,25.1,Rural,Clear,-42.67,Excellent
705.53,199.79,28.3,8.35,1.12,44.06,1.81,0.0,53.6,Rural,Rain,-35.13,Excellent
1808.86,74.31,38.16,12.59,0.44,42.89,1.33,3.0,56.5,Suburban,Fog,-47.64,Excellent
2106.65,15.76,36.03,3.62,0.04,10.81,2.22,1.0,20.6,Rural,Clear,-28.59,Excellent
5771.0,69.57,24.18,7.86,1.52,25.8,2.22,0.0,42.1,Rural,Rain,-55.32,Excellent
5780.47,38.97,22.7,17.88,3.23,47.94,1.67,5.0,75.2,Suburban,Clear,-60.89,Excellent
2379.93,1587.45,37.69,12.9,2.14,32.13,2.18,7.0,83.8,Indoor,Clear,-163.37,Poor
5775.88,43.24,43.65,17.99,0.58,49.21,1.32,3.0,80.6,Indoor,Clear,-82.13,Good
2114.13,173.17,23.68,3.27,2.46,23.77,1.79,8.0,78.0,Urban,Clear,-117.01,Poor
2077.21,654.18,37.33,,4.11,25.99,1.26,5.0,60.4,Urban,Clear,-106.73,Poor
5010.09,25.28,22.62,5.68,4.18,28.22,2.35,5.0,23.2,Suburban,Rain,-71.46,Good
2580.7,271.59,21.15,17.06,2.91,44.12,,7.0,70.9,Indoor,Rain,-143.35,Poor
2377.1,1934.34,43.33,16.48,2.76,21.6,1.42,2.0,51.1,Suburban,Clear,-82.64,Good
2079.75,377.07,44.09,11.1,1.83,27.49,1.39,4.0,10.0,Suburban,Rain,-71.18,Good
3500.5,200.42,29.2,6.91,2.44,41.42,1.34,7.0,62.1,Urban,Clear,-107.18,Poor
3508.73,1837.0,29.23,10.72,3.86,23.23,1.34,13.0,52.6,Dense Urban,Clear,-178.14,Poor
2118.72,3602.5,31.19,15.94,2.16,26.31,1.82,2.0,56.8,Rural,Clear,-68.52,Excellent
677.71,1643.67,48.57,11.18,4.2,45.22,1.42,5.0,39.0,Suburban,Rain,-70.97,Good
856.97,126.56,47.41,14.24,3.07,24.09,2.19,2.0,38.5,Rural,Clear,-13.6,Excellent
866.43,447.65,20.34,13.0,2.04,31.89,1.86,0.0,58.7,Rural,Rain,-49.83,Excellent
2088.74,263.87,42.64,3.56,4.61,12.71,2.33,12.0,49.8,Dense Urban,Clear,-131.05,Poor
2574.78,65.86,29.96,14.13,4.44,48.03,2.27,4.0,49.7,Urban,Rain,-72.02,Good
4979.36,149.59,35.01,5.34,1.99,36.48,2.16,7.0,35.6,Urban,Fog,-104.66,Poor
875.49,1730.48,45.77,15.93,3.71,48.51,1.42,1.0,30.8,Suburban,Clear,-63.17,Excellent
3523.23,64.71,31.68,6.95,4.65,42.48,1.8,7.0,40.7,Indoor,Clear,-114.61,Poor
2592.6,2517.03,30.06,11.03,2.94,40.54,2.39,3.0,70.5,Indoor,Rain,-173.2,Poor
701.4,4740.65,36.06,6.57,4.69,15.4,2.19,4.0,68.6,Suburban,Clear,-102.63,Poor
1816.12,67.29,21.92,2.14,0.4,29.46,1.91,2.0,20.2,Rural,Rain,-54.77,Excellent
1792.29,21.44,22.95,14.48,4.69,10.61,1.91,1.0,55.0,Suburban,Clear,-40.04,Excellent
5008.95,3831.64,35.15,13.44,3.41,32.46,1.65,7.0,42.9,Urban,Clear,-142.07,Poor
5774.6,28.95,21.64,16.78,0.79,48.28,2.3,,95.2,Dense Urban,Clear,-101.34,Poor
4998.85,1208.25,39.3,11.16,0.6,25.45,2.37,1.0,39.9,Rural,Clear,-59.73,Excellent
2375.79,12.75,21.45,5.01,3.65,23.92,2.09,5.0,36.4,Indoor,Clear,-87.73,Fair
2084.9,43.23,18.8,4.73,1.25,21.44,2.5,5.0,38.0,Suburban,Storm,-82.56,Good
1787.6,50.37,20.44,8.23,0.17,33.01,2.22,4.0,80.7,Indoor,Clear,-109.14,Poor
3513.06,63.42,22.34,7.29,1.01,46.18,2.27,3.0,19.4,Urban,Clear,-90.77,Fair
710.45,3028.12,20.13,8.53,0.53,33.55,1.85,7.0,33.1,Urban,Storm,-154.84,Poor
914.82,29.73,24.29,5.6,0.85,40.16,1.81,1.0,56.4,Rural,Clear,-29.61,Excellent
823.71,29.42,27.68,17.82,2.65,24.73,1.68,5.0,64.6,Urban,Clear,-53.46,Excellent
2129.63,735.88,24.13,3.37,2.67,24.81,1.84,5.0,66.1,Urban,Clear,-133.97,Poor
873.27,3717.71,36.13,13.83,2.24,19.48,1.98,7.0,10.0,Urban,Clear,-134.45,Poor
869.54,112.37,29.57,11.08,3.73,13.87,1.9,2.0,39.9,Indoor,Clear,-100.41,Poor
1814.42,1220.82,22.88,10.89,0.08,43.42,1.46,2.0,64.5,Suburban,Rain,-101.73,Poor
,12.13,27.9,11.81,4.45,39.08,1.77,12.0,38.3,Dense Urban,Clear,-82.98,Good
2396.33,1675.42,20.89,16.46,4.95,15.26,1.85,7.0,30.9,Urban,Clear,-139.03,Poor
5015.43,896.24,44.69,12.8,4.72,31.51,1.9,7.0,68.9,Indoor,Clear,-150.05,Poor
5814.39,2629.9,28.97,6.33,1.33,35.01,1.27,1.0,78.4,Suburban,Clear,-113.05,Poor
5778.23,525.38,36.0,6.31,4.39,44.6,2.15,6.0,44.1,Indoor,Rain,-158.88,Poor
1817.56,3472.48,19.45,15.25,3.71,15.64,2.46,5.0,48.9,Suburban,Clear,-119.5,Poor
4974.71,112.78,28.97,9.65,2.42,14.53,1.44,3.0,36.3,Urban,Clear,-97.82,Fair
5800.03,948.59,43.1,13.28,4.94,20.3,2.33,8.0,70.1,Urban,Clear,-118.58,Poor
5808.7,908.4,24.34,8.01,1.14,19.55,1.47,5.0,91.3,Urban,Fog,-143.05,Poor
1819.3,53.08,45.46,13.81,2.92,15.89,1.27,2.0,56.8,Suburban,Clear,-32.92,Excellent
897.79,3052.23,31.39,8.79,1.07,45.09,2.17,3.0,52.2,Indoor,Clear,-167.39,Poor
2384.21,1267.58,22.1,9.89,1.28,49.74,2.32,6.0,53.0,Dense Urban,Rain,-160.94,Poor
5799.44,2179.0,23.65,16.85,4.16,36.2,2.3,13.0,57.4,Dense Urban,Clear,-181.59,Poor
5785.01,95.2,30.79,9.92,3.18,40.29,1.31,11.0,10.0,Dense Urban,Fog,-122.52,Poor
2401.72,1864.32,45.11,5.6,3.57,30.98,1.21,3.0,21.3,Suburban,Rain,-92.14,Fair
847.75,70.81,26.07,10.5,1.79,34.98,2.35,1.0,82.5,Rural,Fog,-29.73,Excellent
2116.83,4007.65,23.88,2.14,4.62,44.03,1.54,0.0,91.3,Rural,Clear,-81.43,Good
3484.41,11.6,31.19,6.46,2.28,45.44,1.48,8.0,46.8,Urban,Clear,-62.39,Excellent
2382.0,469.0,46.36,11.67,1.64,23.04,2.3,4.0,38.9,Urban,Clear,-91.38,Fair
1798.45,20.09,47.36,3.14,0.93,41.9,1.58,4.0,78.1,Suburban,Rain,-31.84,Excellent
1773.03,870.64,36.18,9.29,1.32,10.64,1.84,0.0,73.6,Rural,Clear,-54.87,Excellent
683.76,95.85,46.78,11.58,3.94,14.87,2.4,4.0,73.4,Suburban,Clear,-39.68,Excellent
891.22,2237.86,45.21,5.62,1.67,21.73,2.1,4.0,30.2,Suburban,Rain,-90.08,Fair
2599.26,2266.72,31.0,5.49,1.61,29.73,1.77,6.0,23.3,Urban,Clear,-139.59,Poor
886.17,98.51,48.01,12.7,1.94,19.3,1.85,6.0,25.3,Urban,Rain,-64.03,Excellent
5803.64,,22.02,17.59,1.64,44.83,1.63,13.0,44.9,Dense Urban,Fog,-177.67,Poor
722.7,689.24,41.17,6.92,2.61,31.67,2.31,12.0,44.3,Dense Urban,Clear,-138.35,Poor
2402.62,141.67,38.08,5.32,4.89,26.54,1.92,13.0,62.2,Dense Urban,Rain,-124.94,Poor
2087.21,84.41,36.05,17.74,4.74,41.76,2.27,1.0,77.7,Rural,Clear,-19.37,Excellent
4973.72,36.95,44.34,15.35,4.67,38.22,2.5,6.0,,Urban,Rain,-58.1,Excellent
4978.2,14.81,22.57,16.98,3.02,40.15,1.81,4.0,71.5,Indoor,Clear,-77.12,Good
2403.67,249.08,25.63,2.74,4.92,22.95,1.23,4.0,77.4,Indoor,Rain,-143.03,Poor
2611.02,286.78,36.18,16.94,1.83,22.55,2.36,1.0,98.0,Rural,Clear,-38.52,Excellent
2572.98,157.9,40.36,15.41,0.99,22.0,1.51,2.0,58.4,Suburban,Rain,-55.95,Excellent
2381.13,3678.18,17.83,6.79,4.53,41.62,1.53,5.0,54.9,Suburban,Clear,-127.39,Poor
839.14,10.89,30.72,11.99,4.09,25.27,1.64,1.0,50.3,Rural,Storm,-11.01,Excellent
2089.19,1972.18,28.86,4.75,1.95,14.91,2.46,7.0,58.1,Urban,Clear,-146.0,Poor
927.5,1450.08,39.94,8.68,1.2,30.06,2.04,4.0,98.0,Suburban,Rain,-86.8,Fair
2082.23,1116.48,43.89,11.64,1.85,18.43,2.16,9.0,71.2,Dense Urban,Clear,-141.17,Poor
2573.75,261.05,20.25,3.77,2.16,33.08,1.38,8.0,58.9,Urban,Clear,-126.6,Poor
891.18,32.64,38.17,17.46,4.17,31.0,1.69,4.0,21.4,Suburban,Rain,-26.39,Excellent
878.07,2132.48,42.33,16.87,1.95,20.86,1.51,2.0,62.9,Rural,Rain,-47.92,Excellent
4977.59,1022.44,23.97,15.88,2.41,47.03,1.22,0.0,34.0,Rural,Rain,-65.41,Excellent
1794.45,1769.13,47.37,4.06,0.92,27.61,2.05,5.0,82.1,Suburban,Clear,-93.11,Fair
838.38,43.29,44.82,12.71,3.66,31.29,1.21,1.0,49.4,Suburban,Clear,-19.09,Excellent
3475.5,313.5,22.82,16.25,3.13,38.57,2.33,2.0,18.2,Rural,Rain,-58.27,Excellent
3506.26,132.64,19.1,4.2,0.74,35.51,2.05,7.0,27.6,Urban,Rain,-118.05,Poor
5000.1,532.66,37.81,12.36,1.41,11.6,1.89,8.0,41.2,Dense Urban,Clear,-140.71,Poor
3474.63,1074.65,45.08,5.27,1.55,29.72,1.78,5.0,53.3,Suburban,Rain,-97.7,Fair
5821.76,29.43,41.18,13.04,3.07,46.09,1.77,0.0,49.1,Rural,Clear,-16.34,Excellent
2387.08,29.49,43.08,12.36,0.11,45.56,1.61,3.0,46.2,Indoor,Rain,-75.43,Good
927.68,13.11,44.67,15.95,2.92,15.16,2.07,5.0,89.1,Suburban,Rain,-17.64,Excellent
5025.89,26.56,20.77,9.77,1.28,21.9,1.99,2.0,44.2,Suburban,Clear,-63.77,Excellent
896.05,44.49,21.51,14.14,4.55,21.0,1.61,1.0,41.3,Rural,Rain,-29.57,Excellent
883.71,15.69,21.38,5.07,4.11,46.64,2.44,9.0,55.4,Urban,Rain,-68.97,Excellent
5020.09,91.2,46.06,12.28,2.8,48.73,1.7,10.0,46.5,Dense Urban,Storm,-107.86,Poor
4991.68,664.13,45.1,16.03,1.49,27.55,2.14,4.0,58.5,Suburban,Rain,-80.5,Good
1779.81,1381.91,44.7,13.57,1.32,37.82,1.78,1.0,34.8,Suburban,Rain,-76.49,Good
3503.1,85.77,17.62,16.06,0.29,16.68,1.35,6.0,,Indoor,Clear,-129.5,Poor
5799.36,16.84,47.78,12.08,1.91,36.39,2.38,5.0,17.7,Urban,Clear,-43.7,Excellent
3521.0,1120.79,45.5,10.82,0.74,,2.24,9.0,36.3,Dense Urban,Rain,-152.42,Poor
713.76,113.71,40.44,16.64,3.14,13.13,1.43,2.0,45.8,Suburban,Clear,-37.86,Excellent
2622.57,47.71,31.85,7.17,4.31,25.75,1.76,5.0,44.6,Suburban,Rain,-64.69,Excellent
864.08,186.37,20.14,13.97,0.39,44.28,2.31,0.0,54.9,Rural,Clear,-40.12,Excellent
5008.53,4146.05,31.45,13.09,4.47,10.51,2.16,4.0,34.7,Suburban,Clear,-117.71,Poor
700.01,101.33,22.61,15.03,2.02,23.22,2.05,3.0,54.1,Urban,Rain,-74.5,Good
5829.25,3886.29,35.81,9.96,0.14,35.38,2.26,1.0,62.1,Suburban,Storm,-120.75,Poor
877.55,48.23,46.67,9.9,0.42,22.26,1.61,1.0,48.8,Suburban,Clear,-25.87,Excellent
2120.93,19.27,30.79,2.55,0.0,10.29,2.3,3.0,56.7,Urban,Clear,-68.39,Excellent
916.52,26.56,19.58,16.9,2.96,31.24,2.38,10.0,46.2,Dense Urban,Clear,-83.9,Good
5004.65,1225.78,31.97,8.2,1.35,14.93,1.28,5.0,52.1,Indoor,Storm,-183.08,Poor
1785.59,282.49,44.42,10.83,2.34,22.61,2.39,2.0,47.2,Rural,Clear,-33.73,Excellent
3522.53,372.04,37.85,5.17,3.65,45.97,2.45,2.0,98.0,Suburban,Fog,-78.55,Good
670.65,4090.87,18.34,11.86,2.1,33.73,1.7,4.0,54.6,Suburban,Clear,-112.86,Poor
2083.65,230.43,28.12,7.54,0.98,39.28,2.36,1.0,33.3,Suburban,Storm,-77.32,Good
5794.22,20.69,31.8,11.36,4.19,16.35,1.27,0.0,49.0,Rural,Clear,-27.62,Excellent
5805.17,869.46,16.72,13.77,1.03,39.92,2.11,2.0,28.7,Suburban,Fog,-106.11,Poor
903.65,36.39,29.86,11.76,3.63,16.77,1.81,5.0,10.0,Suburban,Rain,-48.12,Excellent
1780.55,371.15,43.22,2.49,3.44,45.06,1.83,9.0,56.2,Urban,Clear,-107.33,Poor
2076.29,2022.75,19.27,14.9,4.01,37.6,2.39,2.0,75.2,Rural,Clear,-73.36,Good
2383.34,193.92,36.95,10.97,2.23,36.83,2.01,4.0,64.7,Urban,Clear,-86.56,Fair
2390.92,70.51,37.63,5.81,4.64,18.81,2.36,5.0,57.0,Indoor,Fog,-98.69,Fair
820.84,357.59,42.12,7.18,0.61,27.27,1.44,12.0,72.4,Dense Urban,Storm,-125.63,Poor
3511.55,22.01,24.32,14.98,2.68,11.59,2.13,8.0,45.6,Urban,Rain,-81.22,Good
884.86,67.62,37.87,16.98,3.53,23.84,1.5,5.0,10.0,Urban,Clear,-56.22,Excellent
1791.08,229.44,42.73,15.02,4.32,10.91,1.41,1.0,64.6,Suburban,Clear,-52.49,Excellent
4990.09,48.52,35.76,16.18,3.24,10.23,2.33,1.0,47.8,Suburban,Clear,-46.2,Excellent
2600.71,12.76,45.86,9.84,3.31,17.23,1.97,8.0,64.6,Urban,Clear,-48.86,Excellent
1821.59,379.56,26.17,8.67,4.81,37.08,1.39,4.0,64.4,Urban,Clear,-104.18,Poor
5778.96,121.05,18.86,15.1,2.06,19.34,1.9,13.0,55.1,Dense Urban,Clear,-140.82,Poor
1790.44,113.3,48.3,8.31,2.67,46.01,2.04,2.0,57.9,Suburban,Clear,-40.11,Excellent
2411.52,4901.94,40.37,13.29,3.37,32.11,2.37,5.0,65.7,Suburban,Storm,-109.25,Poor
872.65,20.03,28.71,11.81,1.34,27.96,1.45,13.0,47.9,Dense Urban,Rain,-82.69,Good
869.8,26.07,36.19,4.45,1.94,26.94,1.44,4.0,69.5,Urban,Storm,-58.08,Excellent
2127.71,2317.42,47.42,6.94,3.44,27.95,2.14,6.0,98.0,Dense Urban,Clear,-145.44,Poor
2406.46,22.47,46.08,5.4,1.97,18.4,1.72,12.0,59.0,Dense Urban,Rain,-83.97,Good
5027.39,2996.65,44.97,4.01,4.54,26.73,2.13,4.0,62.2,Urban,Clear,-135.13,Poor
1794.78,651.03,36.5,8.72,2.84,10.55,1.46,3.0,81.1,Urban,Clear,-106.75,Poor
4994.9,266.38,42.92,,3.47,26.61,2.03,5.0,77.4,Indoor,Clear,-133.93,Poor
2576.37,56.42,36.51,3.14,0.81,25.27,1.46,9.0,52.6,Dense Urban,Clear,-104.12,Poor
672.13,93.37,33.04,5.31,4.85,11.71,1.74,4.0,20.2,Urban,Storm,-74.19,Good
3484.67,1695.22,41.32,11.9,4.97,34.34,2.38,3.0,36.2,Urban,Clear,-114.22,Poor
2398.69,14.3,19.24,14.93,3.35,41.44,1.49,1.0,59.2,Rural,Clear,-25.57,Excellent
1800.46,1186.56,41.53,9.41,1.05,17.64,1.48,0.0,46.7,Rural,Clear,-51.38,Excellent
2083.05,1715.0,23.86,11.75,2.71,28.44,2.11,6.0,38.9,Dense Urban,Clear,-159.95,Poor
1806.77,804.24,35.29,12.41,0.49,46.53,1.51,2.0,61.8,Rural,Rain,-52.76,Excellent
2580.87,14.03,39.73,12.42,0.28,45.98,1.92,7.0,41.4,Urban,Fog,-49.95,Excellent
2389.57,1010.19,23.12,17.79,1.52,20.39,1.95,5.0,81.3,Urban,Fog,-126.02,Poor
2081.74,894.95,23.62,11.74,1.11,18.81,2.32,5.0,40.3,Urban,Clear,-128.64,Poor
911.8,10.85,23.69,10.74,4.79,18.77,1.27,5.0,55.3,Urban,Rain,-50.06,Excellent
1800.99,2560.04,19.97,15.87,3.74,33.56,2.41,10.0,47.8,Dense Urban,Clear,-175.97,Poor
2114.17,22.74,46.18,11.94,3.57,43.58,2.08,2.0,47.1,Suburban,Clear,-22.19,Excellent
2073.43,3918.52,37.13,9.33,3.81,19.74,2.32,0.0,60.7,Rural,Rain,-66.33,Excellent
1795.52,15.52,43.78,13.88,1.8,35.71,1.78,5.0,10.0,Indoor,Clear,-54.5,Excellent
2428.02,43.9,18.77,5.59,4.97,38.4,1.38,2.0,54.8,Rural,Clear,-47.02,Excellent
873.22,729.36,44.51,12.76,2.9,15.37,2.32,5.0,71.0,Urban,Clear,-95.04,Fair
2395.1,23.46,24.23,14.28,1.05,13.57,1.74,1.0,72.3,Rural,Clear,-31.51,Excellent
822.42,31.57,30.0,12.22,3.37,13.54,1.91,6.0,64.2,Urban,Fog,-61.83,Excellent
2078.8,10.72,33.99,5.0,2.76,28.02,1.71,1.0,65.5,Suburban,Storm,-36.02,Excellent
3497.75,1700.77,42.29,10.24,3.05,20.27,1.3,8.0,65.3,Urban,Clear,-135.28,Poor
4979.45,12.63,22.29,14.96,1.33,24.27,1.49,3.0,81.8,Suburban,Clear,-48.08,Excellent
2601.13,509.68,45.76,8.44,2.93,49.01,2.44,4.0,60.0,Indoor,Rain,-131.64,Poor
3525.36,372.93,19.2,16.84,0.37,22.96,1.97,5.0,51.8,Suburban,Clear,-95.75,Fair
682.02,239.79,34.76,2.77,4.08,23.16,1.86,2.0,40.0,Suburban,Clear,-62.4,Excellent
1776.43,102.93,22.15,12.64,3.02,39.61,1.25,2.0,49.9,Suburban,Clear,-62.84,Excellent
2619.52,64.34,44.25,5.73,3.32,47.66,2.34,0.0,67.0,Rural,Clear,-18.68,Excellent
4997.62,3826.24,37.64,12.38,2.88,35.81,2.48,6.0,70.7,Indoor,Rain,-190.04,Poor
2422.96,1317.22,46.07,17.19,4.94,40.78,1.28,1.0,45.4,Rural,Fog,-38.96,Excellent
4988.37,3093.34,45.45,11.2,0.41,19.12,2.16,2.0,45.3,Suburban,Clear,-100.2,Poor
907.65,956.68,21.86,8.99,2.34,17.49,2.45,0.0,65.4,Rural,Clear,-59.4,Excellent
875.4,1727.71,25.29,15.74,3.36,49.9,2.41,0.0,79.2,Rural,Clear,-49.71,Excellent
680.3,4002.03,18.94,9.42,3.01,48.62,2.05,3.0,98.0,Suburban,Fog,-110.78,Poor
2418.04,167.64,41.95,11.03,3.61,23.76,1.91,2.0,66.0,Rural,Rain,-36.02,Excellent
2607.89,2803.4,19.64,6.91,4.9,42.17,1.29,7.0,44.2,Indoor,Rain,-199.7,Poor
918.78,13.07,22.85,10.79,2.42,21.28,1.91,2.0,36.2,Indoor,Clear,-66.4,Excellent
3480.24,19.55,46.72,13.45,3.99,,2.33,1.0,87.9,Rural,Storm,-18.28,Excellent
3496.05,210.62,38.4,10.15,2.49,37.76,1.4,5.0,62.4,Suburban,Fog,-72.26,Good
1777.73,167.98,31.28,5.37,3.7,31.54,1.4,2.0,49.0,Suburban,Clear,-68.13,Excellent
927.6,152.31,23.64,2.31,2.5,12.1,2.26,9.0,44.3,Urban,Rain,-115.46,Poor
3473.76,281.75,43.46,5.49,2.26,26.94,2.46,8.0,85.3,Urban,Rain,-110.2,Poor
2573.93,283.83,46.35,15.6,4.82,33.44,1.31,5.0,49.5,Suburban,Rain,-60.8,Excellent
873.89,2236.8,19.22,17.35,3.43,25.79,1.4,2.0,79.6,Suburban,Clear,-99.74,Fair
888.05,85.82,46.01,11.0,3.41,11.74,1.72,2.0,70.6,Indoor,Clear,-85.7,Fair
2105.82,71.37,23.26,15.27,2.6,47.47,2.42,3.0,49.5,Urban,Clear,-73.92,Good
2387.25,784.14,39.96,2.75,0.34,47.12,1.32,2.0,90.1,Rural,Clear,-59.07,Excellent
858.93,562.63,23.65,15.66,1.79,45.47,1.25,13.0,55.0,Dense Urban,Rain,-145.18,Poor
5781.55,1736.73,20.4,6.6,0.25,37.9,2.4,5.0,46.1,Suburban,Clear,-127.48,Poor
1797.53,68.35,44.14,4.81,3.7,46.2,1.76,6.0,83.6,Dense Urban,Clear,-83.51,Good
1802.01,10.41,44.91,6.43,3.98,44.22,1.95,5.0,71.5,Dense Urban,Rain,-47.76,Excellent
690.02,3531.83,43.49,9.97,0.16,31.78,1.66,1.0,46.6,Rural,Fog,-51.1,Excellent
4985.1,13.16,19.59,11.4,2.49,30.48,2.02,5.0,72.2,Suburban,Clear,-57.12,Excellent
878.41,684.44,28.99,,4.51,34.71,1.89,7.0,77.4,Urban,Clear,-119.76,Poor
5812.37,73.89,37.51,7.49,0.53,21.34,1.22,12.0,68.6,Dense Urban,Rain,-128.96,Poor
2080.1,139.03,43.23,13.27,1.79,14.75,1.43,1.0,44.6,Suburban,Clear,-48.47,Excellent
4987.53,1827.37,44.58,14.0,0.59,47.16,1.27,3.0,61.5,Urban,Clear,-116.8,Poor
840.21,135.65,46.04,5.75,2.49,29.66,1.34,0.0,34.1,Rural,Clear,-20.05,Excellent
847.26,24.53,37.91,5.94,2.66,13.43,1.41,1.0,47.9,Rural,Fog,-16.08,Excellent
5012.15,1086.92,44.19,12.87,1.96,47.82,2.38,5.0,48.7,Suburban,Fog,-87.57,Fair
4995.68,11.34,45.09,11.75,4.19,42.34,1.47,8.0,71.6,Urban,Clear,-45.63,Excellent
2422.27,55.14,21.83,9.95,2.05,35.86,2.49,5.0,73.9,Urban,Clear,-84.14,Good
710.79,283.3,44.35,10.74,0.55,49.65,2.37,0.0,28.0,Rural,Clear,-18.4,Excellent
5820.31,151.88,20.39,9.99,3.98,42.84,1.75,5.0,64.0,Indoor,Rain,-140.67,Poor
1812.98,472.04,43.2,8.52,1.06,13.18,1.3,0.0,54.1,Rural,Rain,-44.55,Excellent
5778.92,106.97,24.14,14.61,3.62,38.81,2.45,7.0,62.7,Indoor,Fog,-133.49,Poor
5028.68,113.29,19.79,16.22,2.17,14.78,2.17,7.0,86.2,Indoor,Fog,-138.78,Poor
5017.2,87.3,36.14,12.24,1.09,40.98,1.62,4.0,47.1,Urban,Clear,-80.38,Good
2604.36,2481.51,31.12,6.32,0.5,20.79,1.55,6.0,49.8,Dense Urban,Fog,-168.69,Poor
2579.91,11.13,39.88,17.59,4.13,23.95,2.35,9.0,69.5,Urban,Clear,-42.11,Excellent
2380.36,3436.1,36.96,3.41,1.09,43.29,2.22,0.0,57.0,Rural,Storm,-71.73,Good
706.86,92.65,33.34,17.23,4.94,15.26,1.47,0.0,24.9,Rural,Clear,-16.57,Excellent
1794.97,96.56,36.52,10.9,2.61,47.75,1.47,9.0,90.1,Urban,Clear,-80.71,Good
3510.55,910.25,22.91,13.36,3.64,15.07,2.24,4.0,60.7,Suburban,Rain,-108.03,Poor
4992.35,111.67,44.66,8.78,2.83,11.01,2.33,7.0,74.8,Dense Urban,Clear,-107.41,Poor
2400.77,461.64,46.07,7.71,4.99,11.02,1.88,2.0,46.9,Suburban,Fog,-68.84,Excellent
3481.28,2747.09,35.08,5.57,1.2,42.39,1.4,1.0,27.9,Rural,Fog,-74.06,Good
679.31,1922.49,38.45,3.8,1.96,29.19,1.52,11.0,53.7,Dense Urban,Rain,-159.57,Poor
2074.54,246.01,43.85,7.0,4.41,30.32,2.05,8.0,60.2,Urban,Clear,-91.41,Fair
2419.18,859.45,18.95,6.07,0.96,43.38,1.42,5.0,79.3,Urban,Clear,-138.71,Poor
5003.32,114.6,21.08,10.54,3.15,30.52,1.24,1.0,46.6,Suburban,,-82.72,Good
1826.83,,36.18,15.72,4.48,48.28,1.59,3.0,75.6,Urban,Clear,-104.21,Poor
914.97,28.8,29.55,3.34,4.96,10.16,2.04,1.0,29.1,Rural,Clear,-29.46,Excellent
1816.13,13.28,42.21,13.95,4.0,16.5,1.84,5.0,48.5,Dense Urban,Fog,-49.78,Excellent
850.54,288.02,45.54,6.28,0.35,41.52,2.44,0.0,60.2,Rural,Rain,-27.62,Excellent
2418.93,38.12,44.36,12.26,2.84,46.62,1.37,8.0,33.7,Dense Urban,Clear,-74.22,Good
2626.52,926.42,20.32,12.04,3.44,38.24,2.41,5.0,87.0,Suburban,Rain,-106.74,Poor
5013.3,18.77,24.66,13.8,1.53,21.93,1.81,1.0,51.1,Rural,Clear,-34.86,Excellent
5776.34,10.54,20.26,2.24,3.39,43.62,2.43,3.0,41.0,Indoor,Fog,-90.34,Fair
709.06,666.35,19.41,2.02,4.55,18.8,1.43,7.0,35.2,Indoor,Rain,-164.74,Poor
877.23,224.72,43.03,4.7,3.23,27.55,1.54,2.0,31.4,Rural,Clear,-32.89,Excellent
1774.63,3710.74,41.64,17.69,2.47,41.37,1.67,2.0,70.1,Rural,Clear,-51.9,Excellent
911.57,46.55,20.55,7.47,3.79,26.17,1.36,1.0,39.8,Suburban,Rain,-49.84,Excellent
5020.09,21.51,41.68,12.0,1.48,42.99,1.45,2.0,62.6,Suburban,Storm,-41.15,Excellent
829.53,11.54,27.16,6.93,3.34,,1.73,5.0,,Urban,Clear,-50.47,Excellent
674.45,158.13,43.97,9.81,2.53,44.46,1.93,4.0,74.1,Urban,Clear,-63.47,Excellent
5023.19,18.71,40.57,9.01,3.05,19.4,1.95,7.0,62.9,Indoor,Clear,-84.76,Good
5777.93,1240.05,24.84,5.01,2.45,35.42,1.21,7.0,69.6,Urban,Storm,-159.35,Poor
872.11,15.64,28.07,7.73,2.07,36.49,2.24,9.0,98.0,Urban,Clear,-58.64,Excellent
1813.26,3055.55,22.94,5.05,0.26,26.58,1.59,3.0,46.8,Indoor,Clear,-188.85,Poor
2420.86,288.24,47.68,6.47,3.11,27.31,2.16,5.0,58.7,Suburban,Storm,-72.12,Good
2400.87,757.68,38.28,8.68,4.89,46.69,1.55,6.0,59.3,Indoor,Clear,-146.28,Poor
5802.4,22.56,45.56,14.73,1.77,18.86,1.57,5.0,63.6,Suburban,Fog,-41.91,Excellent
2090.21,17.44,36.56,5.14,3.12,13.83,1.97,5.0,47.2,Dense Urban,Storm,-74.78,Good
684.31,90.07,37.27,5.13,3.62,30.64,1.22,8.0,69.1,Dense Urban,Clear,-93.51,Fair
2115.31,253.89,26.17,5.96,3.02,45.21,1.35,10.0,98.0,Dense Urban,Fog,-137.37,Poor
2420.96,357.49,46.62,14.63,4.5,49.06,2.46,2.0,54.1,Rural,Fog,-29.65,Excellent
2389.27,77.64,44.0,5.96,4.66,45.92,1.8,7.0,55.6,Urban,Clear,-73.5,Good
2386.43,54.44,26.4,15.11,4.36,40.85,2.27,0.0,36.4,Rural,Clear,-26.03,Excellent
5786.07,4454.49,46.42,7.16,2.1,14.35,2.27,2.0,23.2,Indoor,Clear,-181.07,Poor
4973.04,54.44,24.72,6.85,0.7,34.84,1.21,5.0,36.1,Suburban,Clear,-76.62,Good
886.86,23.56,20.72,8.05,2.0,36.04,1.8,3.0,29.5,Indoor,Clear,-84.76,Good
1771.54,93.36,,9.17,2.61,29.8,2.01,3.0,31.5,Urban,Clear,-65.14,Excellent
2617.3,66.09,41.55,8.72,0.21,43.69,2.23,4.0,42.5,Urban,Fog,-68.57,Excellent
2085.36,137.48,35.31,8.31,4.19,49.3,2.46,4.0,35.7,Suburban,Clear,-63.52,Excellent
2111.41,482.37,42.23,17.96,4.43,48.9,1.39,8.0,38.0,Urban,Rain,-97.34,Fair
852.59,424.5,24.32,13.09,3.16,10.82,2.11,8.0,35.4,Dense Urban,Clear,-133.83,Poor
920.25,766.77,24.25,16.11,2.9,11.44,1.77,7.0,35.3,Urban,Rain,-121.05,Poor
3527.62,26.48,32.0,16.3,1.94,12.13,1.71,5.0,98.0,Urban,Fog,-66.41,Excellent
4992.04,13.3,22.98,8.83,4.89,22.5,1.2,3.0,38.7,Urban,Fog,-65.57,Excellent
3475.3,1362.61,23.81,14.4,2.18,39.82,2.49,2.0,43.9,Rural,Clear,-71.86,Good
1814.98,38.56,20.81,9.53,1.03,32.99,,0.0,63.0,Rural,Clear,-36.2,Excellent
821.28,71.12,22.84,11.51,4.8,29.44,2.02,3.0,29.2,Indoor,Fog,-95.01,Fair
833.38,169.77,36.52,13.75,4.18,39.39,2.42,7.0,22.5,Urban,Clear,-78.88,Good
1773.2,857.61,27.77,11.31,1.64,20.27,1.5,8.0,32.3,Dense Urban,Fog,-152.17,Poor
2423.89,27.64,29.77,10.12,2.79,49.65,2.12,12.0,52.0,Dense Urban,Clear,-91.09,Fair
4970.32,2726.19,45.84,2.19,2.93,19.9,1.8,2.0,57.2,Indoor,Clear,-170.88,Poor
4999.56,73.76,21.7,17.52,4.39,24.89,1.83,,67.8,Dense Urban,Clear,-112.68,Poor
695.44,4489.28,47.85,2.61,2.74,44.09,2.22,2.0,63.6,Rural,Clear,-54.48,Excellent
3509.16,58.93,20.22,3.92,2.09,41.53,1.55,4.0,87.9,Urban,Rain,-97.68,Fair
887.38,908.9,40.1,2.68,2.96,16.11,2.42,7.0,56.2,Urban,Rain,-121.71,Poor
872.42,103.9,20.28,12.02,4.86,12.48,1.83,13.0,55.7,Dense Urban,Clear,-123.73,Poor
2414.06,1811.03,31.55,6.84,0.26,36.16,1.87,2.0,36.7,Indoor,Storm,-174.64,Poor
695.94,177.02,45.85,16.3,3.24,37.82,1.71,4.0,55.0,Indoor,Rain,-92.07,Fair
1791.48,2236.35,18.29,11.48,0.41,45.7,1.3,2.0,39.9,Rural,Clear,-77.28,Good
2418.95,1083.57,36.36,14.5,1.31,11.2,1.92,8.0,30.8,Urban,Storm,-133.91,Poor
915.42,381.66,32.21,4.32,3.48,44.75,2.05,1.0,91.4,Rural,Clear,-43.62,Excellent
2393.94,47.28,29.6,8.57,3.55,23.5,1.27,7.0,29.9,Urban,Storm,-87.07,Fair
2090.48,50.28,36.3,11.99,4.17,24.48,1.59,4.0,91.6,Suburban,Clear,-46.33,Excellent
3472.33,4740.44,22.99,5.0,2.7,35.79,2.28,1.0,78.3,Rural,Clear,-90.38,Fair
824.9,3144.81,42.42,8.11,4.01,44.4,1.84,0.0,53.3,Rural,Clear,-45.64,Excellent
673.24,23.64,24.79,14.07,2.52,26.53,1.98,7.0,27.6,Urban,Clear,-58.94,Excellent
2371.46,35.54,32.83,12.92,1.01,10.27,1.68,4.0,51.7,Suburban,Clear,-55.28,Excellent
879.17,19.42,30.01,16.43,2.23,35.92,1.27,6.0,35.3,Indoor,Clear,-69.45,Excellent
3521.43,34.95,46.81,10.93,0.86,32.14,1.93,5.0,87.3,Suburban,Clear,-40.67,Excellent
717.89,60.72,38.46,5.31,2.73,48.86,1.53,6.0,67.7,Indoor,Clear,-90.38,Fair
2420.73,1822.76,46.16,16.06,2.58,31.12,2.12,4.0,75.4,Urban,Clear,-108.2,Poor
5807.43,18.07,18.68,17.39,1.31,35.21,1.71,6.0,49.5,Urban,Rain,-78.41,Good
707.44,2403.35,19.39,9.77,2.43,44.95,1.86,1.0,53.6,Suburban,Clear,-99.1,Fair
1777.44,4199.62,37.62,3.35,3.02,20.8,1.93,0.0,66.9,Rural,Fog,-72.49,Good
5011.94,57.6,46.59,6.05,2.17,10.57,2.14,4.0,47.6,Suburban,Fog,-57.91,Excellent
2386.8,170.36,20.31,14.03,1.12,39.97,2.26,3.0,85.3,Suburban,Storm,-85.4,Fair
851.16,268.31,22.35,2.0,4.77,37.32,1.33,3.0,43.7,Suburban,Clear,-81.23,Good
927.28,35.9,18.89,6.72,4.01,45.23,1.32,11.0,82.3,Dense Urban,Fog,-99.07,Fair
3522.24,942.98,47.32,7.9,1.06,19.32,1.41,7.0,36.9,Urban,Clear,-120.06,Poor
4983.99,367.62,18.95,14.61,2.38,27.19,2.06,3.0,44.1,Suburban,Clear,-94.35,Fair
1814.2,20.08,36.31,8.99,1.89,11.94,1.53,5.0,49.4,Indoor,Clear,-77.43,Good
2076.25,2619.57,29.26,10.41,4.98,38.51,2.21,10.0,46.9,Dense Urban,Clear,-168.94,Poor
3471.6,65.4,31.19,12.75,3.61,17.63,1.7,6.0,39.7,Urban,Clear,-81.5,Good
821.69,26.41,44.45,14.56,3.24,32.16,1.75,11.0,13.7,Dense Urban,Storm,-62.1,Excellent
880.21,4466.79,30.74,7.41,0.74,30.19,1.93,12.0,57.7,Dense Urban,Clear,-180.63,Poor
3511.7,18.96,21.66,4.75,0.95,26.35,2.0,5.0,40.2,Urban,Clear,-82.61,Good
841.8,14.49,38.85,4.91,4.66,11.95,1.22,4.0,46.3,Indoor,Clear,-64.67,Excellent
3470.96,43.77,17.28,4.56,2.24,34.24,1.74,8.0,67.6,Urban,Clear,-102.52,Poor
2129.28,72.73,46.89,3.83,0.07,30.46,2.26,1.0,40.0,Rural,Clear,-27.73,Excellent
5802.0,148.19,45.45,9.05,2.48,19.69,1.99,7.0,53.5,Urban,Clear,-89.83,Fair
693.63,706.73,44.11,4.93,3.09,36.48,1.56,7.0,39.9,Dense Urban,Clear,-120.18,Poor
5801.13,97.06,29.52,14.52,1.45,48.87,2.41,3.0,88.3,Suburban,Clear,-65.02,Excellent
901.2,323.31,31.1,2.0,2.13,47.23,2.46,6.0,71.6,Indoor,Clear,-136.49,Poor
698.21,10.37,39.18,17.26,1.38,45.54,1.8,7.0,54.2,Dense Urban,Clear,-38.17,Excellent
3506.78,109.35,43.98,2.21,2.21,40.07,1.65,6.0,55.9,Urban,Rain,-87.09,Fair
2423.14,3551.75,43.93,7.21,4.92,42.03,2.33,5.0,20.7,Suburban,Rain,-103.05,Poor
4988.1,1233.92,32.95,14.06,2.3,38.52,1.57,2.0,41.8,Rural,,-62.87,Excellent
849.22,998.62,45.75,15.95,4.03,26.38,2.15,2.0,85.1,Indoor,Clear,-125.02,Poor
670.22,66.36,24.82,3.4,0.64,17.53,2.09,1.0,43.1,Suburban,Clear,-59.09,Excellent
2421.59,207.77,46.27,14.82,3.95,40.28,2.02,1.0,51.9,Suburban,Storm,-51.19,Excellent
4988.35,1902.58,24.44,14.02,2.53,34.65,1.41,5.0,21.1,Urban,Clear,-143.44,Poor
2086.28,2374.18,26.54,9.36,1.83,42.3,1.43,6.0,64.5,Urban,Fog,-141.92,Poor
3529.85,827.44,41.85,12.03,2.88,48.14,1.7,6.0,52.1,Indoor,Storm,-151.99,Poor
5805.06,170.68,24.89,7.87,1.75,25.74,1.9,0.0,32.8,Rural,Clear,-58.54,Excellent
4977.38,15.76,37.54,6.99,4.05,46.15,1.67,3.0,27.6,Indoor,Clear,-73.14,Good
2385.93,21.0,22.14,2.53,3.95,,2.15,1.0,95.7,Rural,Rain,-46.29,Excellent
2591.19,10.02,30.1,2.11,1.15,20.22,1.56,4.0,44.8,Urban,Rain,-60.73,Excellent
2429.16,93.21,23.82,10.42,2.16,28.69,1.99,5.0,40.9,Indoor,Clear,-118.68,Poor
2595.84,11.56,36.13,2.19,0.69,47.57,1.52,13.0,69.4,Dense Urban,Rain,-87.86,Fair
2383.81,149.32,42.81,3.97,0.03,48.91,1.77,6.0,13.3,Indoor,Clear,-118.2,Poor
2404.18,409.97,47.35,3.54,1.48,30.44,1.75,8.0,85.0,Urban,Fog,-106.93,Poor
2094.29,405.75,28.95,12.13,2.8,33.32,1.86,8.0,44.6,Dense Urban,Storm,-136.83,Poor
2573.3,315.31,20.96,12.7,3.8,27.98,2.18,4.0,48.7,Indoor,Clear,-136.79,Poor
3521.66,40.78,45.04,14.07,4.75,45.71,1.64,3.0,37.4,Suburban,Clear,-33.63,Excellent
5770.94,251.93,28.67,17.57,2.11,44.14,2.04,4.0,54.7,Suburban,Clear,-77.79,Good
2623.91,4411.11,36.09,17.68,0.02,20.13,2.37,7.0,40.0,Urban,Fog,-141.39,Poor
867.51,158.49,27.41,5.32,3.25,12.69,1.61,12.0,50.7,Dense Urban,Storm,-135.01,Poor
2374.55,2292.06,46.35,7.63,1.03,12.93,1.87,4.0,33.2,Suburban,Rain,-100.09,Poor
1813.42,107.0,21.3,10.98,2.88,46.03,1.59,7.0,56.4,Dense Urban,Fog,-114.23,Poor
716.26,480.37,18.78,,2.26,39.11,2.28,5.0,45.6,Dense Urban,Clear,-134.67,Poor
706.14,199.74,29.02,5.08,1.39,16.88,1.58,4.0,56.6,Urban,Clear,-93.88,Fair
2404.66,722.06,29.72,15.66,1.49,38.1,2.48,2.0,46.9,Suburban,Clear,-82.07,Good
5772.98,2642.38,41.63,8.53,1.71,26.37,1.29,10.0,86.2,Dense Urban,Clear,-172.54,Poor
2373.57,154.87,31.48,9.75,0.87,33.37,2.36,4.0,50.3,Indoor,Clear,-116.54,Poor
2113.64,1107.13,21.67,13.78,3.53,33.94,2.24,2.0,67.4,Suburban,Clear,-93.38,Fair
676.33,2409.62,19.21,14.94,1.97,37.27,1.4,2.0,52.1,Rural,Clear,-65.36,Excellent
2584.51,1351.94,41.86,15.84,3.59,21.32,2.07,3.0,70.2,Indoor,Fog,-146.03,Poor
699.93,11.65,38.51,16.32,2.91,47.0,1.25,0.0,42.2,Rural,Rain,7.92,Excellent
4979.85,10.01,45.65,6.71,1.14,45.12,1.27,7.0,46.9,Indoor,Clear,-66.97,Excellent
5017.39,2415.92,25.99,12.38,1.61,10.49,1.94,1.0,54.4,Suburban,Clear,-115.13,Poor
5818.44,929.81,23.53,3.78,4.62,37.46,1.96,3.0,12.0,Urban,Clear,-133.58,Poor
920.53,3854.51,24.74,17.5,2.11,31.61,1.6,2.0,60.8,Suburban,Clear,-100.23,Poor
822.97,61.57,29.51,6.28,0.57,30.29,2.33,3.0,38.8,Suburban,Clear,-53.89,Excellent
895.67,1338.76,18.59,8.25,3.22,14.5,1.99,2.0,46.3,Rural,Fog,-74.82,Good
3520.82,1456.41,19.95,16.89,1.71,31.53,2.04,5.0,71.2,Urban,Storm,-145.37,Poor
891.79,2060.15,41.98,12.08,2.33,39.48,1.99,10.0,53.9,Dense Urban,Clear,-142.49,Poor
5011.75,737.5,40.0,6.61,1.03,10.58,1.73,1.0,43.9,Rural,Fog,-64.43,Excellent
855.35,23.62,38.52,3.38,0.06,26.95,1.29,11.0,58.8,Dense Urban,Clear,-81.67,Good
690.83,688.41,30.05,9.82,2.92,34.84,1.93,1.0,41.9,Suburban,Storm,-73.78,Good
886.58,428.04,28.95,11.45,2.17,15.94,2.27,5.0,53.7,Suburban,Rain,-81.6,Good
3509.16,79.54,37.56,12.69,2.03,49.54,2.38,1.0,35.3,Rural,Fog,-27.51,Excellent
2578.02,36.56,23.07,4.63,4.62,37.52,1.38,8.0,73.2,Dense Urban,Clear,-97.33,Fair
1821.61,2448.26,45.11,13.29,1.31,37.37,2.15,2.0,30.3,Rural,Rain,-51.93,Excellent
2604.59,24.16,20.65,7.8,2.93,28.06,1.47,3.0,62.9,Suburban,Storm,-64.44,Excellent
2576.69,137.88,42.76,17.1,4.13,13.39,1.47,1.0,15.2,Rural,Fog,-27.05,Excellent
2412.21,479.64,44.04,12.46,2.27,46.1,1.28,3.0,52.9,Indoor,Storm,-130.32,Poor
2395.87,4196.13,36.95,16.69,3.77,12.25,2.46,,62.1,Urban,Storm,-137.95,Poor
832.24,647.06,23.28,2.48,2.8,41.13,2.17,4.0,34.9,,Clear,-117.33,Poor
927.66,66.51,47.84,16.45,1.76,16.75,1.64,5.0,63.4,Indoor,Clear,-79.05,Good
2413.18,14.58,41.25,16.05,4.54,38.74,2.31,,54.4,Suburban,Clear,-9.48,Excellent
855.58,72.02,44.71,10.17,1.88,29.56,1.39,9.0,46.5,Urban,Clear,-70.01,Good
2120.93,61.69,19.37,17.62,2.29,28.15,1.64,2.0,57.3,Rural,Rain,-42.6,Excellent
852.63,1624.32,36.59,13.99,,49.96,1.26,9.0,80.5,Urban,Clear,-122.38,Poor
3496.49,103.85,21.73,17.92,2.97,49.9,1.77,4.0,59.7,Urban,Clear,-85.85,Fair
831.37,18.44,17.88,14.1,2.56,12.18,1.53,0.0,31.5,Rural,Clear,-23.02,Excellent
679.2,2228.66,19.96,16.64,3.45,45.86,2.49,0.0,36.1,Rural,Clear,-54.69,Excellent
2595.92,11.19,42.17,5.15,3.47,10.23,1.45,1.0,37.0,Suburban,Clear,-28.93,Excellent
897.36,10.19,45.55,5.15,2.65,34.04,1.42,0.0,45.5,Rural,Storm,0.87,Excellent
1814.0,191.14,47.33,10.12,2.53,42.81,1.26,10.0,62.7,Dense Urban,Fog,-107.5,Poor
1796.53,15.38,37.36,13.67,0.82,22.87,1.86,2.0,67.2,Indoor,Clear,-58.06,Excellent
905.59,30.06,38.45,6.24,3.55,38.08,1.3,2.0,63.8,Suburban,Clear,-30.41,Excellent
3519.95,4563.03,21.02,8.67,4.96,34.21,2.19,2.0,10.0,Suburban,Clear,-122.19,Poor
2629.6,1900.71,46.04,4.76,1.45,28.37,1.74,8.0,61.9,Urban,Clear,-131.52,Poor
889.35,1153.76,44.74,16.81,1.0,44.04,2.49,13.0,46.7,Dense Urban,Clear,-133.46,Poor
2624.12,646.32,31.89,13.91,4.7,37.34,1.29,8.0,66.8,Urban,Clear,-117.69,Poor
3518.36,13.46,43.83,2.61,2.05,41.82,1.78,7.0,77.1,Urban,Clear,-53.74,Excellent
2374.08,1803.4,37.4,2.36,3.46,13.05,2.46,2.0,24.0,Suburban,Rain,-104.14,Poor
2390.05,186.95,38.82,17.9,2.36,18.29,1.76,9.0,50.6,Urban,Clear,-93.07,Fair
5783.14,18.42,44.49,8.34,2.81,34.0,1.65,9.0,70.1,Urban,Fog,-64.13,Excellent
2109.86,64.82,23.16,11.64,1.67,42.98,1.38,4.0,61.9,Suburban,Storm,-69.53,Excellent
1803.32,226.36,45.37,17.17,3.85,40.85,1.99,0.0,76.6,Rural,Clear,-16.66,Excellent
2399.69,10.89,46.18,17.29,2.52,28.73,1.61,8.0,77.7,Urban,Clear,-33.04,Excellent
5015.81,48.0,19.85,3.53,2.41,42.83,1.94,1.0,49.1,Suburban,Clear,-68.54,Excellent
3490.0,80.66,37.53,12.17,2.8,45.46,2.4,0.0,39.0,Rural,Clear,-24.57,Excellent
692.97,178.55,21.53,17.89,4.69,33.71,1.95,1.0,38.3,Rural,Clear,-30.47,Excellent
2121.94,10.12,30.7,4.87,4.09,15.98,1.28,1.0,72.7,Rural,Fog,-22.47,Excellent
3528.33,335.82,30.28,12.61,0.3,34.23,1.84,2.0,68.0,Rural,Clear,-54.82,Excellent
916.58,34.15,36.02,14.38,1.8,22.55,2.12,11.0,60.4,Dense Urban,Clear,-76.36,Good
5783.02,409.22,30.49,3.21,0.77,24.31,1.98,7.0,54.3,Indoor,Storm,-174.47,Poor
4976.76,44.2,27.46,8.19,4.56,45.74,1.38,1.0,64.7,Rural,Clear,-38.09,Excellent
4982.55,122.16,41.8,5.28,1.23,49.41,1.75,8.0,57.2,,Rain,-96.6,Fair
695.37,482.12,43.91,2.91,,38.39,1.89,7.0,46.7,Urban,Rain,-99.36,Fair
2384.2,591.66,21.33,3.59,3.07,22.54,1.7,12.0,79.2,Dense Urban,Rain,-170.98,Poor
2424.06,12.09,29.97,7.47,3.84,21.2,2.4,0.0,31.1,Rural,Clear,-19.06,Excellent
2610.24,278.07,43.3,11.27,3.35,11.69,2.48,0.0,71.8,Rural,Clear,-34.02,Excellent
4995.0,1599.89,20.56,17.26,1.44,12.39,2.19,11.0,32.1,Dense Urban,Clear,-183.04,Poor
1786.43,36.07,38.02,16.97,2.49,,2.4,12.0,60.9,Dense Urban,Fog,-85.07,Fair
2392.84,272.79,29.7,15.96,0.86,37.06,2.42,2.0,77.6,Indoor,Rain,-125.74,Poor
2598.56,161.47,41.53,14.34,1.16,17.62,1.65,5.0,70.6,Suburban,Rain,-66.62,Excellent
3512.83,1967.65,43.58,2.65,0.62,13.27,1.64,6.0,56.9,Urban,Storm,-146.43,Poor
3475.36,152.83,39.94,8.49,4.38,49.62,1.25,4.0,19.4,Suburban,Clear,-60.99,Excellent
1820.93,3526.93,28.62,14.47,1.43,38.56,1.48,3.0,34.1,Indoor,Storm,-179.87,Poor
5777.65,576.61,42.81,17.48,0.66,34.1,1.4,9.0,63.0,Urban,Clear,-110.73,Poor
685.75,327.46,29.42,9.4,1.2,31.89,1.42,1.0,48.9,Rural,Clear,-42.36,Excellent
2129.62,61.36,33.62,13.22,1.32,48.29,1.41,2.0,43.5,Suburban,Clear,-46.45,Excellent
2581.41,407.38,28.56,17.93,0.63,34.61,1.64,5.0,10.0,Urban,Rain,-105.1,Poor
676.07,22.61,29.76,11.97,3.49,11.45,2.04,6.0,47.8,Urban,Clear,-55.33,Excellent
2108.3,132.87,36.45,14.46,3.33,33.58,2.32,9.0,55.4,Dense Urban,Storm,-109.6,Poor
2393.59,58.57,35.12,17.46,2.95,27.23,1.44,3.0,42.9,Indoor,Clear,-93.07,Fair
2575.51,644.25,44.04,13.36,4.35,49.97,2.04,1.0,54.4,Suburban,Clear,-63.88,Excellent
820.22,1153.46,30.85,4.11,0.27,29.41,1.87,6.0,46.1,Urban,Clear,-127.59,Poor
874.75,3208.79,44.06,17.67,3.03,41.32,2.04,5.0,67.7,Urban,Clear,-110.04,Poor
901.36,39.76,22.16,14.86,2.94,42.74,1.21,3.0,51.2,Urban,Clear,-56.52,Excellent
2583.85,2442.96,48.11,6.23,3.58,12.07,2.29,5.0,49.4,Suburban,Clear,-100.63,Poor
1816.65,1919.54,42.62,17.8,1.63,48.54,1.71,3.0,51.8,Urban,Clear,-104.72,Poor
2421.45,2126.56,35.11,3.27,2.13,30.78,2.22,5.0,43.5,Suburban,Fog,-110.89,Poor
3478.69,996.6,41.76,17.04,1.69,43.18,1.64,1.0,74.3,Suburban,Clear,-73.17,Good
3490.22,52.79,36.99,15.46,1.95,35.64,2.45,9.0,41.6,Urban,Rain,-77.29,Good
828.79,2340.73,22.32,6.4,3.2,28.04,2.07,4.0,68.2,Urban,Clear,-137.58,Poor
5787.2,415.11,45.7,15.77,1.29,20.96,2.41,7.0,37.6,Urban,Rain,-108.55,Poor
834.35,997.44,43.73,2.97,4.34,17.52,1.74,1.0,86.9,Suburban,Clear,-73.52,Good
717.21,35.81,32.19,17.24,4.97,38.49,1.59,3.0,98.0,Indoor,Rain,-68.92,Excellent
690.73,26.6,24.2,11.68,2.13,13.1,1.79,9.0,63.0,Urban,Clear,-73.33,Good
899.73,55.87,43.08,10.34,4.95,19.74,1.39,2.0,65.5,Rural,Clear,-12.32,Excellent
5010.43,239.98,29.88,17.86,2.41,31.02,1.49,12.0,53.2,Dense Urban,Clear,-134.85,Poor
919.34,133.19,44.65,2.42,0.1,18.79,1.69,3.0,56.2,Suburban,Clear,-56.21,Excellent
2588.07,2486.72,25.83,10.2,4.51,31.99,1.64,3.0,38.7,Suburban,Clear,-109.39,Poor
2082.55,10.84,37.96,13.76,1.68,24.45,1.25,10.0,34.5,Dense Urban,Rain,-65.25,Excellent
728.71,16.45,19.26,3.8,0.3,20.77,1.48,5.0,63.9,Urban,Clear,-68.58,Excellent
2089.21,75.56,43.39,2.24,0.92,38.63,2.0,1.0,37.5,Rural,Rain,-32.05,Excellent
710.26,28.36,30.87,11.84,3.62,19.7,2.37,4.0,66.4,Urban,Clear,-52.73,Excellent
2110.67,125.26,22.17,7.41,1.17,17.89,1.46,2.0,71.5,Rural,Clear,-55.66,Excellent
2400.84,864.49,38.3,9.71,3.67,16.79,1.48,6.0,79.4,Urban,Rain,-119.59,Poor
2383.71,4799.6,37.4,11.96,4.16,18.11,2.17,8.0,37.1,Urban,Fog,-145.57,Poor
878.49,35.11,24.75,8.18,4.55,10.5,2.03,5.0,32.6,Suburban,Clear,-54.22,Excellent
3499.22,52.22,44.53,5.43,4.53,38.62,2.35,3.0,67.5,Indoor,Clear,-85.88,Fair
2400.66,1187.96,17.39,5.82,0.9,32.62,1.39,4.0,68.4,Suburban,Clear,-116.18,Poor
916.4,54.23,22.41,5.0,2.79,11.91,2.37,2.0,67.4,Suburban,Rain,-64.43,Excellent
2112.59,793.23,23.04,13.46,4.42,29.3,1.56,5.0,69.6,Suburban,Clear,-95.55,Fair
874.72,375.68,43.3,4.15,1.21,43.4,1.56,3.0,36.4,Urban,Fog,-89.31,Fair
5828.25,2029.24,22.09,17.55,5.0,29.17,1.75,4.0,54.0,Suburban,Fog,-113.62,Poor
3513.67,12.3,24.93,2.08,3.68,49.99,2.45,2.0,49.5,Suburban,Clear,-48.13,Excellent
874.59,4408.67,37.8,6.86,4.67,14.09,1.33,7.0,69.9,Dense Urban,Rain,-163.71,Poor
2594.31,4003.9,23.21,14.84,1.55,34.56,2.01,7.0,65.2,Indoor,Clear,-196.38,Poor
2606.53,11.49,21.42,3.44,1.01,31.05,2.3,4.0,65.1,Urban,Clear,-66.78,Excellent
2605.41,222.93,24.88,11.41,4.75,33.43,2.43,3.0,59.8,Urban,Clear,-96.4,Fair
680.89,121.18,36.37,6.65,1.41,30.73,2.2,11.0,56.8,Dense Urban,Storm,-109.84,Poor
5004.98,48.53,43.14,17.45,4.52,32.5,1.28,9.0,48.0,Urban,Rain,-71.77,Good
5790.98,4356.35,30.61,5.5,0.85,46.39,2.27,10.0,58.4,Dense Urban,Fog,-197.18,Poor
5790.34,29.6,46.26,3.14,1.79,24.57,2.21,12.0,65.6,Dense Urban,Clear,-94.81,Fair
5820.04,51.44,25.24,11.82,3.14,36.4,2.43,4.0,74.4,Indoor,Clear,-109.99,Poor
5795.32,10.52,46.86,8.02,4.56,18.88,1.43,5.0,78.7,Indoor,Fog,-65.0,Excellent
3501.64,368.13,43.51,16.46,2.31,24.21,1.85,4.0,66.1,Urban,Clear,-92.57,Fair
703.77,2105.09,19.87,16.64,3.0,31.5,1.71,2.0,79.5,Suburban,,-97.5,Fair
2103.78,477.01,43.65,14.72,1.63,38.35,2.1,7.0,68.3,Indoor,Rain,-133.18,Poor
882.79,573.68,,4.06,0.98,46.54,1.41,5.0,24.2,Suburban,Clear,-72.32,Good
905.97,15.1,43.28,12.53,3.7,38.15,1.26,4.0,71.5,Suburban,Fog,-17.3,Excellent
4990.08,849.66,22.49,3.48,3.67,37.57,1.61,0.0,34.5,Rural,Clear,-75.01,Good
5009.3,127.03,29.25,2.4,4.32,27.11,2.14,7.0,83.6,Indoor,Clear,-140.19,Poor
2378.74,189.9,44.63,5.15,0.75,19.47,2.03,7.0,14.8,Indoor,Clear,-130.45,Poor
3529.65,379.26,22.59,9.91,0.29,38.4,1.59,3.0,13.8,Suburban,Clear,-92.84,Fair
866.32,4290.22,29.49,9.22,3.13,24.95,1.97,4.0,88.9,Suburban,Clear,-106.52,Poor
895.04,1045.5,39.74,14.42,2.44,44.99,1.89,3.0,92.9,Suburban,Clear,-69.21,Excellent
4988.08,701.29,44.49,10.37,3.13,44.47,1.61,2.0,78.4,Indoor,Fog,-136.01,Poor
2093.27,146.44,45.8,6.23,1.19,13.14,1.23,1.0,83.3,Rural,Clear,-35.49,Excellent
2413.27,12.39,42.37,4.24,4.13,11.54,1.86,1.0,29.7,Rural,Clear,-15.54,Excellent
2109.32,284.38,30.92,11.12,2.22,28.43,1.21,11.0,76.0,Dense Urban,Fog,-131.26,Poor
912.13,607.71,32.91,12.8,3.39,18.97,2.12,1.0,37.6,Rural,Clear,-44.54,Excellent
5023.34,795.4,38.19,5.41,0.97,19.58,1.48,2.0,77.5,Rural,Clear,-69.53,Excellent
3497.38,437.17,17.42,12.11,0.25,26.43,1.61,3.0,46.3,Urban,Rain,-125.75,Poor
2610.17,64.67,31.29,15.76,1.79,41.26,1.35,3.0,53.0,Urban,Clear,-68.82,Excellent
1796.49,39.5,31.56,5.88,2.13,16.61,1.93,3.0,75.3,Suburban,Fog,-56.03,Excellent
2608.29,17.5,49.3,15.11,2.15,48.08,1.35,0.0,54.3,Rural,Rain,2.27,Excellent
5798.49,788.72,45.63,17.21,1.2,34.24,1.77,0.0,65.1,Rural,Clear,-43.31,Excellent
2616.6,4169.87,23.21,16.98,2.34,40.62,2.07,8.0,41.3,Dense Urban,Fog,-177.37,Poor
2070.32,261.23,37.68,4.26,2.53,16.32,2.46,6.0,40.5,Indoor,Clear,-132.19,Poor
882.94,655.99,28.85,2.78,1.43,16.0,1.87,4.0,49.7,Suburban,Clear,-93.44,Fair
2387.79,740.14,41.72,13.63,1.66,22.65,1.5,9.0,33.4,Dense Urban,Clear,-129.91,Poor
1826.72,27.27,30.6,8.11,2.8,45.79,2.09,2.0,68.5,Indoor,Clear,-75.94,Good
2600.42,32.94,34.69,4.84,0.22,43.48,1.6,13.0,61.6,Dense Urban,Clear,-103.13,Poor
691.86,36.46,41.02,9.15,0.21,20.64,1.56,7.0,28.2,Indoor,Clear,-80.6,Good
844.26,3293.91,44.22,10.68,2.16,26.65,2.02,3.0,84.2,Indoor,Rain,-156.95,Poor
3497.11,11.02,43.75,4.59,0.31,29.99,1.28,4.0,84.7,Suburban,Clear,-33.69,Excellent
1822.07,288.8,24.87,2.61,3.73,22.99,1.71,1.0,54.1,Rural,Clear,-59.83,Excellent
2127.74,104.23,43.69,14.51,2.93,48.01,1.68,4.0,44.7,Suburban,Rain,-45.67,Excellent
2420.65,601.96,23.02,9.3,0.13,37.18,1.4,7.0,80.2,Dense Urban,Clear,-147.66,Poor
2120.5,39.36,44.93,5.91,1.65,27.25,1.99,4.0,37.3,Suburban,Clear,-43.13,Excellent
3481.94,3928.0,45.37,17.28,0.44,10.31,2.2,6.0,87.1,Urban,Fog,-137.15,Poor
886.12,78.33,29.5,14.14,4.53,12.31,1.6,2.0,54.9,Suburban,Clear,-50.8,Excellent
3505.76,3155.36,45.9,8.44,1.55,31.92,1.69,1.0,81.9,Suburban,Clear,-95.71,Fair
909.37,389.25,20.68,6.37,1.91,40.22,1.69,8.0,70.3,Urban,Clear,-119.29,Poor
1782.16,131.41,29.9,13.67,3.94,34.66,1.96,7.0,98.0,Indoor,Rain,-119.49,Poor
2414.78,956.61,43.77,13.59,1.08,42.46,2.2,7.0,70.8,Dense Urban,Storm,-135.44,Poor
4982.0,310.96,42.6,16.14,1.04,40.96,1.39,2.0,94.1,Indoor,Clear,-115.85,Poor
885.78,23.66,22.95,2.21,4.04,42.13,1.22,2.0,45.6,Suburban,Clear,-46.07,Excellent
2388.41,796.88,37.17,12.07,2.67,34.37,2.17,5.0,36.1,Urban,Clear,-106.64,Poor
720.76,366.47,19.33,6.51,1.28,44.5,1.65,9.0,50.9,Urban,Clear,-119.53,Poor
713.93,336.25,43.76,17.59,0.79,23.49,1.88,9.0,57.6,Urban,Rain,-87.36,Fair
3501.84,982.28,17.58,2.4,3.96,16.16,2.06,1.0,57.2,Suburban,Clear,-112.5,Poor
3519.18,580.39,37.62,9.8,1.02,42.02,2.49,2.0,55.4,Rural,Fog,-53.99,Excellent
1818.78,97.38,32.69,13.37,2.46,21.93,2.19,8.0,62.0,Urban,Clear,-85.44,Fair
2593.39,72.38,36.09,14.02,0.95,19.2,1.62,6.0,71.2,Indoor,Clear,-104.74,Poor
1816.89,47.53,30.09,12.13,,,1.44,9.0,29.6,Dense Urban,Fog,-95.74,Fair
882.37,356.7,19.63,9.55,0.42,32.47,1.9,3.0,52.3,Urban,Clear,-107.81,Poor
2100.19,64.47,36.65,16.55,0.05,13.01,1.85,3.0,46.7,Urban,Storm,-75.01,Good
1777.09,21.14,44.46,11.23,2.88,34.97,1.36,2.0,59.7,Rural,Clear,-6.6,Excellent
4995.61,1295.62,39.99,10.34,2.85,19.11,1.8,4.0,53.7,Urban,Clear,-123.59,Poor
2101.22,36.68,20.58,15.71,,15.33,2.45,6.0,82.3,Urban,Fog,-80.7,Good
1774.8,27.86,18.99,9.09,0.99,48.59,1.9,2.0,64.6,Suburban,Fog,-56.41,Excellent
2397.76,1956.27,21.82,11.73,3.87,21.67,2.49,7.0,76.6,Indoor,Clear,-182.49,Poor
3509.1,785.28,23.09,7.26,2.23,26.46,1.46,4.0,50.3,Suburban,Clear,-106.2,Poor
906.85,1169.05,16.75,5.39,3.02,15.73,1.95,1.0,73.0,Suburban,Rain,-103.41,Poor
5773.26,88.23,47.58,9.37,1.4,47.87,1.33,6.0,44.6,Urban,Rain,-81.91,Good
2075.72,463.92,42.23,7.38,2.93,10.62,2.17,2.0,35.8,Indoor,Fog,-134.58,Poor
2591.08,3280.68,43.58,2.6,2.09,10.38,1.58,5.0,82.0,Suburban,Clear,-113.48,Poor
5820.56,57.94,46.65,9.79,1.37,26.23,2.45,6.0,54.0,Urban,Clear,-70.69,Good
2122.19,15.35,47.45,12.5,2.77,14.84,1.23,5.0,54.4,Suburban,Rain,-31.21,Excellent
838.58,28.92,23.74,2.83,0.35,17.78,1.93,1.0,39.3,Rural,Rain,-38.07,Excellent
3513.13,2643.84,21.11,11.08,0.63,21.5,2.11,,36.0,Suburban,Clear,-119.67,Poor
704.64,57.52,44.53,6.96,2.22,28.77,1.76,7.0,87.5,Dense Urban,Clear,-76.88,Good
2129.01,211.78,45.5,2.65,1.54,45.6,2.45,2.0,75.7,Suburban,Clear,-57.92,Excellent
5775.68,277.2,46.23,3.55,4.03,26.89,1.59,5.0,37.5,Urban,Fog,-101.46,Poor
2102.87,3899.85,46.53,13.46,0.98,41.57,1.23,5.0,40.3,Dense Urban,Clear,-145.63,Poor
2605.55,65.12,36.96,10.63,0.67,48.43,2.09,7.0,59.2,Urban,Clear,-77.23,Good
2388.46,255.4,28.74,17.29,0.33,43.76,1.87,3.0,46.8,Suburban,Fog,-70.85,Good
872.82,3854.33,19.69,12.91,4.08,44.13,1.99,5.0,39.6,Indoor,Clear,-180.2,Poor
1773.13,34.95,43.6,17.4,4.3,41.96,1.92,1.0,40.1,Suburban,Clear,-18.7,Excellent
2397.22,410.84,23.14,6.56,4.51,14.58,2.14,1.0,51.1,Rural,Rain,-65.16,Excellent
861.55,14.85,25.74,11.32,4.43,16.83,1.82,8.0,26.9,Dense Urban,Rain,-70.6,Good
2112.01,51.26,45.42,10.94,4.37,20.97,1.29,0.0,39.1,Rural,Clear,-13.17,Excellent
2080.86,15.37,38.02,10.38,4.87,36.99,1.28,5.0,76.8,Urban,Rain,-44.04,Excellent
5021.48,77.82,28.31,16.36,1.99,26.76,1.24,1.0,33.3,Suburban,Clear,-59.25,Excellent
842.63,36.07,46.27,10.44,3.29,30.1,2.45,3.0,53.3,Suburban,Clear,-22.75,Excellent
5027.86,1428.57,41.21,6.22,0.21,42.51,2.44,6.0,60.5,Urban,Clear,-130.85,Poor
2077.09,178.11,33.11,13.23,4.33,11.32,1.7,4.0,75.5,Urban,Rain,-88.48,Fair
2620.19,123.9,45.8,6.24,0.73,44.63,2.07,1.0,29.0,Suburban,Fog,-51.33,Excellent
2424.5,738.86,16.65,3.33,3.41,32.57,1.27,4.0,37.9,Indoor,Clear,-170.43,Poor
919.36,3601.33,32.03,11.42,1.63,33.66,2.12,5.0,53.7,Indoor,Clear,-174.73,Poor
5818.53,65.14,30.12,4.2,2.94,21.22,1.79,1.0,74.5,Rural,Fog,-52.9,Excellent
891.68,15.14,19.32,13.43,3.97,16.59,1.85,3.0,67.8,Indoor,Storm,-75.63,Good
712.8,19.78,43.96,9.01,2.54,32.88,1.33,6.0,87.2,Urban,Clear,-39.19,Excellent
3504.76,2058.72,21.0,15.86,4.75,43.69,1.71,3.0,42.3,Urban,Storm,-137.52,Poor
2595.47,1918.39,43.62,8.48,1.55,40.23,,9.0,40.0,Dense Urban,Rain,-157.64,Poor
5029.59,191.87,44.7,8.34,2.8,41.99,1.21,9.0,41.5,Dense Urban,Storm,-124.95,Poor
2087.43,25.03,30.38,8.86,4.29,23.5,1.74,8.0,41.2,Dense Urban,Clear,-82.32,Good
694.79,263.62,23.97,13.42,2.76,35.15,1.34,0.0,36.9,Rural,Storm,-42.0,Excellent
724.17,636.87,45.22,4.48,2.67,,1.44,0.0,63.3,Rural,Clear,-35.52,Excellent
2087.34,78.83,44.15,7.46,1.93,13.55,1.6,8.0,20.6,Urban,Clear,-79.49,Good
879.16,16.7,19.22,6.29,3.89,31.56,1.79,5.0,79.2,Urban,Fog,-62.45,Excellent
5788.6,73.95,41.31,8.21,1.8,10.06,1.51,7.0,51.9,Dense Urban,Rain,-112.34,Poor
865.56,730.87,19.69,16.59,1.24,39.42,2.44,10.0,63.0,,Clear,-144.3,Poor
5021.59,4371.04,36.59,12.1,0.64,45.56,2.4,9.0,27.6,Urban,Fog,-155.56,Poor
876.87,32.59,24.39,10.05,2.14,45.51,1.52,3.0,39.0,Suburban,Fog,-48.17,Excellent
857.3,2940.08,34.82,4.06,1.43,,1.78,8.0,42.8,Urban,Clear,-142.97,Poor
904.04,170.77,44.64,11.22,4.95,34.42,1.99,3.0,44.7,Suburban,Clear,-41.93,Excellent
860.13,616.6,42.07,14.78,3.06,39.84,1.44,0.0,44.1,Rural,Clear,-28.93,Excellent
2110.26,2143.37,39.3,7.78,4.96,35.62,2.02,12.0,54.7,Dense Urban,Clear,-161.17,Poor
1827.57,319.57,41.19,16.45,3.48,10.55,1.75,1.0,43.6,Rural,Rain,-34.79,Excellent
2390.79,14.65,42.54,7.62,4.24,30.99,1.24,2.0,68.2,Suburban,Clear,-27.3,Excellent
2387.99,52.16,46.67,4.57,0.56,30.6,1.53,1.0,70.9,Rural,Clear,-22.24,Excellent
704.87,1468.99,45.8,15.24,3.46,42.38,1.44,1.0,90.2,Suburban,Fog,-61.78,Excellent
845.77,310.63,41.19,11.05,0.59,42.16,2.27,1.0,59.6,Rural,Rain,-32.37,Excellent
848.43,77.3,28.83,10.27,0.73,36.35,1.85,2.0,51.1,Rural,Clear,-32.49,Excellent
824.16,375.24,21.21,16.81,0.39,16.2,1.43,8.0,57.2,Urban,Fog,-113.32,Poor
678.89,53.07,23.39,15.2,3.12,32.38,1.94,4.0,63.5,Indoor,Clear,-93.99,Fair
1826.12,44.72,36.86,17.88,3.25,45.44,1.77,6.0,40.9,Indoor,Clear,-79.77,Good
2374.1,1721.11,37.92,13.07,1.45,16.52,1.76,3.0,72.0,Suburban,Storm,-100.6,Poor
1805.41,120.16,27.34,11.27,4.48,44.3,1.46,2.0,69.4,Suburban,Clear,-60.2,Excellent
1815.27,54.89,29.2,10.62,4.62,13.31,2.03,1.0,21.5,Suburban,Clear,-51.12,Excellent
2070.71,127.16,46.04,7.7,4.02,48.53,2.27,7.0,92.9,Urban,Storm,-80.37,Good
2383.36,3053.25,37.96,4.89,3.13,48.6,1.83,3.0,61.0,Urban,Storm,-137.54,Poor
1792.62,30.76,19.56,15.2,2.99,49.36,1.39,13.0,37.0,Dense Urban,Clear,-99.04,Fair
900.41,31.62,18.52,2.11,1.97,23.63,1.54,2.0,35.8,Suburban,Fog,-57.32,Excellent
2090.5,90.12,24.66,16.21,2.28,44.14,1.61,3.0,59.7,Indoor,Clear,-107.01,Poor
708.94,14.56,32.3,6.2,0.71,23.73,2.35,5.0,38.8,Urban,Rain,-55.36,Excellent
2083.58,15.93,41.28,5.83,4.78,14.04,2.01,3.0,36.8,Indoor,Clear,-65.05,Excellent
5771.53,10.71,28.42,2.11,2.95,27.25,2.4,4.0,47.1,Suburban,Clear,-53.28,Excellent
1770.09,24.81,30.42,7.76,1.9,42.08,1.62,3.0,65.1,Suburban,Clear,-44.13,Excellent
840.73,535.04,20.56,3.42,1.01,10.98,2.33,0.0,48.3,Rural,Clear,-64.48,Excellent
3491.7,33.9,20.72,4.95,2.03,27.64,2.23,6.0,38.3,Urban,Storm,-96.01,Fair
876.92,104.63,48.77,13.01,0.84,34.11,2.43,2.0,86.1,Suburban,Fog,-34.4,Excellent
822.69,802.33,44.54,8.65,3.99,42.62,1.51,5.0,65.0,Indoor,Clear,-130.26,Poor
851.8,12.19,20.06,2.18,3.61,19.98,2.43,10.0,37.9,Dense Urban,Clear,-85.26,Fair
5004.67,36.66,31.08,7.07,3.73,14.39,2.06,7.0,59.4,Indoor,Fog,-109.24,Poor
5811.96,4873.85,47.07,2.1,3.42,,2.15,12.0,57.9,Dense Urban,Rain,-192.34,Poor
2408.32,408.49,42.03,16.64,4.47,34.49,1.44,3.0,55.0,Suburban,Clear,-62.63,Excellent
2570.49,604.32,19.09,15.77,0.91,34.72,1.48,5.0,56.0,Urban,Clear,-125.45,Poor
2607.91,247.06,29.31,7.65,2.62,24.4,2.49,7.0,51.9,Urban,Clear,-106.47,Poor
2589.34,4044.97,48.56,5.85,3.08,30.69,2.22,6.0,64.3,Dense Urban,Clear,-159.66,Poor
2416.37,24.52,21.53,3.71,4.91,24.92,2.36,4.0,54.6,Urban,Fog,-74.6,Good
5781.3,15.2,36.51,13.28,1.81,13.63,1.54,2.0,59.2,Rural,Rain,-31.0,Excellent
3512.97,1595.17,24.16,3.93,1.38,13.6,1.84,3.0,64.1,Suburban,Clear,-122.23,Poor
707.53,10.26,21.37,12.71,0.3,30.33,1.89,2.0,54.2,Rural,Fog,-18.49,Excellent
1809.14,327.82,46.39,6.13,4.85,47.19,1.55,4.0,69.9,Suburban,Clear,-61.66,Excellent
5780.56,10.09,20.15,13.67,1.27,27.5,1.39,8.0,81.8,Dense Urban,Clear,-85.43,Fair
2110.15,87.08,37.29,8.29,0.56,30.87,1.44,1.0,50.0,Suburban,Clear,-50.85,Excellent
914.22,571.11,30.08,4.19,4.48,42.35,,1.0,44.5,Rural,Clear,-47.52,Excellent
4999.36,300.07,37.25,6.44,4.66,31.8,1.75,7.0,28.1,Indoor,Clear,-141.24,Poor
2590.42,324.38,41.7,13.04,2.71,12.18,1.22,2.0,69.2,Rural,Clear,-45.13,Excellent
2379.99,26.59,37.34,12.96,1.36,,1.82,5.0,52.2,Suburban,Clear,-42.46,Excellent
2087.4,62.44,19.94,11.56,2.47,10.89,1.89,1.0,32.3,Rural,Clear,-46.23,Excellent
865.83,824.8,24.95,7.17,0.56,46.79,1.82,6.0,44.6,Indoor,Clear,-161.93,Poor
1794.56,11.56,23.96,12.16,0.67,49.19,1.97,2.0,64.2,Suburban,Clear,-34.54,Excellent
2112.16,404.25,40.83,2.68,2.4,18.94,1.32,2.0,71.0,Suburban,Rain,-80.28,Good
5814.41,248.62,41.75,11.67,4.22,31.79,,5.0,66.3,Dense Urban,Clear,-108.71,Poor
1810.45,84.79,19.08,14.5,0.72,13.05,1.5,5.0,54.3,Urban,Rain,-94.55,Fair
860.41,80.08,37.27,4.21,3.22,18.84,1.77,3.0,69.8,Indoor,Clear,-97.2,Fair
,1433.29,29.75,15.06,1.67,13.5,2.31,5.0,57.4,Dense Urban,Clear,-145.88,Poor
5801.11,107.4,,16.48,0.28,10.16,2.13,5.0,59.5,Suburban,Clear,-78.5,Good
2081.87,16.43,50.0,17.34,1.26,36.13,2.14,2.0,39.5,Suburban,Clear,-11.01,Excellent
1820.57,3949.26,19.23,2.48,0.35,27.45,2.24,9.0,76.9,Urban,Rain,-175.0,Poor
2627.86,22.48,45.09,16.33,0.94,37.81,2.46,7.0,69.0,Urban,Clear,-46.81,Excellent
2597.99,1420.05,36.78,3.02,1.53,48.79,1.25,5.0,47.9,Urban,Clear,-129.79,Poor
925.99,10.91,19.73,8.07,0.87,45.83,2.5,7.0,77.5,Urban,Clear,-59.13,Excellent
5829.88,96.27,23.29,10.77,2.02,11.44,2.42,7.0,30.1,Indoor,Clear,-138.22,Poor
2399.17,245.73,21.68,5.55,0.02,26.36,1.38,4.0,39.6,Suburban,Clear,-94.05,Fair
713.46,12.03,37.95,7.51,0.14,47.42,1.58,5.0,31.0,Suburban,Clear,-26.76,Excellent
2108.63,957.81,37.38,16.53,3.83,48.49,2.06,11.0,47.3,Dense Urban,Clear,-140.41,Poor
5784.24,50.5,23.04,4.8,3.88,38.94,2.34,3.0,40.8,Indoor,Storm,-122.74,Poor
1772.83,288.8,29.26,10.62,1.92,20.12,1.9,1.0,74.3,Suburban,Clear,-72.35,Good
2397.2,1375.53,47.34,15.23,4.91,27.23,1.87,2.0,57.9,Indoor,Storm,-139.96,Poor
2617.23,393.91,42.35,5.86,1.37,21.29,1.36,5.0,49.9,Dense Urban,Storm,-126.62,Poor
3489.51,169.7,36.04,16.96,3.74,20.15,2.14,4.0,63.9,Suburban,Storm,-71.08,Good
5017.07,80.75,20.62,17.68,2.22,20.35,1.85,5.0,71.1,Suburban,Fog,-75.91,Good
859.29,13.24,36.55,6.26,1.71,37.56,1.34,3.0,81.4,Urban,Rain,-42.08,Excellent
2411.73,2912.17,31.92,9.57,1.44,38.17,2.39,7.0,53.8,Dense Urban,Clear,-164.93,Poor
2387.14,395.92,46.7,2.18,1.15,32.79,1.51,5.0,55.3,Dense Urban,Clear,-119.17,Poor
848.2,506.4,21.83,17.37,3.31,47.62,1.89,2.0,35.0,Rural,Fog,-46.35,Excellent
2580.9,154.5,44.28,4.2,0.15,40.44,2.28,7.0,59.2,Urban,Clear,-91.4,Fair
834.79,101.38,45.14,8.84,4.52,26.82,2.08,5.0,60.6,Indoor,Clear,-86.67,Fair
2075.39,13.36,46.51,12.76,1.27,42.93,1.5,5.0,44.2,Suburban,Clear,-23.47,Excellent
1777.61,28.58,36.64,12.41,2.41,19.69,2.5,2.0,56.4,Rural,Fog,-19.21,Excellent
832.63,140.78,38.14,12.44,1.95,26.62,1.32,3.0,50.8,Urban,Clear,-71.05,Good
5004.81,44.91,44.04,2.27,4.74,12.11,2.25,1.0,62.7,Rural,Storm,-41.91,Excellent
896.47,13.18,44.38,13.75,0.84,46.6,1.8,4.0,51.1,Suburban,Clear,-11.21,Excellent
886.02,297.63,42.72,13.94,1.83,21.04,1.29,1.0,59.5,Rural,Clear,-24.68,Excellent
5021.67,178.91,25.55,10.73,3.31,14.11,1.52,4.0,,Suburban,Clear,-86.03,Fair
5001.51,137.17,28.06,13.7,1.41,40.91,1.31,4.0,70.7,Urban,Clear,-91.8,Fair
725.39,1308.01,42.06,2.01,2.72,47.79,1.47,2.0,65.0,Suburban,Clear,-78.95,Good
908.1,415.06,21.35,4.66,0.13,43.56,2.35,9.0,76.9,Urban,Clear,-124.2,Poor
3470.95,10.09,45.39,3.19,4.51,22.93,1.58,6.0,57.5,Dense Urban,Clear,-54.83,Excellent
3524.81,1138.6,30.66,7.01,4.19,49.91,1.99,5.0,54.0,Urban,Clear,-128.1,Poor
5821.45,200.67,38.01,5.26,0.62,21.03,1.46,7.0,27.0,,Clear,-141.1,Poor
2408.12,248.24,44.65,4.98,3.65,19.21,1.52,4.0,72.4,Suburban,Rain,-73.7,Good
702.09,2517.27,44.02,8.71,0.31,18.03,1.66,3.0,56.7,Indoor,Clear,-152.91,Poor
4997.18,19.71,28.28,11.98,4.61,10.6,2.43,4.0,50.3,Suburban,Clear,-54.95,Excellent
848.93,414.74,41.69,10.69,0.6,33.24,1.47,5.0,71.4,Urban,Clear,-87.8,Fair
866.15,57.75,20.34,15.39,1.79,39.41,2.05,8.0,70.3,Urban,Clear,-78.98,Good
2600.79,12.56,41.17,8.3,4.29,34.34,1.68,2.0,47.4,Suburban,Rain,-25.03,Excellent
2580.56,151.52,20.38,8.52,1.03,31.31,,5.0,61.8,Suburban,Rain,-92.81,Fair
673.49,58.27,45.53,2.17,4.64,35.66,1.92,0.0,56.0,Rural,Clear,-10.79,Excellent
827.57,10.09,22.16,14.16,3.34,44.85,1.68,5.0,77.9,Dense Urban,Clear,-54.65,Excellent
2385.09,214.01,44.33,11.64,2.37,22.35,2.33,1.0,34.9,Rural,Storm,-37.01,Excellent
892.06,69.14,35.56,4.01,,29.04,2.4,,81.5,Urban,Clear,-70.02,Good
2623.54,148.49,25.15,5.07,3.28,46.11,1.94,0.0,76.1,Rural,Clear,-46.49,Excellent
2084.35,10.76,47.25,4.74,2.94,20.86,,8.0,47.3,Urban,Rain,-48.83,Excellent
2389.18,121.45,21.51,8.52,2.11,11.89,1.89,0.0,44.7,Rural,Rain,-54.41,Excellent
2083.38,186.04,47.8,2.61,2.02,23.32,2.35,3.0,63.0,Suburban,Clear,-61.49,Excellent
,181.04,35.34,14.46,2.95,36.56,2.08,9.0,28.5,Urban,Clear,-92.37,Fair
1807.03,860.92,31.94,7.09,2.06,12.53,1.31,8.0,59.7,Dense Urban,Storm,-153.94,Poor
2601.93,4736.45,23.5,16.7,3.42,17.86,1.28,4.0,58.6,Indoor,Clear,-190.37,Poor
2427.11,11.89,17.63,6.35,2.18,27.24,1.4,3.0,65.4,Indoor,Rain,-89.56,Fair
2429.72,117.18,41.06,7.86,4.9,25.0,1.94,3.0,41.9,Suburban,Clear,-55.67,Excellent
2420.24,2052.37,42.39,16.74,2.77,46.9,1.42,1.0,98.0,Rural,Clear,-44.38,Excellent
918.32,488.36,47.3,4.7,0.7,31.19,1.53,2.0,58.8,Suburban,Clear,-64.27,Excellent
5791.96,4515.55,45.74,15.53,4.84,45.53,1.89,5.0,78.7,Indoor,Clear,-170.56,Poor
2404.79,842.34,22.71,4.42,4.93,26.01,1.94,2.0,63.6,Indoor,Clear,-158.62,Poor
3491.09,900.99,37.06,9.93,4.96,33.32,2.27,4.0,72.3,Indoor,Rain,-152.12,Poor
5017.06,16.05,43.01,15.98,1.53,32.59,1.77,5.0,32.0,Urban,Fog,-47.9,Excellent
5780.31,55.32,38.24,4.56,1.72,16.43,2.21,1.0,90.4,,,-63.81,Excellent
2583.0,376.43,45.01,2.6,0.03,10.59,1.3,10.0,65.6,Dense Urban,Rain,-140.33,Poor
3472.32,256.99,44.18,5.83,4.44,20.75,1.9,6.0,64.3,Indoor,Clear,-133.0,Poor
2106.54,1143.43,45.36,6.19,3.55,12.06,1.76,1.0,67.0,Suburban,Clear,-79.55,Good
3511.31,4806.76,28.67,8.51,1.41,39.83,2.4,2.0,64.5,Suburban,Clear,-118.17,Poor
1770.2,36.15,21.38,13.9,0.93,43.82,2.14,7.0,58.9,Indoor,Rain,-101.99,Poor
3500.65,143.3,44.3,2.77,4.45,23.63,2.1,6.0,50.6,Urban,Clear,-89.11,Fair
692.61,2185.62,33.4,11.15,1.77,17.02,2.38,7.0,33.6,Indoor,Clear,-169.83,Poor
5817.54,1828.69,22.88,13.6,2.81,15.98,1.52,6.0,89.1,Urban,Rain,-155.73,Poor
872.33,1605.39,38.36,14.91,0.79,30.37,2.19,6.0,35.3,Indoor,Rain,-152.28,Poor
2572.91,472.52,47.27,17.47,0.88,27.7,2.33,5.0,75.5,Urban,,-91.0,Fair
707.21,4792.91,43.21,15.21,1.94,47.75,2.49,10.0,64.6,Dense Urban,Clear,-154.09,Poor
855.5,92.46,28.6,3.65,1.25,46.3,1.76,5.0,42.1,Urban,Clear,-84.07,Good
5819.87,20.6,46.78,4.81,1.11,47.96,2.07,3.0,69.6,Indoor,Clear,-74.14,Good
5005.54,22.79,18.38,13.53,2.04,36.11,1.44,4.0,47.1,Suburban,Rain,-65.59,Excellent
926.96,149.94,46.9,5.39,1.05,43.95,1.93,6.0,92.6,Urban,Clear,-73.29,Good
838.86,1487.77,21.44,5.95,4.72,42.29,1.78,1.0,54.1,Rural,Fog,-65.34,Excellent
4993.88,166.81,22.35,15.59,2.92,21.92,1.38,9.0,72.3,Dense Urban,Rain,-134.04,Poor
5828.66,446.79,22.34,9.39,0.22,34.63,2.39,5.0,45.8,Suburban,Clear,-105.99,Poor
826.45,92.53,32.1,8.35,1.1,30.25,2.37,0.0,37.4,Rural,Clear,-26.12,Excellent
2617.75,849.78,16.35,9.51,2.24,32.78,,5.0,54.2,Suburban,Clear,-109.48,Poor
870.69,25.9,46.5,6.11,2.15,27.58,1.43,6.0,85.9,Indoor,Rain,-69.67,Excellent
3499.19,253.38,18.79,3.4,3.44,19.98,1.22,5.0,24.9,Suburban,Clear,-102.15,Poor
2079.2,31.6,19.81,17.64,3.86,41.82,2.17,0.0,43.6,Rural,Storm,-29.14,Excellent
855.93,183.96,20.62,6.67,2.85,16.17,1.55,8.0,54.2,Urban,Clear,-113.04,Poor
1817.89,145.17,46.49,10.19,1.78,20.8,2.02,2.0,37.7,Indoor,Storm,-101.36,Poor
2371.98,428.25,21.27,2.94,0.94,42.62,1.89,12.0,33.0,Dense Urban,Fog,-162.6,Poor
3479.83,237.27,43.92,4.39,0.19,45.91,1.95,9.0,73.4,Urban,Clear,-107.84,Poor
690.56,4300.27,40.06,3.63,0.3,47.41,1.84,9.0,41.9,Urban,,-140.06,Poor
5785.35,2691.0,44.1,2.82,2.05,48.16,1.21,9.0,40.3,Urban,Clear,-147.5,Poor
2592.99,62.19,29.82,12.42,0.01,15.79,1.55,4.0,43.7,Suburban,Rain,-67.43,Excellent
5027.11,21.24,45.17,2.27,1.69,31.58,2.4,4.0,51.5,Suburban,Clear,-44.72,Excellent
5776.07,14.95,29.13,9.31,0.04,17.17,1.75,7.0,64.5,Urban,Fog,-75.97,Good
845.4,34.23,24.94,12.64,4.31,29.46,1.61,0.0,32.8,Rural,Rain,-20.68,Excellent
697.43,39.76,48.63,7.81,1.06,39.54,1.23,1.0,50.9,Rural,Clear,-2.91,Excellent
3486.82,2503.37,31.51,4.4,3.32,49.01,1.68,3.0,43.3,Urban,Clear,-139.0,Poor
836.71,3134.14,15.25,5.57,4.46,48.76,1.49,2.0,30.8,Suburban,Rain,-113.92,Poor
862.89,41.88,33.63,4.46,4.45,33.11,1.88,6.0,45.5,Dense Urban,Storm,-84.53,Good
2107.07,1116.33,22.99,6.73,4.11,25.69,2.1,12.0,71.7,Dense Urban,Clear,-169.2,Poor
5818.77,1801.78,42.75,7.7,3.17,24.38,1.28,6.0,60.9,Indoor,Fog,-175.0,Poor
3494.3,104.45,20.03,8.35,1.11,31.87,2.13,5.0,68.4,Urban,Clear,-103.52,Poor
2406.4,2251.16,44.88,5.57,2.12,14.7,1.23,2.0,10.8,Indoor,Fog,-164.28,Poor
873.62,4659.54,44.8,5.75,2.05,25.1,2.09,9.0,41.9,Urban,Storm,-142.17,Poor
1821.08,4093.08,20.26,12.23,2.95,15.34,1.4,4.0,63.8,Indoor,Fog,-193.53,Poor
2625.2,1005.51,34.71,2.37,1.94,12.47,1.65,9.0,47.4,Urban,Clear,-143.16,Poor
836.14,100.72,35.16,9.06,0.46,48.43,1.36,4.0,55.8,Urban,Clear,-70.65,Good
2429.13,40.99,46.1,16.87,0.22,22.7,1.92,3.0,56.0,Suburban,Storm,-36.07,Excellent
718.98,4783.29,23.63,14.18,2.03,28.92,2.23,5.0,25.9,Dense Urban,Clear,-168.62,Poor
1817.69,55.64,28.17,7.33,4.35,37.84,1.93,10.0,46.5,Dense Urban,Clear,-105.62,Poor
910.05,152.47,30.99,10.78,3.53,30.39,2.37,8.0,37.2,Urban,Rain,-88.34,Fair
2629.0,51.63,27.37,17.71,1.53,45.98,1.24,2.0,60.6,Rural,Storm,-36.17,Excellent
5796.49,218.28,42.01,13.46,4.67,46.38,1.66,9.0,47.3,Urban,Clear,-94.45,Fair
864.49,19.86,35.69,11.43,3.28,21.12,1.69,3.0,31.2,Indoor,Fog,-65.99,Excellent
3511.93,1526.23,22.06,10.95,4.19,27.14,1.61,4.0,53.0,Indoor,Clear,-174.06,Poor
2613.93,230.82,48.28,16.31,4.12,18.01,1.75,5.0,83.1,Indoor,Rain,-115.98,Poor
5815.09,135.59,17.61,5.12,3.11,47.24,1.94,5.0,22.1,Indoor,Storm,-147.42,Poor
5781.45,95.52,43.72,11.26,4.7,12.41,1.45,4.0,74.1,Urban,Clear,-79.37,Good
840.94,367.13,31.14,7.6,2.25,42.26,1.46,3.0,41.5,Urban,Clear,-92.18,Fair
3493.54,1273.19,42.34,9.49,3.93,43.24,1.38,4.0,54.3,Indoor,Clear,-151.21,Poor
2414.88,2728.88,48.05,2.64,1.02,45.15,1.59,4.0,23.4,Urban,Clear,-129.21,Poor
862.97,1867.38,47.12,14.69,4.71,36.0,2.04,3.0,59.7,Suburban,Rain,-70.27,Good
920.0,159.38,21.37,4.95,3.65,30.63,1.87,2.0,61.1,Indoor,Fog,-122.7,Poor
5817.31,1782.05,28.77,11.0,1.36,34.14,1.57,1.0,89.2,Rural,Fog,-76.93,Good
2405.76,267.13,20.67,16.77,2.94,17.65,2.45,5.0,63.5,Suburban,Rain,-89.98,Fair
1778.4,527.74,40.02,6.12,0.11,17.02,2.02,4.0,19.3,Indoor,Fog,-143.24,Poor
1808.13,661.63,30.21,7.24,2.63,41.7,1.55,5.0,57.2,Dense Urban,Clear,-135.47,Poor
5023.22,119.88,45.93,8.5,3.81,31.8,1.26,1.0,59.9,Suburban,Rain,-58.36,Excellent
908.59,205.04,36.35,10.7,1.82,47.29,1.51,4.0,27.8,Suburban,Rain,-60.71,Excellent
873.74,740.08,27.6,5.68,3.7,20.7,1.83,1.0,12.9,Suburban,Clear,-84.25,Good
2429.94,67.78,18.35,13.81,3.65,21.3,1.47,5.0,19.0,Dense Urban,Clear,-104.17,Poor
5791.55,1037.28,21.66,12.08,4.67,30.41,1.62,1.0,59.5,Suburban,Clear,-103.79,Poor
863.4,90.31,40.53,3.49,4.8,13.16,2.48,8.0,49.7,Urban,Clear,-80.89,Good
902.4,380.38,17.68,10.15,1.04,39.7,2.42,1.0,73.5,Suburban,Rain,-80.21,Good
2097.3,1822.71,42.33,7.76,1.62,16.67,1.86,13.0,80.7,Dense Urban,Clear,-162.94,Poor
834.39,11.55,35.83,7.61,1.12,32.49,2.29,7.0,69.2,Indoor,Clear,-66.03,Excellent
2584.75,44.53,38.01,17.73,1.95,13.95,1.56,2.0,70.5,Rural,Clear,-22.2,Excellent
881.1,327.02,29.53,8.49,0.2,26.37,2.17,4.0,77.5,Suburban,Clear,-75.9,Good
857.89,19.34,19.53,2.38,2.41,32.35,2.36,3.0,62.5,Urban,Clear,-62.11,Excellent
878.52,35.88,24.15,7.68,4.43,31.21,2.28,3.0,63.5,Suburban,Rain,-48.83,Excellent
5795.88,1051.4,39.53,11.59,3.63,49.01,2.02,3.0,15.5,Suburban,Storm,-97.72,Fair
5801.4,11.74,33.41,10.44,2.83,36.81,2.28,0.0,43.2,Rural,Fog,-20.19,Excellent
2396.29,443.07,23.22,3.23,1.25,31.33,1.21,5.0,33.3,Urban,Fog,-125.95,Poor
2121.3,12.36,42.58,4.69,1.23,36.14,1.7,2.0,79.2,Suburban,Clear,-27.44,Excellent
4996.59,20.55,29.38,14.31,0.41,39.58,2.2,1.0,35.2,Rural,Fog,-30.77,Excellent
824.97,113.11,30.89,2.12,0.41,48.19,1.73,3.0,34.7,Urban,Rain,-83.01,Good
2629.53,4016.81,42.77,5.69,3.82,15.89,1.44,3.0,47.8,Urban,Clear,-136.73,Poor
2620.7,297.32,19.77,17.69,4.71,38.57,2.21,6.0,84.0,Indoor,Clear,-136.78,Poor
3509.6,69.61,19.87,12.49,4.23,10.51,1.99,9.0,88.6,Urban,Rain,-107.21,Poor
915.38,128.87,21.59,5.93,4.69,10.25,1.88,3.0,52.0,Suburban,Clear,-74.2,Good
3477.69,342.85,16.5,5.1,0.42,38.55,1.64,0.0,62.7,Rural,Rain,-75.85,Good
2615.95,469.66,29.0,8.66,1.78,32.17,1.33,8.0,53.6,Dense Urban,Clear,-139.05,Poor
4982.46,52.85,22.19,12.33,1.19,41.98,2.32,2.0,66.0,Rural,Clear,-45.17,Excellent
849.34,34.08,39.12,4.74,0.49,25.11,1.46,7.0,16.0,Indoor,Clear,-88.16,Fair
2580.68,217.18,21.41,13.97,1.18,16.11,2.02,3.0,78.1,Suburban,Rain,-87.42,Fair
5015.23,550.09,22.26,2.67,3.21,35.74,1.58,1.0,54.4,Rural,Clear,-75.42,Good
884.76,1599.28,21.81,5.1,2.42,30.83,1.5,9.0,44.0,Urban,Clear,-147.99,Poor
3485.19,398.05,39.44,11.44,4.55,21.94,1.78,6.0,43.0,Urban,Fog,-104.86,Poor
676.55,739.36,28.38,13.3,0.66,28.63,2.15,8.0,62.4,Urban,Rain,-113.75,Poor
3513.24,202.42,43.06,12.76,3.42,31.94,1.5,1.0,83.3,Suburban,Clear,-54.57,Excellent
2587.75,338.5,45.53,6.19,2.94,18.25,1.32,13.0,81.7,Dense Urban,Clear,-135.12,Poor
851.1,518.86,30.19,8.17,3.7,39.35,1.83,1.0,40.8,Rural,Rain,-45.44,Excellent
689.93,43.44,19.56,2.6,2.34,34.3,1.91,7.0,68.8,Indoor,Clear,-110.34,Poor
3516.48,3319.24,47.74,2.01,0.18,12.64,2.05,6.0,38.8,Urban,Clear,-140.62,Poor
883.59,85.52,30.11,8.66,1.96,30.02,1.79,2.0,41.1,,Clear,-52.0,Excellent
2126.45,428.58,37.29,10.69,1.06,20.79,1.7,7.0,52.4,Urban,Rain,-110.5,Poor
689.28,326.59,48.27,15.14,1.54,45.55,1.4,1.0,63.6,Suburban,Fog,-38.65,Excellent
5776.23,2009.8,33.18,17.4,1.12,28.02,1.59,0.0,65.0,Rural,Clear,-64.92,Excellent
2384.42,20.26,37.54,11.59,3.17,15.75,1.52,3.0,59.1,Suburban,Storm,-42.37,Excellent
5774.44,2435.08,28.85,15.06,4.61,36.63,1.37,6.0,26.1,Dense Urban,Clear,-163.76,Poor
848.12,23.43,42.69,4.09,0.74,20.57,2.44,8.0,66.6,Dense Urban,Clear,-69.3,Excellent
885.02,24.55,23.17,15.07,1.94,48.37,1.44,6.0,97.3,Urban,Clear,-59.25,Excellent
2623.16,2124.22,28.99,6.05,1.43,11.41,1.94,3.0,67.0,Urban,Clear,-143.09,Poor
2601.03,49.42,30.34,8.56,0.58,15.25,1.72,5.0,78.4,Suburban,Clear,-66.65,Excellent
3484.0,447.91,20.58,,2.0,49.72,1.91,1.0,68.2,Rural,Clear,-73.0,Good
5797.08,178.35,23.31,9.49,3.98,47.93,1.96,1.0,72.1,Suburban,Storm,-89.63,Fair
4981.76,3323.2,23.17,12.42,1.38,12.44,1.88,5.0,27.1,Suburban,Clear,-132.84,Poor
830.72,1290.69,19.82,6.03,1.3,25.16,1.63,8.0,38.7,Dense Urban,Clear,-160.98,Poor
1788.04,80.19,42.85,14.94,4.64,47.62,1.64,1.0,78.9,Rural,Clear,-12.02,Excellent
5776.5,1568.38,43.12,16.82,3.23,20.83,1.42,4.0,72.3,Suburban,Rain,-97.84,Fair
2381.32,40.68,44.59,,1.42,44.38,1.74,4.0,49.1,Urban,Storm,-60.05,Excellent
5026.28,458.57,21.91,5.9,0.16,30.85,1.67,5.0,59.1,Suburban,Clear,-109.05,Poor
2410.01,1067.83,29.86,13.28,4.95,42.31,2.49,3.0,74.3,Suburban,Storm,-95.09,Fair
725.27,790.32,36.39,6.71,4.88,36.54,1.32,8.0,61.5,Urban,Clear,-108.35,Poor
2085.41,592.06,30.59,4.6,3.34,42.18,1.95,1.0,75.0,Rural,Clear,-57.36,Excellent
5021.42,1738.04,19.83,6.56,0.62,23.78,2.49,5.0,48.5,Suburban,Rain,-130.75,Poor
2591.74,317.1,31.86,9.02,3.62,49.38,2.41,9.0,77.1,Urban,Storm,-117.64,Poor
828.65,3203.19,21.34,5.61,2.26,25.82,2.1,12.0,61.6,Dense Urban,Clear,-190.55,Poor
918.28,24.59,20.14,7.4,0.23,11.53,1.72,3.0,36.2,Urban,Fog,-71.72,Good
4973.58,91.21,44.41,8.33,0.66,40.72,2.15,2.0,94.1,Rural,Clear,-35.43,Excellent
5794.29,1297.99,20.35,14.06,0.21,18.71,2.42,3.0,96.4,Urban,Fog,-140.91,Poor
3519.16,67.83,21.27,,0.57,13.71,1.9,2.0,44.6,Suburban,Storm,-74.37,Good
707.03,156.86,47.33,15.2,2.77,37.4,1.65,8.0,47.6,Urban,Clear,-67.82,Excellent
2601.08,1218.93,43.15,5.09,3.68,41.19,1.22,6.0,69.5,Indoor,Storm,-160.46,Poor
4991.22,284.17,14.72,14.96,4.89,35.33,1.86,5.0,52.4,Suburban,Clear,-95.72,Fair
2574.5,32.09,31.05,12.25,4.92,19.81,1.32,7.0,54.6,Indoor,Clear,-95.12,Fair
2429.46,29.64,30.67,5.8,4.06,18.39,1.61,4.0,82.7,Suburban,Clear,-56.05,Excellent
2080.49,65.02,37.57,8.02,0.24,22.53,2.01,5.0,30.9,Urban,Clear,-74.0,Good
885.32,65.74,45.08,7.53,2.26,37.52,1.56,5.0,43.4,Suburban,Rain,-43.66,Excellent
884.15,23.38,19.96,8.96,0.25,12.37,1.49,2.0,55.1,Indoor,Clear,-88.05,Fair
3524.48,1789.47,29.43,15.52,3.18,44.44,1.97,5.0,57.8,Dense Urban,Clear,-152.28,Poor
715.82,57.92,24.19,8.59,0.78,48.52,1.3,5.0,83.8,Suburban,Storm,-60.1,Excellent
697.44,1462.98,44.93,2.87,3.28,,2.41,9.0,74.8,Urban,Clear,-115.96,Poor
1827.33,4239.48,22.64,13.8,1.27,26.94,2.48,3.0,41.8,Indoor,Clear,-187.04,Poor
3473.17,78.7,20.38,14.59,3.26,31.09,2.49,7.0,63.1,Urban,Clear,-96.08,Fair
2623.62,4155.51,37.5,11.16,3.66,30.56,1.21,2.0,43.2,Indoor,Rain,-175.34,Poor
2373.63,32.81,45.5,9.6,1.44,33.89,1.2,5.0,83.4,Suburban,Rain,-42.73,Excellent
2393.47,559.06,42.26,14.35,4.96,44.19,1.33,9.0,47.6,Dense Urban,Clear,-123.11,Poor
823.24,4733.32,,2.35,1.15,44.62,2.39,1.0,35.4,Rural,Clear,-85.18,Fair
1829.94,1519.75,41.82,11.35,0.49,,2.33,4.0,77.0,Indoor,Rain,-159.94,Poor
724.86,41.68,25.73,17.23,2.92,14.44,1.22,8.0,18.7,Urban,Fog,-66.85,Excellent
3505.09,,19.6,14.71,2.06,32.23,1.29,2.0,44.1,Rural,Clear,-43.45,Excellent
3483.07,51.08,37.28,6.41,4.15,11.54,1.59,5.0,10.0,Suburban,Clear,-60.53,Excellent
886.61,3508.4,40.76,16.68,2.58,37.1,1.56,9.0,65.7,Urban,Clear,-123.99,Poor
896.97,45.96,49.84,5.24,1.28,38.52,1.2,4.0,36.3,Urban,Rain,-48.84,Excellent
1789.37,237.38,35.71,10.75,2.62,36.85,1.31,13.0,81.0,Dense Urban,Rain,-130.74,Poor
4971.28,87.97,28.24,12.0,4.32,20.34,2.08,3.0,77.6,Urban,Rain,-92.87,Fair
2109.38,94.42,36.91,2.54,1.18,39.7,1.97,12.0,44.1,Dense Urban,Clear,-115.78,Poor
3506.81,126.41,21.66,4.04,0.61,21.71,1.66,8.0,98.0,Dense Urban,Rain,-137.98,Poor
2124.26,85.36,20.55,10.71,4.37,26.98,1.52,7.0,36.7,Urban,Rain,-97.6,Fair
2598.61,416.09,27.73,4.89,4.31,37.97,1.82,2.0,33.2,Suburban,Clear,-84.49,Good
2390.68,140.71,24.71,8.71,4.25,22.41,2.03,6.0,44.5,Urban,Clear,-99.64,Fair
900.69,154.98,21.41,13.29,1.37,45.48,1.6,1.0,57.9,Suburban,Clear,-60.53,Excellent
4981.68,232.09,42.82,12.01,3.98,23.04,1.37,1.0,69.4,Rural,Clear,-38.44,Excellent
3507.53,91.48,43.52,15.99,1.28,44.4,2.39,9.0,86.6,Urban,Rain,-80.23,Good
3516.2,1087.76,41.78,16.74,3.1,47.61,1.35,13.0,57.9,Dense Urban,Clear,-146.58,Poor
5779.21,228.5,46.09,16.83,0.61,24.98,2.29,4.0,48.4,Suburban,Storm,-73.83,Good
889.1,236.78,28.18,8.28,2.1,12.06,1.93,2.0,53.9,Suburban,Clear,-72.48,Good
722.07,36.84,41.43,3.95,4.54,20.15,1.81,0.0,69.6,Rural,Rain,-12.93,Excellent
2400.33,12.11,24.57,12.67,0.1,40.81,1.53,4.0,35.5,Urban,Storm,-58.16,Excellent
1801.91,1528.3,30.23,16.7,0.77,13.81,2.11,5.0,41.7,Suburban,Clear,-100.19,Poor
2113.34,2036.67,20.18,14.31,3.2,45.02,1.84,3.0,92.6,Urban,Clear,-130.07,Poor
904.67,44.78,37.79,13.15,3.97,33.94,1.33,0.0,38.8,Rural,Storm,-11.3,Excellent
1774.17,93.69,29.75,14.84,2.19,41.88,2.27,2.0,30.6,Suburban,Clear,-51.02,Excellent
1818.24,92.53,36.91,8.56,3.81,40.36,2.09,12.0,88.6,Dense Urban,Clear,-105.28,Poor
1825.37,702.54,46.68,10.03,4.87,40.12,2.2,0.0,63.3,Rural,Clear,-32.53,Excellent
3473.2,32.01,21.21,5.2,3.48,10.98,1.5,0.0,80.0,Rural,Storm,-54.66,Excellent
2377.27,4380.44,30.75,12.74,2.21,39.56,1.62,7.0,24.0,Indoor,Clear,-188.93,Poor
2112.12,14.69,32.19,7.57,3.15,37.11,1.63,1.0,84.6,Rural,Clear,-18.48,Excellent
856.27,4247.85,43.04,6.28,1.53,34.07,1.41,5.0,10.0,Dense Urban,Clear,-152.11,Poor
2392.95,15.33,34.98,6.01,0.48,44.28,2.35,3.0,54.3,Suburban,Fog,-41.18,Excellent
852.35,71.94,44.63,10.17,0.73,31.16,1.68,1.0,89.4,Suburban,Clear,-33.02,Excellent
,47.49,45.63,10.64,2.19,32.82,1.6,9.0,81.9,Dense Urban,Clear,-77.79,Good
2100.27,50.2,21.85,15.22,1.42,30.71,1.82,9.0,72.4,Dense Urban,Clear,-97.94,Fair
828.41,4837.08,31.07,16.66,0.22,39.78,,3.0,87.8,Suburban,Clear,-97.94,Fair
1775.37,172.61,30.56,6.95,1.89,47.22,1.68,0.0,52.8,Rural,Rain,-42.79,Excellent
896.33,21.02,41.08,7.31,4.26,33.97,2.41,2.0,31.3,Indoor,Clear,-58.94,Excellent
5025.37,4478.62,31.01,6.5,0.41,24.14,2.41,4.0,45.8,Indoor,Clear,-195.29,Poor
5003.47,,45.81,6.83,4.51,30.46,1.62,9.0,29.1,Urban,Clear,-72.48,Good
691.49,15.7,23.49,13.66,0.8,47.83,1.97,2.0,50.4,Suburban,Clear,-27.87,Excellent
2624.52,11.62,45.62,12.07,2.29,17.34,2.04,5.0,26.0,Indoor,Rain,-59.24,Excellent
2593.32,177.93,27.5,3.25,4.46,46.25,1.57,5.0,72.9,Suburban,Clear,-81.54,Good
1800.55,3009.9,49.08,11.16,0.39,43.27,2.49,4.0,18.0,Indoor,Fog,-161.47,Poor
2076.99,11.11,29.22,15.56,2.92,24.74,1.98,1.0,46.9,Suburban,Clear,-24.5,Excellent
3514.24,906.21,17.89,2.96,3.76,45.11,2.13,3.0,41.4,Indoor,Rain,-169.89,Poor
1812.02,50.45,23.17,16.49,2.88,39.96,2.1,7.0,47.8,Dense Urban,Clear,-89.02,Fair
717.65,39.02,31.51,6.11,0.2,47.94,1.49,2.0,50.2,Suburban,Fog,-42.85,Excellent
1789.51,793.43,21.85,7.24,2.73,30.34,1.97,2.0,86.3,Rural,Fog,-69.3,Excellent
896.16,1043.49,41.99,8.39,0.74,38.67,2.32,5.0,46.3,Suburban,Clear,-80.35,Good
1780.1,322.68,29.85,4.28,2.02,24.13,2.19,7.0,32.2,Indoor,Clear,-146.69,Poor
927.87,35.15,43.0,3.58,1.12,25.31,1.8,3.0,63.8,Urban,Fog,-51.33,Excellent
825.16,10.4,47.46,5.85,3.78,17.21,1.91,5.0,52.9,Suburban,Rain,-16.61,Excellent
5808.94,976.99,20.89,2.09,4.04,33.02,2.03,8.0,52.1,Urban,Clear,-152.69,Poor
862.32,415.28,23.41,11.24,1.03,10.15,1.68,2.0,48.1,Indoor,Clear,-138.05,Poor
3479.46,138.18,38.37,4.15,3.21,46.75,1.63,5.0,47.6,Suburban,Clear,-70.39,Good
3491.92,37.71,43.96,3.49,4.04,23.26,1.78,2.0,57.4,Suburban,Fog,-43.12,Excellent
2572.59,1138.78,46.63,11.01,2.18,34.89,2.5,10.0,39.2,Dense Urban,Clear,-141.97,Poor
5803.4,15.54,23.33,11.48,4.59,48.97,2.11,3.0,69.8,Urban,Rain,-65.02,Excellent
729.7,542.79,22.92,12.56,1.09,26.74,1.37,7.0,98.0,Urban,Fog,-117.15,Poor
1795.79,721.05,22.63,10.06,0.63,12.86,1.36,4.0,42.2,Indoor,Rain,-165.22,Poor
879.4,40.05,30.2,16.15,0.77,25.01,1.38,3.0,52.5,Suburban,Clear,-43.07,Excellent
2377.57,201.59,36.14,4.0,4.56,49.22,2.35,10.0,65.1,Dense Urban,Clear,-118.35,Poor
2593.55,253.51,34.09,14.58,3.1,48.31,1.39,4.0,71.7,Indoor,Fog,-123.16,Poor
5024.12,394.32,45.04,8.58,0.58,37.29,1.79,7.0,65.9,Urban,Fog,-107.52,Poor
1822.6,2705.7,31.64,16.46,1.94,37.19,2.04,5.0,35.9,Urban,Clear,-126.94,Poor
889.42,298.37,36.21,5.75,1.53,29.33,2.25,5.0,21.4,Urban,Clear,-92.72,Fair
5810.72,15.19,35.56,17.16,4.38,30.19,1.62,1.0,25.4,Rural,Clear,-14.73,Excellent
2623.17,85.32,22.68,15.87,1.77,32.12,1.5,5.0,70.0,Suburban,Clear,-68.15,Excellent
3516.01,496.4,20.17,4.77,0.43,25.86,1.33,1.0,46.6,Suburban,Clear,-103.23,Poor
2107.71,79.28,20.83,8.96,0.05,42.68,1.3,1.0,40.9,Suburban,Clear,-67.57,Excellent
2079.15,1182.08,43.72,5.89,2.86,46.33,1.4,1.0,47.2,Suburban,Rain,-81.03,Good
1774.38,32.55,44.62,4.27,0.76,44.51,2.09,5.0,66.3,Indoor,Rain,-83.25,Good
3506.88,24.32,16.65,8.21,4.96,21.31,1.29,8.0,87.2,Urban,Clear,-86.9,Fair
900.02,42.03,28.65,10.56,4.53,18.05,2.04,4.0,40.9,Indoor,Clear,-86.94,Fair
5784.28,2314.87,44.84,8.43,2.6,49.03,2.32,8.0,33.8,Urban,Clear,-136.58,Poor
837.57,688.37,43.56,7.31,3.5,16.28,1.87,4.0,61.9,Urban,Rain,-97.38,Fair
2093.53,253.28,18.7,7.25,0.99,24.93,2.42,4.0,61.2,Urban,Fog,-112.18,Poor
1799.73,64.65,44.1,4.58,0.1,12.01,1.8,6.0,44.5,Indoor,Clear,-104.9,Poor
2593.42,3014.73,42.11,5.56,0.13,18.4,1.81,2.0,69.0,Rural,Clear,-71.55,Good
2593.24,2504.84,19.65,10.47,2.83,27.09,1.41,2.0,61.9,Suburban,Clear,-115.22,Poor
5776.94,119.67,28.29,4.55,0.85,12.45,2.02,12.0,35.1,Dense Urban,Storm,-148.68,Poor
3521.94,1075.42,20.03,15.27,3.57,32.96,2.19,13.0,50.4,Dense Urban,Rain,-172.21,Poor
906.55,2922.01,38.53,13.78,3.51,27.22,1.46,0.0,76.8,Rural,Clear,-46.81,Excellent
878.77,70.1,45.28,17.82,4.81,27.23,2.0,4.0,74.1,Urban,Clear,-44.29,Excellent
4995.43,77.13,23.97,7.07,3.86,40.51,1.74,5.0,59.0,Suburban,Rain,-80.22,Good
2095.0,297.25,29.93,4.92,2.82,25.81,2.48,5.0,98.0,Dense Urban,Clear,-124.85,Poor
706.04,126.52,38.62,3.21,1.73,12.74,1.3,6.0,61.9,Dense Urban,Rain,-104.45,Poor
5006.53,1135.56,19.31,7.6,4.79,37.34,1.71,7.0,61.6,Urban,Clear,-145.15,Poor
2608.71,281.29,25.33,16.74,0.93,37.89,1.74,6.0,49.1,Urban,Clear,-105.52,Poor
711.87,37.31,24.02,11.46,1.0,30.55,1.81,2.0,51.4,Indoor,Clear,-81.01,Good
3476.2,91.6,20.37,17.34,3.15,10.22,1.59,0.0,65.1,Rural,Storm,-49.88,Excellent
2588.3,648.12,43.42,16.62,4.93,47.95,1.57,9.0,42.9,Urban,Clear,-105.13,Poor
2571.04,13.94,42.3,8.08,0.41,22.16,1.66,0.0,69.4,Rural,Clear,-12.88,Excellent
4997.28,83.85,19.21,9.01,4.95,22.24,1.41,4.0,69.7,Indoor,Clear,-123.43,Poor
2095.77,11.05,20.39,6.79,1.96,17.39,1.37,1.0,26.8,Suburban,Clear,-45.97,Excellent
2114.06,1642.46,18.2,13.87,3.2,35.47,2.36,2.0,25.0,Suburban,Fog,-104.12,Poor
2580.03,20.72,45.1,11.11,3.42,33.81,1.86,0.0,49.3,Rural,Fog,-5.77,Excellent
857.89,16.16,35.59,3.01,2.79,45.54,2.22,2.0,90.4,Rural,Clear,-15.06,Excellent
838.4,1327.37,37.86,16.7,4.59,35.02,1.65,4.0,92.1,Indoor,Clear,-136.24,Poor
4992.91,17.44,20.88,14.57,1.62,20.86,2.41,10.0,10.0,Dense Urban,Fog,-99.26,Fair
913.16,702.76,21.9,16.93,3.68,41.39,2.26,6.0,59.9,Indoor,Clear,-147.26,Poor
2374.29,105.98,45.5,5.99,2.72,21.59,2.45,1.0,55.7,Suburban,Clear,-46.9,Excellent
890.57,1650.98,44.79,14.05,3.83,45.85,2.2,1.0,36.0,Suburban,Clear,-65.93,Excellent
893.48,31.15,34.8,12.14,4.33,14.25,2.13,7.0,51.8,Dense Urban,Clear,-68.66,Excellent
2412.94,16.9,20.41,3.97,1.96,26.97,1.97,8.0,41.4,Urban,Clear,-82.33,Good
4981.95,41.35,22.1,6.15,0.05,49.2,2.23,3.0,50.6,Indoor,Clear,-108.96,Poor
2126.84,3279.48,45.89,5.07,3.94,40.23,1.61,1.0,51.5,Suburban,Clear,-88.4,Fair
879.87,1728.91,37.04,4.45,0.67,23.78,1.29,9.0,32.8,Urban,Clear,-134.25,Poor
919.13,59.07,22.99,12.39,1.4,39.81,1.67,5.0,50.3,Urban,Clear,-75.58,Good
837.98,36.0,20.38,15.86,2.87,10.6,2.21,6.0,49.7,Dense Urban,Storm,-86.63,Fair
5009.83,26.5,38.5,17.81,0.94,10.71,1.34,5.0,68.7,Indoor,Clear,-85.34,Fair
1774.99,39.54,48.88,5.44,4.28,26.2,2.36,6.0,58.4,Indoor,Rain,-83.68,Good
1822.28,35.76,46.75,12.79,1.41,48.34,1.9,7.0,70.7,Dense Urban,Clear,-62.59,Excellent
700.96,2495.7,43.85,3.25,1.65,32.68,,3.0,64.4,Suburban,Clear,-87.85,Fair
2080.59,11.32,19.64,5.82,3.62,14.04,1.86,2.0,82.8,Suburban,Rain,-52.64,Excellent
5789.64,2373.69,42.84,15.56,0.58,33.1,2.29,9.0,48.9,Urban,Fog,-139.99,Poor
2118.04,12.94,42.82,17.06,3.3,46.09,2.49,5.0,73.4,Suburban,Clear,-14.43,Excellent
2622.21,1704.52,45.45,17.53,0.14,32.97,2.25,9.0,56.5,Dense Urban,Clear,-139.72,Poor
851.18,140.95,20.19,9.43,3.45,21.33,2.34,4.0,85.5,Indoor,Clear,-118.02,Poor
848.82,16.16,46.94,13.77,1.99,48.93,2.27,5.0,62.3,Urban,Clear,-24.59,Excellent
3515.04,1433.81,43.1,7.91,3.82,47.64,1.79,6.0,35.9,Urban,Storm,-126.98,Poor
719.57,49.22,42.58,13.22,0.26,28.85,1.66,8.0,53.8,,Clear,-58.77,Excellent
2115.89,2343.0,20.19,4.44,4.55,43.5,1.93,8.0,51.0,Urban,Clear,-155.05,Poor
1793.07,1072.31,44.56,3.95,1.74,22.28,1.47,6.0,38.6,Urban,Fog,-120.08,Poor
708.52,4464.46,21.21,17.74,1.95,18.82,1.77,7.0,45.7,Dense Urban,Clear,-165.26,Poor
2421.44,1758.73,22.38,6.98,0.86,28.06,1.37,1.0,13.2,Rural,Clear,-80.17,Good
5779.11,44.7,18.27,16.35,0.64,45.6,1.59,13.0,43.2,Dense Urban,Clear,-118.43,Poor
693.29,127.19,23.69,2.36,0.27,40.62,2.12,0.0,68.7,Rural,Clear,-41.85,Excellent
4973.4,758.9,37.77,15.3,0.54,49.83,1.3,5.0,66.1,Dense Urban,Clear,-131.86,Poor
2394.53,71.29,44.71,16.99,2.77,41.52,2.4,4.0,44.7,Urban,Clear,-52.77,Excellent
3516.34,298.54,46.94,2.25,3.64,41.44,1.26,1.0,62.3,Suburban,Clear,-64.25,Excellent
681.82,43.79,20.95,8.23,0.51,43.84,1.53,5.0,80.4,Suburban,Clear,-59.97,Excellent
5002.51,615.58,48.96,14.93,0.65,11.76,2.45,2.0,40.3,Suburban,Clear,-71.56,Good
672.2,83.83,19.65,2.07,0.45,38.54,2.33,5.0,25.8,Suburban,Fog,-71.94,Good
5823.86,14.09,42.92,6.88,2.45,13.13,1.33,2.0,55.4,Rural,Clear,-25.96,Excellent
2619.2,4092.54,22.09,6.13,1.11,29.95,2.33,2.0,81.8,Suburban,Clear,-122.71,Poor
1801.46,1895.27,43.74,4.14,0.73,29.11,2.3,7.0,80.5,Urban,Clear,-131.49,Poor
712.35,66.03,29.99,3.41,2.1,40.15,1.83,3.0,51.1,Suburban,Rain,-52.13,Excellent
2576.23,22.38,47.48,5.98,2.96,47.61,2.33,0.0,69.9,Rural,Fog,-6.87,Excellent
720.71,964.61,36.35,5.2,0.89,16.89,1.83,5.0,54.6,Dense Urban,Rain,-132.9,Poor
2612.92,39.41,37.71,17.59,3.89,47.3,1.39,9.0,94.7,Dense Urban,Clear,-77.49,Good
3477.2,430.63,29.64,2.35,2.98,38.39,1.49,2.0,66.0,Indoor,Clear,-150.17,Poor
928.84,1266.81,20.24,4.07,3.8,34.49,1.63,0.0,24.0,Rural,Clear,-63.6,Excellent
871.35,54.36,37.94,14.91,1.65,39.57,1.64,1.0,47.2,Rural,Fog,-11.05,Excellent
907.71,58.64,34.38,14.2,1.96,18.76,2.16,2.0,56.5,Suburban,Clear,-39.93,Excellent
880.31,14.67,19.76,9.49,4.9,12.47,1.48,2.0,35.6,Rural,Rain,-26.77,Excellent
863.16,72.99,19.78,8.16,3.02,18.57,2.17,6.0,59.9,Urban,Rain,-90.29,Fair
874.22,409.73,29.99,7.54,0.76,24.13,1.92,9.0,44.9,Urban,Rain,-115.25,Poor
2574.87,26.33,43.07,17.58,3.57,27.17,1.97,4.0,68.1,Suburban,Clear,-28.49,Excellent
1797.98,3735.44,30.06,15.87,3.72,14.82,2.12,11.0,34.7,Dense Urban,Clear,-176.49,Poor
3529.64,890.8,30.54,6.19,4.82,40.24,2.23,2.0,49.7,Suburban,Storm,-97.33,Fair
4986.59,35.51,45.84,9.38,2.74,32.07,1.7,8.0,79.2,Dense Urban,Storm,-86.95,Fair
3506.75,270.47,26.92,13.94,2.95,36.44,2.09,4.0,56.9,Suburban,Fog,-79.92,Good
2401.12,113.89,29.49,15.2,1.53,13.41,1.26,2.0,59.6,Suburban,Fog,-64.38,Excellent
1820.53,107.64,44.17,3.95,2.78,30.02,2.2,2.0,36.1,Indoor,Fog,-96.25,Fair
5787.32,324.63,34.88,17.29,0.19,44.99,2.19,9.0,48.8,Dense Urban,Clear,-126.46,Poor
903.3,19.58,20.99,15.11,4.12,44.41,2.46,2.0,44.3,Rural,Clear,-17.45,Excellent
2127.04,38.12,20.61,10.06,3.47,38.05,1.43,3.0,52.3,Suburban,Clear,-58.71,Excellent
2089.96,25.35,44.19,10.01,3.41,34.24,,3.0,98.0,Suburban,Clear,-31.88,Excellent
3496.36,29.48,40.97,10.11,3.4,46.98,2.4,1.0,69.0,Suburban,Rain,-36.38,Excellent
2423.33,586.69,46.69,15.05,1.09,14.28,1.63,4.0,60.9,Suburban,Clear,-73.18,Good
3489.95,4882.24,32.0,10.74,0.22,11.62,1.99,1.0,46.8,Rural,Clear,-84.25,Good
5792.84,571.89,35.58,15.0,2.64,39.08,2.44,7.0,44.3,Indoor,Rain,-154.28,Poor
1788.25,4547.15,20.63,15.82,2.7,24.15,2.08,6.0,57.5,Indoor,Clear,-195.25,Poor
5018.57,360.85,39.04,13.24,4.27,15.32,1.54,4.0,66.7,Suburban,Clear,-78.77,Good
875.82,58.16,35.88,2.75,3.39,47.46,1.36,9.0,57.2,Urban,Rain,-81.99,Good
5807.87,2261.13,,9.17,1.64,10.81,1.65,5.0,41.8,Urban,Clear,-163.3,Poor
857.42,15.18,45.53,6.09,2.59,41.59,2.07,1.0,58.0,Suburban,Clear,-13.21,Excellent
4993.4,18.9,31.49,2.7,2.66,26.12,2.43,7.0,69.6,Dense Urban,Clear,-90.59,Fair
1770.75,3610.85,42.65,12.38,3.5,25.21,1.28,2.0,79.6,Suburban,Rain,-95.13,Fair
5780.44,568.63,44.9,10.21,3.77,26.5,1.76,2.0,77.1,Suburban,Clear,-76.47,Good
828.85,3215.44,30.68,2.98,3.08,23.98,2.24,2.0,47.0,Rural,Clear,-72.28,Good
2076.95,22.84,20.66,11.95,4.27,14.33,2.34,0.0,10.0,Rural,Fog,-32.75,Excellent
5809.24,1184.44,20.78,5.04,1.6,38.38,2.31,6.0,30.9,Urban,Rain,-155.51,Poor
678.18,43.03,23.31,17.0,4.1,30.68,2.21,7.0,30.3,Indoor,,-89.83,Fair
875.14,84.47,21.28,13.15,0.18,25.88,1.44,1.0,58.7,Rural,Clear,-36.69,Excellent
692.95,2669.01,28.83,2.06,4.18,31.33,1.66,0.0,34.4,Rural,Clear,-64.06,Excellent
1784.94,128.81,49.47,15.94,1.55,29.17,1.96,5.0,40.7,Suburban,Clear,-44.01,Excellent
1778.75,645.29,41.11,3.04,3.47,19.83,1.37,3.0,47.5,Urban,Rain,-105.58,Poor
2578.77,2481.6,20.88,2.19,3.56,16.21,1.71,3.0,98.0,Suburban,Rain,-126.19,Poor
885.37,2241.11,44.02,8.32,1.88,41.99,1.47,0.0,86.2,Rural,Clear,-46.08,Excellent
852.21,10.57,18.41,4.49,1.15,38.58,1.59,3.0,47.5,Indoor,Rain,-72.39,Good
865.49,26.73,22.69,15.09,3.77,17.69,2.23,6.0,91.8,Urban,Rain,-62.53,Excellent
5821.17,3015.31,41.1,17.11,1.54,14.88,2.09,4.0,57.5,Indoor,Clear,-171.62,Poor
5815.09,329.57,22.64,14.53,1.62,31.99,1.21,9.0,40.3,Urban,Clear,-127.77,Poor
907.69,197.72,30.46,7.89,3.22,36.1,2.42,3.0,63.9,Suburban,Clear,-63.72,Excellent
874.46,15.0,40.26,6.67,3.46,33.42,1.88,3.0,36.0,Urban,Clear,-32.99,Excellent
701.18,11.68,31.55,7.48,0.03,20.97,2.05,3.0,15.8,Urban,Storm,-44.79,Excellent
5808.0,3743.15,19.64,3.39,2.51,39.28,2.01,2.0,13.4,Rural,Rain,-102.5,Poor
3494.7,190.07,43.99,16.46,4.12,18.47,1.29,3.0,77.4,Suburban,Clear,-57.33,Excellent
3489.64,1325.92,23.18,5.9,2.02,30.5,2.36,7.0,51.9,Indoor,Rain,-186.24,Poor
889.9,39.24,37.82,6.0,1.76,17.61,2.09,3.0,33.2,Indoor,Clear,-83.94,Good
2578.9,43.64,17.77,13.45,,24.01,1.53,6.0,62.2,Urban,Clear,-87.43,Fair
717.8,325.17,19.19,11.88,0.96,29.95,1.31,5.0,25.2,Urban,Clear,-106.53,Poor
2573.32,2314.02,40.51,17.34,4.63,32.9,2.49,11.0,33.1,Dense Urban,Rain,-157.79,Poor
2410.48,60.1,45.52,17.7,1.17,14.33,2.42,4.0,63.8,Indoor,Rain,-86.5,Fair
1821.87,77.17,18.8,8.68,3.47,24.27,2.14,0.0,92.6,Rural,Clear,-43.27,Excellent
3499.85,306.29,45.05,16.73,3.38,31.51,1.9,7.0,28.1,Urban,Rain,-92.9,Fair
2574.21,12.82,23.98,17.28,3.56,41.91,1.97,8.0,32.8,Urban,Clear,-59.3,Excellent
2095.71,105.26,46.42,15.7,4.2,20.34,1.84,2.0,51.1,Rural,Clear,-20.65,Excellent
840.59,317.24,37.84,16.92,2.61,41.61,2.32,7.0,67.6,Indoor,Clear,-116.93,Poor
729.13,10.3,42.81,11.6,4.52,48.59,2.16,3.0,61.3,Urban,Clear,-14.86,Excellent
5811.48,527.17,21.08,3.83,3.06,35.89,1.29,1.0,45.7,Suburban,Clear,-102.45,Poor
913.28,13.73,19.95,15.75,4.82,39.54,1.63,2.0,51.8,Rural,Rain,-18.08,Excellent
1800.95,877.3,45.26,6.92,0.46,42.07,2.14,7.0,59.3,Urban,Fog,-112.64,Poor
2612.56,1457.83,20.86,16.8,4.22,44.65,2.48,7.0,89.8,Dense Urban,Clear,-157.13,Poor
913.35,1836.04,45.36,10.31,3.14,13.91,2.19,2.0,72.6,Indoor,Clear,-141.48,Poor
1773.98,656.83,19.51,9.84,4.44,22.62,1.85,3.0,38.3,Indoor,Rain,-157.49,Poor
3483.36,327.84,38.6,15.3,1.75,30.25,2.2,0.0,24.5,Rural,Fog,-37.17,Excellent
2370.78,67.62,31.46,8.21,3.27,23.4,2.14,6.0,67.8,Dense Urban,Rain,-100.49,Poor
2600.59,139.97,29.55,3.7,2.57,18.83,2.13,6.0,29.5,Dense Urban,Fog,-117.74,Poor
722.55,17.18,44.31,14.54,3.8,46.58,2.43,12.0,63.2,Dense Urban,Clear,-51.87,Excellent
2106.57,809.93,18.08,6.65,3.29,40.79,2.0,1.0,69.8,Suburban,Clear,-97.69,Fair
2100.01,11.66,29.56,15.53,4.46,18.93,1.87,9.0,75.7,Urban,Clear,-54.83,Excellent
2625.56,130.57,35.87,16.65,2.15,19.64,2.17,12.0,33.0,Dense Urban,Rain,-113.83,Poor
830.33,232.41,30.0,8.27,2.91,35.3,2.35,2.0,71.1,Rural,Clear,-41.93,Excellent
824.48,568.29,24.1,12.73,4.25,28.66,2.01,3.0,76.8,Urban,Clear,-100.97,Poor
3525.04,84.39,20.83,2.28,2.79,22.31,1.23,8.0,50.0,Urban,Rain,-113.57,Poor
2624.17,156.7,37.63,14.7,2.14,43.4,1.29,3.0,36.9,Urban,Fog,-75.49,Good
5010.98,384.87,20.21,9.35,2.34,47.35,2.28,6.0,54.6,Indoor,Clear,-159.08,Poor
884.76,3101.85,19.76,6.23,3.86,24.5,1.86,11.0,56.8,Dense Urban,Rain,-185.38,Poor
5828.19,651.08,24.8,16.0,4.7,35.83,2.49,5.0,73.8,Indoor,Fog,-156.58,Poor
915.92,48.61,40.68,8.55,1.02,23.41,1.48,6.0,56.3,Dense Urban,Fog,-74.59,Good
2610.43,1935.26,19.0,15.17,1.25,48.19,2.12,5.0,61.1,Urban,Rain,-141.65,Poor
833.37,14.08,23.62,8.73,0.96,26.19,1.74,7.0,68.5,Indoor,Clear,-80.12,Good
5800.79,54.32,22.29,17.19,0.94,18.3,1.23,3.0,51.5,Suburban,Clear,-67.42,Excellent
1819.35,19.58,36.48,12.73,0.31,25.95,1.68,3.0,57.2,Indoor,Clear,-70.32,Good
5021.62,160.9,22.61,12.68,3.99,22.74,1.45,4.0,37.2,Suburban,Clear,-83.97,Good
1803.69,523.66,18.07,3.98,1.7,30.37,1.91,2.0,55.2,Rural,Clear,-74.11,Good
3501.37,271.11,22.19,13.96,2.12,13.73,2.33,3.0,50.8,Indoor,Fog,-140.05,Poor
2111.86,1547.29,24.06,10.32,4.33,34.72,2.49,4.0,52.4,Indoor,Clear,-170.15,Poor
701.69,340.12,22.37,13.49,4.58,40.95,1.92,3.0,32.7,Suburban,Clear,-67.24,Excellent
845.06,42.46,29.56,15.88,2.73,20.52,2.41,1.0,54.3,Suburban,Clear,-34.18,Excellent
2575.13,280.41,35.8,13.25,0.49,20.02,2.33,1.0,41.3,Rural,Clear,-43.56,Excellent
827.56,966.19,30.1,9.99,2.28,23.37,1.46,2.0,53.0,Rural,Fog,-55.18,Excellent
915.62,227.75,27.58,15.63,4.57,30.53,1.24,1.0,56.7,Suburban,Rain,-57.03,Excellent
2371.48,155.91,47.85,13.81,4.51,14.12,2.32,2.0,89.9,Rural,Clear,-22.95,Excellent
873.14,267.93,21.15,14.24,1.63,32.1,1.95,1.0,43.2,Rural,Clear,-45.97,Excellent
874.28,301.43,30.47,16.58,4.85,36.42,2.21,2.0,39.8,Suburban,Clear,-55.26,Excellent
2612.24,68.89,37.45,4.21,1.62,49.16,2.04,5.0,51.1,Dense Urban,Storm,-98.26,Fair
2570.25,2020.84,20.94,9.98,4.07,48.61,1.49,3.0,36.0,Indoor,Clear,-176.92,Poor
3488.72,36.35,46.38,3.98,4.68,22.71,1.79,3.0,12.5,Suburban,Clear,-42.24,Excellent
5815.8,12.26,37.0,13.99,0.65,36.66,1.66,5.0,48.3,Indoor,Clear,-70.77,Good
845.06,1002.92,43.64,8.91,1.46,39.31,2.1,1.0,52.6,Rural,Clear,-39.12,Excellent
2098.13,1876.63,24.25,13.53,2.8,43.29,1.27,5.0,57.8,Suburban,Storm,-113.46,Poor
897.53,542.91,45.69,3.95,1.84,13.43,1.78,3.0,49.8,Urban,Rain,-93.38,Fair
5782.13,184.36,44.35,11.92,4.9,15.18,1.52,4.0,39.9,Indoor,Storm,-121.61,Poor
2413.28,4285.98,34.24,3.81,2.02,21.93,2.12,3.0,61.2,Indoor,Clear,-188.95,Poor
676.18,100.15,20.68,7.65,4.19,20.7,1.8,9.0,45.8,Dense Urban,Clear,-110.99,Poor
2600.44,124.6,40.28,10.57,0.99,41.29,2.11,4.0,43.8,Suburban,Storm,-65.0,Excellent
680.2,393.91,44.2,13.07,4.92,42.61,2.23,4.0,67.0,Indoor,Clear,-108.2,Poor
872.79,145.11,41.01,10.02,3.65,28.71,2.2,0.0,52.4,Rural,Clear,-20.17,Excellent
3478.59,315.31,36.38,13.69,0.07,29.02,2.4,1.0,81.2,Rural,Clear,-46.43,Excellent
2422.16,4061.87,31.28,4.78,0.86,30.75,1.33,3.0,34.0,Urban,Clear,-146.93,Poor
3480.57,43.75,23.94,12.27,0.51,11.28,1.31,2.0,90.2,Rural,Clear,-47.48,Excellent
2386.7,25.17,42.07,8.17,2.96,25.9,1.5,4.0,64.5,Indoor,Clear,-75.96,Good
4978.29,139.04,29.2,4.47,4.17,13.66,1.79,3.0,33.9,Urban,Fog,-104.08,Poor
2414.13,229.23,26.02,15.65,3.93,15.33,1.85,0.0,50.3,Rural,Clear,-44.25,Excellent
696.73,841.19,30.89,17.61,2.89,37.4,2.36,2.0,43.2,Indoor,Clear,-125.65,Poor
726.62,3784.28,20.26,5.83,3.09,31.77,2.48,4.0,66.2,Suburban,Clear,-115.57,Poor
3509.86,722.27,37.18,4.52,4.72,27.41,1.64,4.0,43.1,Suburban,Clear,-91.12,Fair
701.88,4616.96,36.57,14.23,2.26,40.36,2.44,1.0,37.8,Rural,Fog,-54.14,Excellent
1809.4,46.22,33.0,17.85,3.75,33.24,1.53,6.0,64.5,Indoor,Clear,-87.76,Fair
672.43,36.63,42.72,8.7,0.49,20.51,1.44,9.0,51.1,Dense Urban,Fog,-75.51,Good
1827.04,67.19,37.22,14.65,0.42,36.53,2.1,7.0,11.1,Dense Urban,Clear,-85.05,Fair
2427.39,1331.75,27.53,4.35,0.86,21.49,1.69,1.0,77.9,Suburban,Rain,-106.17,Poor
836.57,31.87,42.05,5.65,4.79,14.44,2.24,6.0,51.5,Urban,Fog,-57.96,Excellent
2107.7,33.85,19.17,4.25,3.8,48.21,2.38,9.0,51.7,Urban,Fog,-93.01,Fair
5782.11,129.2,37.73,12.66,4.56,43.34,1.94,3.0,74.6,Indoor,Rain,-115.03,Poor
702.85,71.95,18.84,11.4,1.7,31.9,2.33,9.0,65.9,Urban,Clear,-88.49,Fair
716.25,555.68,37.07,12.59,0.84,13.83,1.61,1.0,98.0,Suburban,Clear,-65.54,Excellent
926.39,2526.59,19.09,4.7,0.3,27.02,1.29,0.0,41.7,Rural,Fog,-79.72,Good
4990.35,23.67,44.35,3.3,2.19,33.03,1.91,5.0,70.8,Suburban,Clear,-49.85,Excellent
2111.61,299.0,18.29,10.54,4.86,23.3,2.45,0.0,41.9,Rural,Clear,-55.45,Excellent
2612.99,17.32,29.74,10.48,0.21,17.71,2.0,0.0,63.0,Rural,Rain,-26.74,Excellent
683.27,39.61,37.15,8.75,4.64,30.29,2.15,9.0,76.7,Urban,Clear,-63.6,Excellent
3507.74,68.27,29.71,12.93,1.38,45.47,2.38,1.0,45.0,Rural,Clear,-35.31,Excellent
709.33,365.58,21.75,8.7,0.29,22.7,2.21,2.0,98.0,Rural,Clear,-55.1,Excellent
3515.84,314.49,22.79,15.7,0.86,44.89,1.98,0.0,67.2,Rural,Rain,-54.43,Excellent
880.0,544.02,45.52,14.44,0.49,25.19,2.26,6.0,48.3,Urban,Clear,-91.81,Fair
4972.41,1622.57,18.44,7.37,3.4,21.25,1.63,0.0,10.0,Rural,Clear,-84.7,Good
882.14,32.01,43.12,16.31,4.78,44.58,1.96,6.0,56.4,Urban,Clear,-39.0,Excellent
828.7,1014.77,25.72,9.87,4.94,13.75,2.35,8.0,85.1,Urban,Clear,-128.27,Poor
1779.27,631.35,19.78,9.43,0.35,40.57,1.75,1.0,62.5,Suburban,Clear,-91.76,Fair
697.25,16.41,27.81,13.54,2.74,29.03,2.27,3.0,68.6,Indoor,Clear,-61.36,Excellent
872.71,85.18,22.2,17.3,2.17,13.17,2.15,5.0,52.2,Indoor,Rain,-110.3,Poor
2396.92,11.88,44.89,2.53,1.4,36.97,1.63,7.0,53.6,Indoor,Clear,-71.42,Good
1810.11,17.51,45.15,4.8,2.69,24.8,2.04,4.0,54.3,Indoor,Rain,-66.35,Excellent
1792.59,58.34,22.94,14.88,1.23,40.28,1.77,0.0,46.9,Rural,Clear,-31.37,Excellent
4989.18,45.31,41.82,9.07,1.2,30.58,1.66,3.0,53.6,Suburban,Clear,-47.9,Excellent
870.05,2688.7,41.66,15.74,4.78,42.2,2.11,1.0,53.2,Suburban,Clear,-71.86,Good
1809.33,2584.1,44.71,7.62,3.74,10.95,1.4,,65.7,Rural,Clear,-59.62,Excellent
841.05,362.78,22.41,17.61,3.83,29.41,2.06,9.0,53.2,Urban,Fog,-106.62,Poor
2124.85,963.47,18.62,5.46,2.56,30.0,1.4,13.0,75.4,Dense Urban,Clear,-179.52,Poor
1799.91,4987.63,16.22,17.18,2.13,44.21,1.84,5.0,97.9,Indoor,Rain,-196.88,Poor
681.3,127.97,42.97,14.64,1.91,44.33,2.19,5.0,47.0,Suburban,Clear,-42.24,Excellent
698.99,257.05,21.64,17.59,0.68,29.19,2.06,4.0,89.4,Suburban,Clear,-71.84,Good
5010.48,572.05,35.94,4.59,4.86,21.03,1.69,5.0,68.2,Dense Urban,Storm,-152.23,Poor
692.03,3051.82,29.64,7.65,3.38,27.61,1.79,12.0,44.5,Dense Urban,Clear,-170.53,Poor
3520.63,1416.2,46.61,5.16,2.54,39.01,1.52,2.0,83.8,Indoor,Clear,-150.39,Poor
5801.99,14.92,21.83,15.28,3.15,13.08,1.74,1.0,67.9,Rural,Storm,-43.06,Excellent
2098.07,839.91,43.2,6.29,4.99,49.09,2.38,2.0,70.1,Rural,Rain,-46.59,Excellent
1821.52,47.86,19.81,10.41,1.25,35.51,2.3,7.0,10.0,Dense Urban,Rain,-101.29,Poor
3497.78,48.75,42.54,5.09,4.39,27.06,1.33,12.0,68.3,Dense Urban,Rain,-101.22,Poor
5794.86,299.9,37.82,13.32,0.5,33.76,1.44,12.0,53.9,Dense Urban,Clear,-139.27,Poor
826.22,757.35,22.32,13.89,0.03,45.74,1.25,3.0,63.4,Indoor,Storm,-148.99,Poor
5791.75,26.9,28.1,3.84,4.56,26.09,1.74,5.0,67.5,Indoor,Clear,-101.42,Poor
5793.82,70.61,41.91,12.97,0.43,19.06,2.28,7.0,63.6,Urban,Rain,-85.33,Fair
830.84,856.62,30.3,4.65,3.43,36.72,1.95,11.0,64.7,Dense Urban,Fog,-149.03,Poor
705.27,25.72,20.07,17.27,2.39,12.2,1.51,1.0,71.0,Suburban,Clear,-38.23,Excellent
3478.63,1964.89,23.97,16.08,2.05,25.03,1.71,3.0,49.8,Indoor,Clear,-170.86,Poor
683.42,170.16,46.65,5.23,4.95,18.34,1.32,9.0,90.1,Dense Urban,Clear,-98.49,Fair
2603.67,381.57,28.24,7.44,1.62,40.08,1.7,9.0,67.6,Urban,Rain,-126.23,Poor
686.14,16.48,25.57,11.53,0.47,44.36,1.69,1.0,40.3,Suburban,Clear,-28.42,Excellent
2608.38,3768.51,23.18,14.91,1.22,42.21,1.55,9.0,62.1,Dense Urban,Storm,-187.9,Poor
911.43,2814.51,,17.09,4.82,14.1,1.47,6.0,34.3,Dense Urban,Storm,-162.78,Poor
688.08,32.58,22.7,8.7,4.68,15.69,1.48,7.0,71.1,Urban,Clear,-70.03,Good
675.24,616.16,46.99,9.82,1.46,47.2,1.39,6.0,34.7,Urban,Clear,-86.8,Fair
849.37,1382.29,35.5,4.5,2.73,34.83,1.38,1.0,51.8,Rural,Clear,-52.23,Excellent
2375.57,21.34,29.48,7.59,2.96,20.96,2.47,8.0,49.1,Urban,Rain,-73.47,Good
700.91,361.85,35.62,17.87,4.9,33.94,2.05,0.0,71.6,Rural,Storm,-24.72,Excellent
5013.57,1974.01,44.05,17.0,3.12,39.18,2.03,0.0,39.7,Rural,Clear,-46.62,Excellent
2607.22,233.13,44.63,8.62,4.25,36.93,1.71,3.0,63.7,Suburban,Clear,-56.75,Excellent
896.9,3113.64,26.09,5.57,0.72,24.69,1.42,3.0,28.1,Indoor,Rain,-183.53,Poor
5826.75,13.46,42.25,11.17,2.47,34.73,1.83,8.0,76.3,Urban,Clear,-55.31,Excellent
2576.1,3026.37,44.2,8.77,3.82,13.52,1.69,4.0,54.4,Urban,Rain,-127.94,Poor
2622.8,4339.92,19.27,14.04,0.21,46.57,1.52,9.0,47.2,Urban,Fog,-166.06,Poor
868.01,26.36,48.01,12.08,2.16,42.03,2.19,2.0,59.3,Suburban,Clear,-12.88,Excellent
3495.18,145.59,24.95,12.57,4.73,45.25,1.5,2.0,60.8,Rural,Clear,-46.34,Excellent
2379.17,473.62,42.51,7.99,3.9,20.42,2.14,2.0,45.3,Indoor,Clear,-130.92,Poor
5779.35,2575.27,46.41,11.87,0.7,19.5,1.36,2.0,87.2,Suburban,Clear,-97.01,Fair
2125.31,26.95,38.91,13.03,2.45,32.44,1.85,8.0,76.4,Urban,Fog,-60.74,Excellent
2584.02,79.71,23.46,12.37,2.3,25.01,2.08,2.0,22.6,Suburban,Clear,-63.93,Excellent
1822.45,1424.26,44.62,13.13,0.6,17.92,2.09,9.0,56.7,Urban,Rain,-122.56,Poor
700.2,127.82,30.11,16.24,1.54,41.9,2.47,2.0,50.1,Indoor,Clear,-96.67,Fair
847.7,429.26,41.88,6.29,0.9,13.43,1.79,7.0,10.0,Dense Urban,Storm,-123.63,Poor
5007.17,324.67,43.23,4.5,4.94,11.06,1.69,13.0,58.1,Dense Urban,Storm,-151.34,Poor
3482.9,4232.15,21.82,2.55,2.52,43.15,2.17,3.0,39.6,Indoor,Clear,-197.95,Poor
1795.7,24.1,,13.2,0.77,18.72,1.28,5.0,52.4,Indoor,Clear,-79.21,Good
2626.31,3629.21,20.32,7.37,2.34,45.06,1.84,12.0,62.5,Dense Urban,Rain,-199.83,Poor
684.3,333.14,18.32,10.09,0.45,32.31,2.33,9.0,69.8,Dense Urban,Rain,-138.34,Poor
725.3,2756.0,41.81,3.17,4.21,34.13,1.54,4.0,61.4,Indoor,Clear,-161.81,Poor
2429.65,20.81,22.76,16.83,3.2,10.83,1.85,4.0,10.7,Suburban,Clear,-49.56,Excellent
2573.11,538.76,34.73,11.42,2.6,27.66,1.41,4.0,54.8,Urban,Fog,-111.58,Poor
5801.88,1851.11,18.67,4.0,3.65,46.56,2.43,1.0,19.7,Suburban,Clear,-117.03,Poor
3480.31,1329.75,38.17,8.5,1.55,39.8,2.3,2.0,33.8,Suburban,Clear,-92.46,Fair
907.3,10.64,24.35,7.01,2.04,20.3,2.2,1.0,93.3,Rural,Rain,-19.28,Excellent
5029.37,166.15,19.2,15.87,0.45,11.63,1.39,9.0,57.7,Urban,Clear,-121.02,Poor
2123.81,20.48,19.12,16.02,1.21,15.68,1.85,7.0,19.8,Urban,Fog,-75.2,Good
5025.49,25.85,47.91,14.65,0.16,41.77,1.48,5.0,51.6,Suburban,Fog,-38.1,Excellent
832.8,805.84,37.58,8.21,0.52,29.76,2.39,2.0,98.0,Suburban,Clear,-71.98,Good
702.54,3817.5,37.61,17.09,3.27,29.47,2.41,7.0,44.5,Urban,Clear,-123.8,Poor
684.09,514.53,30.85,6.4,1.13,44.34,2.15,2.0,14.9,Suburban,Clear,-74.36,Good
5823.97,18.89,44.56,12.58,0.03,,2.06,3.0,53.3,Suburban,Rain,-38.47,Excellent
681.47,45.56,20.32,10.38,0.98,27.84,1.52,0.0,98.0,Rural,Clear,-29.14,Excellent
5779.24,105.33,30.71,9.0,1.54,12.55,1.3,6.0,45.9,Urban,Rain,-107.12,Poor
3470.73,21.79,20.16,5.02,0.71,41.55,2.29,5.0,86.2,Suburban,Clear,-66.89,Excellent
830.92,1943.75,42.41,5.84,1.07,27.8,1.51,1.0,54.6,Suburban,Rain,-82.87,Good
4981.39,33.49,45.93,15.15,4.88,47.64,1.55,2.0,98.0,Suburban,Fog,-28.79,Excellent
824.65,22.37,41.29,12.7,0.12,19.01,1.53,1.0,51.7,Suburban,Clear,-19.16,Excellent
872.06,909.08,20.92,16.9,2.82,17.58,1.65,2.0,50.6,Suburban,Clear,-85.32,Fair
2416.8,21.99,40.85,12.9,3.92,10.13,1.62,,67.4,Suburban,Clear,-37.69,Excellent
885.27,128.07,21.78,2.97,4.91,37.59,1.53,2.0,42.4,Suburban,Rain,-68.96,Excellent
917.0,246.23,31.02,3.86,1.79,31.54,1.37,8.0,47.2,Urban,Clear,-104.8,Poor
845.33,16.46,37.44,13.58,1.52,21.33,2.21,7.0,52.3,Indoor,Clear,-65.63,Excellent
2616.53,316.27,29.27,6.01,2.12,23.23,2.43,6.0,89.3,Urban,Clear,-112.42,Poor
689.38,197.67,20.43,5.98,3.14,22.12,1.4,5.0,17.6,Indoor,Fog,-135.11,Poor
903.88,636.85,36.93,8.5,2.2,25.34,1.95,6.0,31.3,Indoor,Clear,-142.26,Poor
2392.9,39.04,22.05,13.92,1.65,22.26,1.77,6.0,87.1,Urban,Clear,-77.89,Good
2081.26,91.73,43.72,12.22,4.56,27.45,1.78,2.0,56.5,Rural,Rain,-23.34,Excellent
2605.14,603.1,19.23,5.11,2.06,43.84,2.18,3.0,33.4,Suburban,Clear,-101.67,Poor
915.05,12.48,40.37,16.34,0.93,31.23,2.18,0.0,65.5,Rural,Clear,8.96,Excellent
2615.19,20.54,43.92,17.56,4.98,41.07,1.28,0.0,53.3,Rural,Clear,3.25,Excellent
3491.38,58.25,42.36,14.67,2.83,32.9,2.36,0.0,43.2,,Clear,-14.71,Excellent
1801.12,19.37,37.16,5.09,4.25,21.07,1.22,6.0,36.2,Urban,Clear,-61.75,Excellent
915.83,12.78,28.25,14.7,1.6,48.77,1.77,9.0,47.5,Dense Urban,Clear,-61.25,Excellent
2373.27,4622.91,35.86,10.35,1.16,17.36,1.32,4.0,10.4,Urban,Fog,-144.26,Poor
2374.31,169.86,38.19,2.46,0.95,47.99,2.07,3.0,43.8,Suburban,Clear,-68.81,Excellent
692.57,275.67,47.66,12.68,3.78,47.44,1.74,1.0,75.4,Rural,Storm,-18.69,Excellent
2383.41,48.75,20.42,17.63,4.83,17.37,1.38,3.0,67.9,Suburban,Clear,-57.48,Excellent
842.48,10.49,36.57,8.91,4.71,16.48,1.64,4.0,46.2,Suburban,Clear,-18.53,Excellent
2375.63,1062.14,36.07,3.01,3.54,21.7,1.54,4.0,27.4,Indoor,Clear,-162.49,Poor
5805.52,898.23,23.81,5.69,3.61,34.29,2.05,11.0,44.0,Dense Urban,Clear,-171.72,Poor
2410.3,4215.59,29.53,10.94,1.32,27.19,2.07,0.0,10.0,Rural,Clear,-74.8,Good
3517.51,11.4,31.38,14.66,1.88,44.05,1.91,4.0,63.0,Urban,Rain,-47.78,Excellent
1809.03,23.43,21.46,4.97,0.33,49.22,2.21,8.0,65.0,Urban,Rain,-85.67,Fair
5793.78,835.69,30.62,5.51,2.81,27.73,1.23,3.0,70.0,Urban,Fog,-129.77,Poor
5026.1,77.78,22.25,16.76,4.79,10.57,2.05,7.0,75.2,Urban,Fog,-101.35,Poor
5813.58,14.86,29.37,16.11,3.32,49.08,2.05,1.0,70.6,Rural,Fog,-21.36,Excellent
3501.66,64.9,20.53,16.65,2.16,26.84,1.8,4.0,55.9,Suburban,Clear,-69.7,Excellent
2582.41,17.25,42.92,4.81,1.53,30.09,2.29,2.0,44.4,Indoor,Clear,-67.13,Excellent
2408.94,1822.52,45.87,16.92,2.47,35.07,1.3,10.0,43.4,Dense Urban,Clear,-144.93,Poor
5805.5,2327.11,17.93,7.44,1.73,40.52,2.19,0.0,52.9,Rural,Clear,-89.61,Fair
5011.0,523.54,26.55,10.27,,29.24,1.61,3.0,69.4,Urban,Storm,-120.92,Poor
2116.87,109.83,20.83,9.3,3.55,11.55,1.24,2.0,35.3,Rural,Rain,-56.95,Excellent
724.9,1188.34,28.74,17.65,1.3,34.89,1.23,7.0,59.5,Dense Urban,Fog,-134.03,Poor
726.94,506.57,33.08,6.2,2.18,,1.52,4.0,34.1,Suburban,Clear,-79.04,Good
907.81,1372.57,29.26,17.32,0.06,31.67,1.96,3.0,63.6,Indoor,Clear,-147.04,Poor
727.96,239.29,21.25,17.35,0.11,20.98,2.0,0.0,40.3,Rural,Clear,-40.64,Excellent
924.69,3859.62,46.13,16.68,2.23,10.18,1.35,9.0,92.3,Dense Urban,Clear,-148.79,Poor
820.16,60.64,45.31,7.72,2.18,15.25,1.58,1.0,47.9,Rural,Rain,-18.04,Excellent
5808.26,427.25,45.49,8.0,0.06,33.25,1.33,2.0,58.7,Suburban,Fog,-76.84,Good
680.71,1516.74,32.15,5.27,1.83,35.83,2.29,3.0,28.8,Urban,Clear,-118.15,Poor
2587.71,2585.45,44.31,9.61,1.36,14.97,2.31,5.0,64.7,Urban,Clear,-128.92,Poor
1787.85,3591.25,19.82,5.98,1.4,27.48,1.47,4.0,75.0,Suburban,Clear,-125.06,Poor
848.99,116.45,33.92,12.03,1.68,35.15,2.37,5.0,37.6,Suburban,Clear,-52.26,Excellent
3470.65,,37.46,15.88,2.99,27.04,1.31,7.0,52.6,Indoor,Clear,-151.83,Poor
5784.15,60.71,,17.19,3.62,37.95,1.9,2.0,35.4,Suburban,Storm,-50.81,Excellent
3471.75,565.79,43.81,9.0,1.96,47.37,2.13,9.0,50.6,Urban,Clear,-112.39,Poor
5809.03,31.42,18.93,8.9,4.91,23.05,1.72,4.0,72.8,Indoor,Clear,-107.86,Poor
2423.36,137.24,29.09,10.23,2.91,41.72,1.32,0.0,95.1,Rural,Clear,-39.04,Excellent
2629.87,3045.74,29.04,16.59,3.47,19.49,2.19,8.0,69.6,Urban,Clear,-145.22,Poor
846.91,1543.87,31.53,3.26,2.26,33.11,2.22,11.0,29.9,Dense Urban,Clear,-161.52,Poor
4985.61,218.8,34.35,6.9,4.7,44.98,1.63,3.0,52.8,Urban,Clear,-95.16,Fair
3521.19,24.91,44.11,5.15,2.69,45.12,1.23,1.0,69.8,Suburban,Clear,-34.21,Excellent
876.79,119.05,37.51,14.4,3.72,26.67,2.4,2.0,10.0,Indoor,Clear,-86.22,Fair
1828.45,23.68,22.89,8.05,2.6,43.02,1.31,13.0,61.2,Dense Urban,Fog,-102.51,Poor
2612.89,15.31,36.33,17.43,4.34,28.87,1.54,1.0,58.4,Suburban,Rain,-23.45,Excellent
700.24,2796.71,37.73,17.67,3.82,35.89,1.77,0.0,97.6,Rural,Rain,-43.09,Excellent
4975.8,212.01,22.34,16.09,4.13,31.27,1.78,8.0,55.0,Urban,Rain,-117.16,Poor
871.09,17.43,36.33,10.14,0.32,32.41,1.88,2.0,84.7,Indoor,Clear,-60.8,Excellent
702.67,859.54,37.1,16.89,2.86,12.71,1.47,3.0,,Indoor,Clear,-132.34,Poor
,15.86,45.58,8.03,2.61,43.93,1.7,3.0,68.3,Indoor,Clear,-56.55,Excellent
5020.56,117.28,27.73,8.29,1.95,22.33,2.41,2.0,61.7,Suburban,Rain,-80.22,Good
908.54,41.84,46.75,9.57,1.39,14.3,2.35,3.0,89.1,Urban,,-46.68,Excellent
2395.91,27.82,36.79,13.15,4.09,24.45,1.32,8.0,83.0,Urban,Clear,-63.32,Excellent
4983.56,275.44,45.67,3.02,1.45,13.23,2.22,0.0,46.0,Rural,Storm,-53.99,Excellent
698.83,875.83,17.71,10.57,2.84,11.08,1.92,5.0,24.2,Urban,Fog,-125.81,Poor
3479.78,206.5,17.37,17.45,2.48,24.97,1.24,2.0,72.6,Rural,Rain,-61.22,Excellent
910.02,1641.8,23.51,3.08,2.55,29.9,2.22,3.0,89.3,Indoor,Fog,-171.74,Poor
2606.34,2992.26,41.1,3.38,4.67,46.04,1.4,10.0,24.4,Dense Urban,Clear,-168.41,Poor
868.6,1508.54,38.52,17.1,4.47,25.5,1.52,0.0,90.3,Rural,Clear,-37.42,Excellent
846.97,3815.42,41.48,15.3,2.95,42.32,1.3,0.0,38.3,Rural,Clear,-45.38,Excellent
3486.72,3216.92,20.83,2.01,1.01,34.94,2.2,7.0,82.6,Urban,Storm,-175.56,Poor
5020.18,1765.79,29.14,9.22,0.92,28.59,2.12,4.0,54.3,Indoor,Clear,-179.82,Poor
5811.46,61.63,29.06,6.95,0.55,11.9,2.29,8.0,80.5,Urban,Storm,-115.67,Poor
2612.4,29.55,44.63,4.68,2.31,44.09,1.86,4.0,63.5,Indoor,Clear,-75.39,Good
2101.69,916.6,20.66,2.84,0.95,34.7,1.76,2.0,76.7,Suburban,Fog,-108.04,Poor
872.56,1914.51,47.07,6.0,2.22,18.68,1.92,2.0,48.3,Suburban,Clear,-79.43,Good
883.67,1665.66,29.53,12.44,1.75,21.09,1.21,7.0,27.8,Indoor,Clear,-166.85,Poor
2594.1,545.91,43.89,6.86,0.16,39.78,2.21,0.0,76.9,Rural,Clear,-44.08,Excellent
1817.77,1736.96,23.02,6.92,3.95,42.7,2.28,4.0,77.5,Suburban,Rain,-108.12,Poor
2077.98,810.25,18.0,6.2,4.75,39.05,1.28,4.0,47.3,Suburban,Clear,-106.26,Poor
868.49,624.89,43.57,3.55,2.03,18.32,2.38,4.0,63.7,Urban,Clear,-103.46,Poor
2091.16,13.36,22.55,11.49,1.57,12.94,1.73,2.0,44.0,Suburban,Rain,-45.2,Excellent
877.53,174.91,16.08,13.7,0.25,27.49,1.51,3.0,26.9,Suburban,Clear,-74.97,Good
824.75,12.34,45.41,17.68,0.09,31.58,1.25,1.0,62.5,Suburban,Fog,-2.84,Excellent
870.58,17.75,20.46,5.63,3.17,31.61,2.48,2.0,68.0,Suburban,Clear,-42.01,Excellent
2416.72,288.51,44.15,4.61,2.7,32.05,2.06,7.0,47.5,Indoor,Clear,-131.36,Poor
1787.28,13.43,29.63,13.32,3.92,38.38,2.0,6.0,81.2,Indoor,Clear,-71.98,Good
676.98,2915.78,22.89,7.17,2.72,32.72,1.39,6.0,39.1,Urban,Fog,-139.88,Poor
2384.83,164.23,28.75,10.14,0.97,19.48,2.24,0.0,79.5,Rural,Clear,-44.07,Excellent
832.78,774.8,23.79,13.34,4.31,11.58,1.97,8.0,32.8,Dense Urban,Rain,-144.59,Poor
713.98,25.06,45.83,8.71,4.44,29.2,1.66,3.0,64.6,Suburban,Fog,-18.44,Excellent
832.93,1939.25,36.36,7.94,3.9,17.58,2.01,1.0,57.2,Rural,Rain,-57.28,Excellent
2082.97,195.11,43.07,9.03,4.76,26.36,1.38,2.0,74.9,Indoor,Clear,-105.65,Poor
5771.94,322.2,21.81,9.31,4.38,19.15,1.75,0.0,63.4,Rural,Clear,-63.9,Excellent
905.81,562.65,19.77,2.01,2.34,29.32,1.4,0.0,63.8,Rural,Fog,-63.82,Excellent
911.34,286.53,38.95,5.02,4.21,19.35,1.35,3.0,54.7,Suburban,Rain,-66.91,Excellent
909.21,331.15,29.08,11.75,3.66,22.03,2.49,4.0,66.3,Suburban,Clear,-73.62,Good
1804.12,1021.99,44.83,2.28,2.46,17.61,1.57,9.0,30.2,Dense Urban,Rain,-150.9,Poor
3527.96,1501.9,42.4,6.42,2.05,33.81,1.21,4.0,10.0,Indoor,Clear,-163.59,Poor
1798.36,67.04,21.67,9.05,3.48,37.36,1.48,5.0,94.8,Urban,Fog,-85.96,Fair
2621.61,3080.23,28.44,9.07,0.36,31.55,1.68,2.0,21.7,Indoor,Clear,-181.83,Poor
5008.76,90.19,44.27,2.76,3.39,49.9,1.22,8.0,91.0,Urban,Rain,-94.62,Fair
5775.05,54.32,30.24,16.01,2.1,27.04,2.02,0.0,40.7,Rural,Rain,-35.95,Excellent
2418.61,69.27,34.12,3.45,1.91,17.36,1.88,2.0,85.1,Indoor,Clear,-103.91,Poor
3505.06,92.82,44.01,16.01,2.35,43.0,1.64,9.0,83.4,Dense Urban,Fog,-89.13,Fair
5809.21,71.68,23.79,17.85,4.67,28.16,2.35,3.0,52.7,Suburban,Storm,-72.05,Good
3480.81,1893.46,17.77,4.86,4.89,25.2,1.52,3.0,52.9,Urban,Rain,-153.81,Poor
896.25,326.99,30.27,3.13,4.88,31.53,1.32,1.0,41.5,Rural,Clear,-47.9,Excellent
,4089.27,23.93,3.94,3.23,15.41,1.33,1.0,55.9,Rural,Clear,-81.5,Good
832.93,16.85,34.59,15.64,4.04,46.5,2.23,5.0,61.8,Suburban,Clear,-21.59,Excellent
4970.01,454.06,46.43,17.56,0.83,42.9,1.64,9.0,98.0,Dense Urban,Clear,-119.24,Poor
2385.45,18.16,41.99,11.46,2.64,47.13,2.37,2.0,18.9,Rural,Fog,-8.99,Excellent
899.25,173.15,43.81,17.16,1.56,29.01,1.31,3.0,52.2,Urban,Rain,-64.13,Excellent
1819.28,107.89,35.6,14.31,0.86,23.26,1.9,8.0,70.1,Urban,Clear,-85.44,Fair
908.6,687.69,47.56,11.1,3.52,15.61,1.58,7.0,29.1,Urban,Clear,-98.12,Fair
5025.14,1027.86,45.63,16.63,0.05,36.6,2.42,8.0,78.5,Dense Urban,Clear,-138.66,Poor
2597.33,43.91,42.08,9.49,4.33,19.41,1.82,3.0,80.7,Suburban,Clear,-44.56,Excellent
4993.45,33.33,18.92,8.59,4.96,22.14,1.55,2.0,72.2,Indoor,Rain,-104.48,Poor
1783.89,135.6,24.31,13.52,1.6,10.58,1.24,4.0,46.9,Urban,Storm,-97.6,Fair
2083.08,44.99,44.92,13.98,0.66,48.48,1.84,12.0,72.8,Dense Urban,Clear,-84.46,Good
864.17,670.17,21.59,7.67,3.95,43.73,1.4,5.0,52.4,Indoor,Clear,-150.56,Poor
5774.82,249.6,37.32,9.61,4.0,38.63,1.3,3.0,47.5,Suburban,Rain,-77.82,Good
2384.56,1706.03,34.92,5.45,3.91,40.27,1.4,4.0,71.3,Indoor,Clear,-162.04,Poor
2423.15,4450.65,30.04,3.92,3.53,43.26,1.88,6.0,45.4,Urban,Rain,-156.15,Poor
2104.62,104.83,43.07,7.63,3.95,18.84,1.52,4.0,73.9,Suburban,Clear,-52.99,Excellent
872.8,2893.69,17.87,9.88,4.31,28.7,1.75,9.0,73.6,Urban,Storm,-156.07,Poor
5812.26,1251.89,23.01,4.52,0.17,27.52,1.88,1.0,77.4,Suburban,Clear,-113.93,Poor
2100.4,25.26,23.81,4.61,4.96,11.73,1.26,7.0,40.4,Dense Urban,Clear,-95.34,Fair
2621.27,1803.62,24.69,3.98,3.82,34.54,1.92,6.0,67.1,Dense Urban,Clear,-163.68,Poor
710.95,199.33,31.63,16.01,2.72,15.2,1.78,4.0,49.5,Suburban,Clear,-58.73,Excellent
870.27,820.36,33.58,13.11,2.0,32.85,,7.0,97.7,Urban,Clear,-110.53,Poor
4982.34,787.64,46.0,4.33,4.94,39.95,2.11,1.0,29.0,Suburban,Clear,-76.48,Good
685.48,2461.47,30.83,12.58,0.46,14.05,2.12,3.0,58.2,Suburban,Rain,-95.71,Fair
862.13,1133.34,42.09,9.77,3.84,16.95,2.1,3.0,53.6,Urban,Fog,-101.2,Poor
5000.56,1681.26,22.83,11.05,0.68,44.83,1.3,5.0,56.0,Suburban,Fog,-117.77,Poor
1814.85,73.47,18.66,15.26,2.8,39.05,2.38,9.0,29.7,Urban,Clear,-93.38,Fair
900.77,4231.25,32.76,9.62,2.33,41.33,2.25,1.0,40.2,Rural,Clear,-63.98,Excellent
2389.64,610.4,25.57,6.61,0.54,16.2,2.34,6.0,27.5,Urban,Clear,-129.07,Poor
826.22,1225.1,44.82,14.48,0.89,37.41,1.42,4.0,,Suburban,Clear,-69.62,Excellent
682.16,2080.15,31.55,4.55,1.81,15.5,1.96,3.0,48.4,Suburban,Rain,-101.12,Poor
694.05,21.58,30.69,16.8,1.63,26.67,2.41,6.0,98.0,Urban,Clear,-48.44,Excellent
703.09,80.9,45.38,17.06,1.17,11.65,2.41,2.0,72.7,Rural,Clear,-9.75,Excellent
876.32,1803.71,45.8,,,23.09,1.68,3.0,42.2,Urban,Clear,-108.32,Poor
2584.38,3078.94,43.4,14.36,2.97,48.71,2.31,13.0,52.2,Dense Urban,Rain,-168.49,Poor
909.97,1098.18,30.54,16.75,3.58,37.83,1.8,5.0,32.0,Indoor,Clear,-145.77,Poor
679.15,200.33,25.24,16.71,1.62,11.49,1.31,6.0,10.0,Urban,Rain,-92.34,Fair
712.83,47.62,20.86,3.83,3.25,40.69,2.47,9.0,56.1,Dense Urban,Fog,-103.41,Poor
2070.68,261.24,18.85,4.68,3.04,25.56,1.6,3.0,50.8,Indoor,Clear,-143.36,Poor
5009.36,118.11,44.12,9.85,3.52,21.65,1.57,5.0,51.5,Indoor,Fog,-113.09,Poor
1779.79,2456.35,17.38,10.83,4.78,17.67,2.37,6.0,46.5,Urban,Clear,-152.87,Poor
680.82,339.65,29.42,7.51,4.5,26.84,2.17,1.0,45.4,Rural,Fog,-43.66,Excellent
903.53,114.33,36.56,3.23,4.19,20.35,1.67,4.0,65.2,Urban,Clear,-77.17,Good
2092.52,221.5,37.99,8.87,3.55,46.77,2.24,5.0,33.1,Suburban,Clear,-69.2,Excellent
848.28,3308.8,22.66,6.5,1.41,38.04,1.23,4.0,56.9,Indoor,Fog,-181.83,Poor
5788.53,452.03,37.33,9.16,0.73,46.5,1.96,13.0,20.5,Dense Urban,Clear,-150.06,Poor
3527.21,41.5,22.46,,3.47,11.4,1.55,5.0,93.3,Urban,Clear,-93.65,Fair
1787.44,223.71,28.95,8.97,2.95,11.7,1.92,3.0,70.4,Suburban,Clear,-76.44,Good
5802.52,180.63,44.25,11.41,2.84,35.12,1.63,4.0,42.1,Suburban,Clear,-66.17,Excellent
1821.26,68.83,29.71,7.77,3.54,34.63,2.14,2.0,48.2,Suburban,Rain,-57.87,Excellent
859.85,971.07,29.25,5.37,3.14,38.73,2.03,7.0,71.0,Urban,Clear,-119.67,Poor
5789.37,52.98,21.43,8.35,1.15,32.65,2.13,3.0,73.7,Suburban,Rain,-81.16,Good
5803.15,213.49,47.75,6.17,4.57,11.41,2.12,8.0,44.2,Urban,Storm,-108.62,Poor
1774.98,155.01,35.56,3.03,4.4,37.53,2.17,2.0,44.1,Rural,Clear,-42.28,Excellent
2402.74,181.99,40.76,12.14,0.63,43.18,2.48,4.0,43.0,Suburban,Clear,-60.8,Excellent
845.88,338.62,29.85,12.14,2.98,38.07,1.78,3.0,69.7,Indoor,Fog,-123.73,Poor
2615.48,698.55,21.29,7.09,4.55,42.83,2.18,2.0,49.6,Rural,Clear,-68.29,Excellent
2620.87,24.32,21.08,17.35,3.34,27.73,1.49,1.0,65.8,Rural,Clear,-25.63,Excellent
3481.98,60.0,18.44,14.62,2.62,14.17,2.45,3.0,62.9,Urban,Rain,-88.61,Fair
2374.89,1218.61,47.57,16.44,4.57,45.91,2.31,1.0,46.8,Suburban,Clear,-63.46,Excellent
3493.43,2818.24,37.98,,3.86,40.58,1.33,6.0,28.7,Urban,Fog,-137.24,Poor
2402.05,13.2,33.69,10.38,3.29,31.49,2.24,0.0,76.1,Rural,Fog,-11.54,Excellent
4992.61,15.78,42.04,13.06,2.16,15.66,1.96,2.0,57.9,Indoor,Fog,-62.38,Excellent
857.71,3314.2,21.99,11.41,3.88,16.8,1.72,5.0,59.0,Urban,Clear,-143.29,Poor
2100.34,25.08,30.74,12.69,4.35,17.73,1.34,1.0,54.7,Suburban,Rain,-43.68,Excellent
2126.2,4396.14,29.17,8.92,0.82,16.16,2.01,2.0,30.2,Indoor,Rain,-187.39,Poor
2394.56,1719.28,45.78,4.13,,42.82,1.88,10.0,47.0,Dense Urban,Clear,-151.36,Poor
824.95,21.17,42.16,14.99,3.49,27.84,2.29,1.0,60.4,Rural,Clear,2.84,Excellent
1788.12,,43.39,8.2,0.73,21.64,1.72,7.0,44.5,Indoor,Clear,-73.35,Good
5806.35,4342.05,24.48,11.73,4.24,23.43,1.88,0.0,62.5,Rural,Fog,-85.27,Fair
835.36,48.73,36.45,7.9,4.33,20.73,1.76,3.0,52.5,Indoor,Clear,-85.59,Fair
2586.14,284.35,47.27,9.71,0.68,31.21,1.3,0.0,27.5,Rural,Clear,-33.41,Excellent
2590.37,43.41,21.91,12.22,3.66,27.87,1.8,0.0,18.2,Rural,Fog,-34.07,Excellent
2114.77,418.03,39.24,11.26,1.18,45.96,2.44,7.0,63.1,Urban,Fog,-101.34,Poor
726.41,1850.17,28.24,4.25,1.16,16.95,1.22,2.0,39.1,Suburban,Clear,-102.86,Poor
691.02,592.9,42.93,5.77,0.63,44.26,2.16,5.0,49.1,Suburban,Clear,-73.0,Good
881.73,13.36,31.06,4.78,3.44,22.52,1.75,3.0,38.3,Indoor,Fog,-63.14,Excellent
845.24,404.02,41.37,11.21,4.54,49.08,,0.0,75.7,Rural,Clear,-24.17,Excellent
691.11,608.22,21.04,8.31,2.87,37.62,2.09,3.0,27.9,Suburban,Clear,-85.26,Fair
879.4,34.85,45.96,5.94,1.29,47.08,1.68,2.0,73.3,Suburban,Clear,-28.63,Excellent
847.83,1140.07,45.38,2.71,0.95,46.06,2.49,0.0,26.9,Rural,Clear,-40.95,Excellent
5010.76,492.0,36.74,14.28,0.84,29.51,1.87,2.0,66.4,Rural,Clear,-53.64,Excellent
2624.83,10.61,29.29,2.86,1.02,27.15,1.74,2.0,51.8,Suburban,Clear,-43.68,Excellent
707.74,3677.22,23.24,8.09,2.77,16.98,2.45,0.0,56.8,Rural,Rain,-73.7,Good
2584.96,159.44,22.31,9.29,4.97,23.86,1.57,2.0,60.7,Suburban,Rain,-78.88,Good
856.44,42.38,30.88,9.25,4.67,22.11,2.46,7.0,51.5,Urban,Clear,-69.2,Excellent
2094.11,17.09,43.78,4.22,0.47,23.96,2.21,2.0,68.7,Rural,Rain,-21.54,Excellent
695.34,102.46,43.47,13.35,1.01,17.13,1.91,3.0,46.4,Indoor,Rain,-86.6,Fair
728.76,67.71,39.2,5.63,3.41,18.44,1.68,1.0,30.8,Suburban,Rain,-38.42,Excellent
836.72,63.7,46.94,12.07,3.45,42.37,1.29,5.0,45.5,Urban,Clear,-55.21,Excellent
2098.14,1383.01,23.24,8.05,1.05,41.75,2.43,5.0,46.4,Dense Urban,Clear,-157.17,Poor
2079.59,553.76,44.59,10.34,4.78,44.46,2.03,12.0,59.6,Dense Urban,Clear,-128.08,Poor
1780.71,22.86,36.93,9.24,2.93,17.19,1.88,0.0,32.2,Rural,Clear,-16.0,Excellent
2606.21,814.84,21.32,17.28,2.64,48.1,2.05,2.0,73.5,Suburban,Clear,-87.11,Fair
3515.06,896.72,40.19,7.54,4.11,20.0,2.35,7.0,81.5,Dense Urban,Clear,-143.71,Poor
3508.19,244.34,47.23,4.45,1.88,17.77,1.59,4.0,49.1,Indoor,Clear,-127.5,Poor
2389.76,4870.18,30.28,7.77,3.57,15.29,1.87,3.0,66.3,Urban,Storm,-151.38,Poor
2373.58,58.22,23.3,9.98,4.59,15.46,2.26,4.0,96.9,Suburban,Clear,-67.04,Excellent
2098.22,14.38,21.74,3.06,4.75,20.88,2.35,9.0,58.3,Urban,Clear,-79.55,Good
900.26,11.96,36.67,16.7,0.2,49.23,2.12,6.0,29.8,Dense Urban,Storm,-48.15,Excellent
2116.24,73.31,42.63,5.18,0.36,38.82,1.96,2.0,48.4,Suburban,Clear,-50.69,Excellent
708.42,220.73,21.29,16.89,3.54,31.35,1.71,5.0,42.0,Indoor,Clear,-121.17,Poor
5822.28,16.26,43.54,8.47,0.02,23.9,1.52,2.0,59.5,Suburban,Clear,-38.88,Excellent
1816.98,336.57,45.36,10.89,3.32,33.62,2.04,7.0,78.9,Indoor,Clear,-121.31,Poor
3491.95,2700.37,17.87,12.93,4.11,28.8,2.13,10.0,19.4,Dense Urban,Rain,-188.91,Poor
5807.93,1414.84,30.74,3.04,0.45,45.77,1.83,6.0,81.8,Indoor,Clear,-185.64,Poor
2114.84,653.09,22.37,8.62,0.12,20.79,2.43,4.0,60.0,Indoor,Clear,-162.26,Poor
5027.41,610.93,42.2,6.51,2.54,17.58,1.4,1.0,69.1,Rural,Clear,-57.79,Excellent
2095.34,935.53,37.11,4.7,4.94,21.02,1.87,11.0,63.6,Dense Urban,Clear,-149.43,Poor
858.9,215.7,37.13,12.7,2.67,39.94,2.08,1.0,42.4,Suburban,Clear,-48.37,Excellent
693.56,121.46,23.28,4.65,4.88,32.19,2.43,1.0,64.6,Rural,Rain,-38.46,Excellent
864.27,67.24,28.3,11.33,3.51,38.92,1.54,7.0,75.5,Urban,Clear,-75.66,Good
5824.72,18.57,47.63,8.25,1.51,29.69,1.52,3.0,79.6,Urban,Storm,-57.61,Excellent
2125.15,329.05,46.12,17.62,1.21,26.27,1.83,1.0,77.3,Rural,Clear,-31.34,Excellent
1779.43,188.5,20.89,16.51,3.03,20.18,2.11,5.0,45.2,Indoor,Clear,-127.23,Poor
2082.25,20.94,31.82,2.12,1.66,42.25,1.61,3.0,81.5,Indoor,Clear,-82.2,Good
915.3,52.97,40.12,14.97,1.19,24.16,1.86,,76.2,Indoor,Clear,-88.71,Fair
5007.86,1332.41,23.95,4.7,1.97,11.65,1.37,5.0,73.5,Suburban,Clear,-127.99,Poor
5824.31,48.96,45.75,9.53,2.66,21.93,2.41,3.0,31.4,Urban,Rain,-66.22,Excellent
688.83,140.93,31.53,14.99,4.62,16.26,1.46,4.0,44.4,Indoor,Rain,-105.55,Poor
3520.88,27.25,28.8,6.6,4.78,32.34,1.53,3.0,57.9,Urban,Fog,-68.32,Excellent
1811.03,28.73,47.4,13.74,3.65,29.99,1.75,12.0,72.2,Dense Urban,Clear,-70.7,Good
681.73,1099.9,35.42,5.85,1.21,29.18,1.38,2.0,26.1,Rural,Rain,-54.04,Excellent
5777.59,15.13,20.6,15.97,2.3,20.05,2.44,4.0,,Urban,Clear,-67.53,Excellent
712.16,58.79,20.43,9.02,0.49,14.08,2.05,,57.2,Indoor,Fog,-112.58,Poor
879.51,4438.84,45.77,5.19,2.85,14.82,2.06,13.0,33.7,Dense Urban,Clear,-171.12,Poor
717.66,192.5,35.45,2.85,3.2,24.22,1.46,2.0,47.5,Rural,Rain,-40.73,Excellent
2103.43,432.66,45.45,11.7,1.99,35.1,1.64,8.0,52.8,Dense Urban,Fog,-118.51,Poor
2398.61,536.38,47.38,12.93,1.09,10.68,1.45,1.0,14.7,Suburban,Clear,-67.84,Excellent
1786.53,33.84,45.23,12.89,4.94,10.3,1.3,9.0,59.6,Urban,Clear,-58.77,Excellent
729.03,99.28,48.93,9.96,0.2,15.23,1.76,2.0,51.4,Suburban,Storm,-41.18,Excellent
863.33,120.64,46.79,8.44,3.66,30.28,1.8,7.0,24.0,Indoor,Rain,-99.05,Fair
5816.68,41.94,30.38,11.9,3.44,23.32,2.08,5.0,43.0,Indoor,Rain,-108.74,Poor
5016.12,42.81,37.67,2.53,2.8,27.73,1.78,5.0,70.2,Indoor,Clear,-102.03,Poor
5805.04,437.14,45.89,5.83,0.94,22.25,2.49,4.0,47.6,Urban,Clear,-105.6,Poor
2426.38,19.62,46.78,6.09,4.27,37.47,1.83,9.0,54.7,Urban,Fog,-51.56,Excellent
2405.03,22.31,43.13,14.45,3.05,22.14,1.78,0.0,59.9,Rural,Clear,-6.18,Excellent
3501.2,352.63,42.59,9.06,3.39,18.23,1.55,7.0,16.8,Urban,Storm,-110.86,Poor
2586.42,163.21,22.76,2.73,3.54,40.54,2.0,6.0,82.9,Indoor,Clear,-141.51,Poor
2086.9,448.32,30.58,16.32,0.6,48.6,2.26,4.0,63.6,Indoor,Clear,-130.39,Poor
914.21,11.82,41.87,8.17,2.33,32.46,2.46,1.0,62.8,Suburban,Fog,-11.14,Excellent
2090.09,799.0,19.06,3.23,3.95,12.3,1.39,3.0,67.4,Suburban,Fog,-109.03,Poor
713.72,1967.1,19.9,8.7,1.99,42.06,1.24,5.0,52.9,Suburban,Clear,-107.04,Poor
877.16,259.8,42.32,17.19,3.66,27.15,2.47,12.0,54.2,Dense Urban,Storm,-105.87,Poor
3496.36,1859.53,46.89,14.82,1.88,37.71,1.74,6.0,98.0,Urban,Clear,-116.4,Poor
4975.84,119.86,31.01,11.5,4.02,33.33,2.08,4.0,25.8,Suburban,Clear,-72.15,Good
859.99,16.33,46.39,14.15,4.23,30.03,2.43,3.0,66.9,Urban,Clear,-22.34,Excellent
670.57,104.47,30.73,10.26,4.17,24.72,1.23,4.0,33.8,Suburban,Clear,-54.76,Excellent
717.22,160.23,37.18,14.86,3.27,18.3,1.42,6.0,82.6,Urban,Clear,-75.3,Good
3501.54,2168.01,40.31,15.44,2.52,25.41,2.23,3.0,56.4,Suburban,Clear,-91.51,Fair
1799.38,80.06,28.69,7.4,4.27,16.45,2.09,8.0,26.7,Dense Urban,Clear,-106.0,Poor
1804.17,70.87,47.06,9.13,1.9,36.88,1.78,5.0,65.3,Urban,Clear,-64.74,Excellent
700.98,2493.06,44.74,5.62,4.81,13.52,2.45,8.0,76.0,Urban,Fog,-125.34,Poor
5789.43,47.57,44.28,12.96,4.16,38.62,2.06,0.0,61.6,Rural,Clear,-18.63,Excellent
2086.89,541.93,21.37,4.19,1.34,41.93,1.24,7.0,72.5,Indoor,Fog,-170.07,Poor
3494.92,76.13,45.6,9.55,1.88,34.58,1.33,2.0,83.4,Rural,Storm,-32.91,Excellent
3523.69,3697.86,29.11,17.46,4.48,42.96,2.35,0.0,70.6,Rural,Clear,-65.67,Excellent
828.12,32.49,23.01,9.46,1.26,23.76,2.45,0.0,46.3,Rural,Clear,-26.93,Excellent
4989.49,899.27,29.93,3.09,0.41,29.99,1.52,2.0,82.0,Suburban,Clear,-104.48,Poor
2381.54,305.22,30.94,2.29,0.39,30.11,1.49,5.0,64.2,Suburban,Clear,-90.61,Fair
2595.63,4380.29,26.49,17.2,4.33,35.49,1.26,0.0,45.1,Rural,Clear,-66.34,Excellent
878.01,4818.68,41.9,13.31,1.86,28.81,1.35,2.0,63.7,Suburban,Clear,-85.3,Fair
5015.65,1387.29,18.48,13.35,1.06,12.38,1.51,9.0,63.0,Dense Urban,Clear,-179.09,Poor
5776.21,19.02,33.22,7.92,1.34,30.6,2.38,5.0,57.7,Urban,Clear,-68.19,Excellent
2109.92,184.43,22.26,10.02,2.96,11.1,1.38,2.0,28.2,Rural,Fog,-59.05,Excellent
686.06,2024.44,40.75,10.93,2.09,27.46,1.3,9.0,78.8,Dense Urban,Fog,-146.19,Poor
4998.33,528.75,45.42,14.27,0.71,11.29,2.47,5.0,70.1,Suburban,Rain,-86.78,Fair
4982.0,2356.74,29.27,10.15,2.46,29.26,1.34,9.0,43.2,Dense Urban,Clear,-175.56,Poor
2413.81,1437.03,43.68,6.91,3.27,24.86,1.42,5.0,65.1,Suburban,Clear,-95.62,Fair
2426.9,69.93,22.62,10.52,1.97,30.38,1.89,5.0,61.8,Indoor,Clear,-112.93,Poor
883.3,33.61,43.46,12.9,3.08,31.22,1.55,4.0,23.9,Indoor,Clear,-66.3,Excellent
727.19,74.23,37.52,2.93,3.51,41.75,1.74,2.0,53.4,Suburban,Clear,-46.91,Excellent
5789.52,755.67,40.63,9.58,3.25,47.7,1.74,8.0,61.4,Urban,Clear,-124.64,Poor
2103.47,198.78,21.61,7.51,0.71,19.89,1.95,2.0,88.1,Suburban,Clear,-81.23,Good
912.1,13.13,38.02,16.34,2.18,46.49,1.23,8.0,56.9,Urban,Clear,-39.61,Excellent
2581.96,1009.07,42.71,8.21,4.55,25.03,2.25,3.0,89.0,Suburban,Storm,-87.22,Fair
696.69,,36.26,12.06,0.79,16.56,1.66,7.0,49.7,Urban,Rain,-45.31,Excellent
674.07,127.26,19.16,9.29,4.38,34.07,2.5,4.0,50.9,Suburban,Clear,-67.89,Excellent
911.82,176.89,43.36,15.01,2.23,25.67,2.31,6.0,22.3,Urban,Rain,-74.21,Good
2095.0,227.85,35.3,16.88,3.02,22.82,1.22,3.0,54.1,Suburban,Rain,-65.76,Excellent
1823.5,23.74,46.33,3.34,1.57,34.95,2.29,6.0,47.4,Indoor,Fog,-80.35,Good
836.44,1042.95,45.0,2.31,3.64,37.83,1.46,7.0,44.1,Indoor,Clear,-150.57,Poor
1825.42,1960.79,20.43,13.27,0.9,27.88,1.2,4.0,44.8,Urban,Clear,-136.27,Poor
1778.46,764.91,21.98,12.1,3.81,21.1,1.26,4.0,36.1,Urban,Clear,-121.21,Poor
2406.42,3689.02,47.88,10.87,0.71,41.45,2.32,5.0,37.1,Urban,Rain,-126.5,Poor
2388.47,49.54,20.21,8.89,0.86,35.89,1.66,2.0,55.4,Suburban,Rain,-64.61,Excellent
4980.91,27.15,40.67,14.0,0.04,35.19,1.63,1.0,67.7,Suburban,Clear,-33.73,Excellent
4975.64,15.19,18.99,13.26,4.32,46.76,2.24,7.0,82.7,Urban,Clear,-66.98,Excellent
909.34,885.85,31.35,8.67,4.22,49.87,2.49,5.0,62.8,Suburban,Rain,-85.09,Fair
5783.99,27.39,19.55,7.2,1.95,11.86,2.37,3.0,23.6,Suburban,Clear,-72.23,Good
2404.37,3405.05,46.79,17.39,0.02,20.18,2.45,5.0,61.3,Urban,Clear,-123.2,Poor
878.77,412.03,36.41,8.49,4.67,42.43,1.31,3.0,81.7,Urban,Clear,-87.45,Fair
1788.96,1480.26,46.28,5.34,0.86,14.02,1.73,4.0,60.8,Urban,Storm,-122.16,Poor
3472.1,149.02,20.05,17.36,0.75,11.13,1.52,3.0,79.6,Suburban,Clear,-83.24,Good
4978.57,962.34,19.03,13.3,1.06,23.2,2.0,4.0,48.6,Suburban,Clear,-110.5,Poor
1777.16,157.54,37.86,10.93,1.29,41.51,2.46,8.0,43.6,Dense Urban,Clear,-107.25,Poor
847.8,284.52,22.3,14.28,4.66,26.42,2.46,5.0,44.5,Dense Urban,Clear,-111.26,Poor
864.68,1224.26,37.58,5.55,3.14,18.56,2.06,9.0,65.5,Dense Urban,Fog,-144.67,Poor
837.79,43.93,43.16,10.93,1.71,16.81,,4.0,37.0,Urban,Clear,-49.95,Excellent
2578.75,2439.3,28.74,6.38,3.82,32.03,2.34,3.0,49.1,Suburban,Fog,-110.38,Poor
2408.45,857.57,44.41,15.81,3.86,24.06,1.77,1.0,62.9,Suburban,Rain,-69.79,Excellent
2088.07,1034.88,19.23,4.19,1.23,35.18,1.92,8.0,81.9,Urban,Clear,-147.33,Poor
2604.51,43.93,23.84,5.48,0.87,41.71,2.34,5.0,38.3,Indoor,Clear,-111.21,Poor
5026.03,17.51,21.14,5.9,0.76,10.16,1.71,2.0,83.6,Rural,Clear,-52.22,Excellent
3487.48,15.73,31.48,9.0,1.78,22.98,1.69,6.0,84.9,Urban,Fog,-62.98,Excellent
850.75,557.54,31.51,4.13,0.14,31.85,2.28,3.0,33.8,Suburban,Clear,-84.77,Good
2418.41,25.4,38.45,10.71,2.2,37.04,2.33,5.0,45.6,Suburban,Rain,-43.89,Excellent
5011.5,4974.94,18.12,13.72,1.01,22.16,2.19,11.0,43.8,Dense Urban,Storm,-211.37,Poor
3515.09,3924.99,28.71,2.13,3.84,28.95,1.81,3.0,35.2,Urban,Rain,-155.15,Poor
1816.35,11.99,40.94,16.2,1.65,14.22,1.74,7.0,60.2,Urban,Rain,-42.25,Excellent
1802.39,905.54,17.84,15.64,3.25,13.89,1.35,2.0,72.4,Rural,Clear,-69.85,Excellent
5002.16,50.56,45.29,2.81,3.41,44.44,1.62,2.0,56.5,Rural,Clear,-30.27,Excellent
713.13,83.19,21.52,3.09,3.98,31.56,1.5,5.0,54.0,Urban,Clear,-85.59,Fair
2411.86,44.52,44.31,11.18,2.38,28.52,1.44,13.0,87.2,Dense Urban,Clear,-93.52,Fair
860.2,1744.29,42.92,7.02,2.0,27.49,2.18,6.0,44.8,Urban,Clear,-115.49,Poor
4992.93,2583.51,28.88,9.85,1.29,48.13,2.06,4.0,57.8,Urban,Rain,-147.32,Poor
719.71,12.85,23.39,11.08,0.05,26.9,1.29,3.0,53.1,Indoor,Clear,-63.56,Excellent
684.17,53.56,29.59,12.2,0.79,20.42,1.41,3.0,40.9,Suburban,Clear,-44.38,Excellent
1779.34,162.56,37.67,13.71,1.11,13.83,1.67,9.0,39.3,Urban,Rain,-98.77,Fair
890.71,256.08,28.83,15.71,3.29,42.14,1.77,11.0,61.4,Dense Urban,Clear,-116.71,Poor
2085.23,17.24,34.51,11.71,3.96,47.79,2.31,5.0,87.3,Indoor,Clear,-70.58,Good
909.79,1738.69,41.91,3.68,2.29,47.17,1.25,6.0,64.0,Dense Urban,Clear,-139.99,Poor
1783.86,3317.29,44.92,4.18,4.11,16.78,1.49,4.0,34.8,Urban,Clear,-129.62,Poor
2409.39,122.27,28.91,11.82,1.87,35.76,2.35,9.0,41.2,Urban,Clear,-98.41,Fair
2400.79,2058.97,43.6,13.34,3.27,31.28,1.68,6.0,59.0,Dense Urban,Clear,-142.32,Poor
5779.15,669.05,23.2,14.07,2.79,26.32,1.49,3.0,42.0,Suburban,Fog,-98.67,Fair
2085.5,395.46,45.49,10.3,0.75,42.56,1.96,12.0,61.8,Dense Urban,Clear,-126.16,Poor
2401.3,1624.02,17.69,11.61,2.31,45.96,2.45,3.0,66.1,Urban,Clear,-135.25,Poor
2613.99,189.1,37.16,17.59,4.84,15.44,2.41,4.0,48.0,Suburban,Clear,-62.29,Excellent
843.9,300.79,44.14,7.57,0.75,10.21,1.88,4.0,10.9,Suburban,Clear,-63.08,Excellent
2583.97,55.12,21.8,5.43,2.03,17.81,1.33,4.0,54.3,Indoor,Rain,-119.88,Poor
4987.7,835.92,26.37,17.5,1.66,42.38,1.39,8.0,75.0,Urban,Clear,-132.68,Poor
1775.71,26.87,21.9,16.7,3.73,46.65,1.61,5.0,63.3,Indoor,Fog,-87.58,Fair
821.51,45.32,40.94,2.11,0.19,37.22,2.32,5.0,86.3,,Clear,-88.82,Fair
1828.39,197.38,,8.43,2.27,10.7,2.24,9.0,70.5,Urban,Clear,-109.62,Poor
875.78,109.63,22.08,13.76,1.32,33.14,2.47,2.0,45.2,Rural,Rain,-40.85,Excellent
2377.49,44.32,18.91,4.84,1.49,26.81,1.86,3.0,44.0,Indoor,Fog,-111.78,Poor
5022.26,32.95,19.29,2.51,2.04,41.25,1.95,12.0,49.7,Dense Urban,Clear,-122.4,Poor
2409.81,2106.37,18.76,2.58,1.46,40.11,1.61,2.0,47.2,Suburban,Rain,-124.34,Poor
846.16,393.29,32.44,11.04,2.84,17.95,1.86,,59.0,Urban,Clear,-104.77,Poor
1808.94,104.37,19.55,5.68,1.44,22.66,2.14,0.0,32.1,Rural,Clear,-52.77,Excellent
2626.1,1917.5,22.17,6.13,4.59,18.64,1.25,7.0,40.4,Indoor,Clear,-193.64,Poor
1775.96,1686.88,28.7,2.24,2.24,31.13,2.35,4.0,48.8,Indoor,Rain,-177.67,Poor
2384.62,19.92,27.42,13.61,0.78,13.27,2.0,2.0,55.4,Rural,Clear,-31.43,Excellent
2621.62,339.69,38.65,15.5,1.45,33.76,1.61,13.0,70.9,Dense Urban,Clear,-130.99,Poor
1816.84,66.81,27.3,13.74,3.99,29.15,1.62,3.0,46.0,Urban,Fog,-69.53,Excellent
2629.66,288.2,45.31,4.18,0.54,32.43,2.49,2.0,12.4,Rural,Clear,-42.58,Excellent
1788.83,866.68,29.88,17.32,1.9,43.54,1.59,9.0,74.9,Urban,Rain,-121.4,Poor
876.69,10.54,28.87,17.39,4.74,29.5,1.93,9.0,49.8,Dense Urban,Clear,-54.87,Excellent
1790.62,243.28,27.4,6.15,0.01,41.48,1.67,8.0,50.6,Urban,Clear,-112.29,Poor
2112.91,61.29,19.75,17.73,4.86,47.42,1.92,2.0,70.4,Rural,Clear,-33.62,Excellent
722.96,276.24,41.86,9.11,1.8,13.64,1.75,6.0,77.0,Indoor,Clear,-122.06,Poor
4980.25,19.79,38.21,2.67,1.06,13.08,1.83,6.0,63.4,Urban,Clear,-75.3,Good
2382.34,1609.12,30.77,11.21,,17.38,1.3,7.0,55.5,Indoor,Storm,-178.38,Poor
704.86,293.32,32.92,10.43,2.35,39.09,1.28,1.0,50.1,Suburban,Rain,-61.95,Excellent
5020.63,37.12,37.16,15.73,0.53,35.46,2.31,5.0,34.5,Urban,Rain,-66.71,Excellent
4974.74,1194.97,46.88,7.69,3.33,34.11,2.3,3.0,60.2,Urban,Clear,-110.89,Poor
721.05,12.65,29.46,14.27,3.89,36.93,2.47,1.0,31.5,Rural,Clear,-3.08,Excellent
840.59,398.12,32.57,14.59,2.25,28.33,2.0,4.0,54.2,Indoor,Rain,-125.04,Poor
1794.37,226.07,20.02,2.56,3.57,21.62,1.59,6.0,93.0,Urban,Clear,-120.65,Poor
2390.39,12.79,22.85,12.77,0.54,17.41,2.34,8.0,26.7,Dense Urban,Clear,-81.0,Good
3524.69,47.2,43.81,9.67,0.16,47.58,2.43,1.0,63.4,Rural,Clear,-20.78,Excellent
2077.85,16.15,42.03,5.24,1.09,19.92,1.58,0.0,47.1,Rural,Rain,-17.62,Excellent
2604.46,947.74,42.25,8.67,4.9,23.65,1.74,5.0,39.8,Suburban,Clear,-85.62,Fair
678.89,803.26,30.81,15.72,0.88,38.85,1.86,3.0,45.4,Indoor,Clear,-131.98,Poor
2625.72,17.42,47.1,13.04,4.6,40.03,1.76,4.0,57.2,Indoor,Clear,-54.47,Excellent
5817.88,19.71,37.9,12.04,1.49,31.12,1.96,9.0,98.0,Dense Urban,Clear,-80.53,Good
2384.03,2376.05,19.88,3.3,2.46,30.71,2.37,11.0,71.5,Dense Urban,Clear,-189.9,Poor
2087.87,34.84,20.41,12.67,3.52,48.67,2.39,4.0,67.5,Urban,Rain,-72.08,Good
892.89,66.0,31.44,14.14,0.85,28.5,1.33,6.0,44.6,Urban,Clear,-71.37,Good
5794.33,702.83,28.36,17.2,1.0,45.95,2.13,1.0,33.8,Suburban,Rain,-87.81,Fair
719.04,14.58,20.0,14.77,1.27,49.47,1.37,3.0,40.2,Indoor,Fog,-66.36,Excellent
903.87,3611.57,15.63,3.28,2.39,12.53,1.62,2.0,79.9,Suburban,Clear,-125.21,Poor
845.68,11.54,38.11,17.1,1.73,36.25,1.72,2.0,44.8,Suburban,Clear,-8.98,Excellent
5013.17,1957.99,41.83,14.67,0.43,48.54,2.38,0.0,60.0,Rural,Clear,-53.57,Excellent
2097.47,94.21,21.87,2.05,1.34,27.76,1.67,1.0,56.0,Rural,Clear,-53.22,Excellent
5777.69,25.41,22.82,13.4,4.14,25.2,1.98,3.0,58.0,Suburban,Rain,-60.72,Excellent
2576.45,104.43,37.93,6.86,2.58,24.98,2.02,1.0,52.9,Rural,Clear,-37.07,Excellent
2389.56,4223.48,23.59,11.68,4.74,40.47,1.67,7.0,65.2,Urban,Clear,-152.51,Poor
2406.17,267.73,43.67,6.52,1.39,36.79,2.11,4.0,40.4,Suburban,Clear,-66.92,Excellent
878.09,14.45,35.73,13.68,1.31,,1.89,1.0,67.8,Suburban,Rain,-20.78,Excellent
2403.01,3476.91,30.34,4.99,2.13,33.4,1.62,5.0,95.6,Urban,Clear,-144.98,Poor
2586.18,24.4,35.91,15.35,0.4,33.96,1.79,4.0,55.8,Suburban,Storm,-44.82,Excellent
5811.72,14.05,21.25,3.17,1.58,21.67,1.46,0.0,48.6,Rural,Clear,-44.82,Excellent
2371.7,13.26,22.75,2.39,1.8,10.25,1.24,2.0,52.1,Rural,Clear,-43.8,Excellent
5798.14,1699.23,38.33,4.11,3.11,10.15,1.67,4.0,70.3,Indoor,Clear,-178.6,Poor
5773.14,25.88,45.63,8.15,0.71,27.96,2.39,2.0,31.2,Suburban,Rain,-40.57,Excellent
2389.83,30.41,46.82,12.51,4.44,37.46,1.69,1.0,79.7,Suburban,Fog,-22.58,Excellent
2070.93,3532.96,35.56,9.69,4.38,46.88,2.35,7.0,57.4,Dense Urban,Clear,-159.23,Poor
848.15,447.42,32.91,9.61,2.65,43.57,1.31,4.0,62.5,Suburban,Rain,-77.42,Good
916.02,58.93,43.45,15.85,2.1,23.84,1.81,13.0,53.3,Dense Urban,Clear,-87.55,Fair
4976.01,382.67,18.94,10.95,3.49,31.58,1.58,3.0,55.2,Suburban,Fog,-97.08,Fair
864.11,45.3,20.87,10.12,1.02,27.96,1.74,2.0,37.1,Rural,Clear,-35.22,Excellent
1805.05,215.78,31.2,8.71,2.82,18.28,2.11,5.0,37.1,Dense Urban,Clear,-114.8,Poor
2600.28,80.01,37.81,17.65,1.44,18.3,1.6,7.0,30.2,Urban,Clear,-76.67,Good
905.97,479.13,41.17,5.88,4.61,43.69,1.38,2.0,26.8,Rural,Storm,-37.91,Excellent
5790.15,1116.87,31.5,4.49,2.4,14.98,1.25,4.0,79.8,Urban,Fog,-140.93,Poor
2612.62,87.22,44.95,9.88,2.53,12.8,1.59,9.0,52.1,Dense Urban,Clear,-98.24,Fair
716.78,24.46,30.58,12.84,3.81,21.05,2.13,4.0,62.7,Indoor,Clear,-69.83,Excellent
916.69,91.23,37.93,2.35,3.92,29.56,1.81,4.0,63.2,Suburban,Rain,-57.52,Excellent
3486.17,1112.34,19.63,15.71,1.18,11.88,2.48,1.0,57.8,Suburban,Clear,-100.77,Poor
5009.23,1331.4,21.36,6.53,3.05,23.62,1.5,8.0,69.6,Dense Urban,Fog,-174.65,Poor
5778.89,1318.8,22.78,12.33,4.33,43.19,2.39,1.0,82.0,Rural,Storm,-81.73,Good
4999.73,4269.15,20.51,4.77,2.07,24.8,2.27,6.0,57.7,Urban,Clear,-174.88,Poor
670.16,1682.92,45.59,15.95,0.56,33.76,2.21,3.0,41.6,Urban,Rain,-98.44,Fair
3481.62,4112.91,34.2,7.74,4.34,48.46,2.1,2.0,79.1,Rural,Clear,-73.11,Good
857.9,491.69,45.81,4.99,4.48,38.14,1.23,8.0,26.2,Urban,Clear,-96.66,Fair
722.46,41.59,21.69,2.32,0.77,37.22,2.2,5.0,68.2,Indoor,Clear,-105.85,Poor
2572.94,438.03,22.09,6.94,1.07,48.86,1.47,8.0,58.0,Dense Urban,Rain,-149.1,Poor
2103.51,34.19,20.95,8.07,1.2,13.74,1.59,5.0,67.9,Urban,Rain,-84.76,Good
2608.21,16.99,21.84,2.56,4.17,47.46,1.49,12.0,33.5,Dense Urban,Clear,-100.09,Poor
5025.94,65.05,22.73,10.89,4.78,16.09,1.76,5.0,68.8,Suburban,Clear,-77.37,Good
709.31,95.31,20.61,9.28,1.97,11.42,1.48,0.0,49.0,Rural,Clear,-42.09,Excellent
2376.18,818.97,20.93,9.89,4.67,28.61,2.31,3.0,44.2,Suburban,Clear,-100.08,Poor
4978.8,95.48,36.54,4.14,0.1,45.39,2.08,1.0,86.0,Rural,Fog,-45.89,Excellent
2108.15,10.2,45.0,8.13,1.98,22.53,2.04,6.0,75.5,Urban,Clear,-41.07,Excellent
2382.94,2983.99,26.15,17.49,0.58,13.63,2.16,5.0,64.4,Indoor,Clear,-182.62,Poor
2125.7,389.75,44.97,7.72,4.93,10.76,1.61,6.0,60.8,Dense Urban,Rain,-120.37,Poor
5825.24,37.05,44.73,14.69,0.98,25.66,1.92,9.0,38.7,Urban,Rain,-74.59,Good
726.92,47.96,21.75,3.99,4.67,49.39,2.04,5.0,40.0,Suburban,Fog,-60.34,Excellent
4987.58,21.63,21.71,3.97,3.88,37.13,1.93,0.0,65.8,Rural,Clear,-42.06,Excellent
5013.02,2797.32,19.11,17.98,4.45,30.34,1.95,3.0,31.9,Urban,Clear,-142.53,Poor
5009.78,41.81,45.71,12.37,2.54,18.21,1.28,0.0,77.2,Rural,Clear,-18.33,Excellent
2072.14,3457.63,46.02,12.64,2.56,48.01,1.79,6.0,80.0,Urban,Clear,-122.69,Poor
2385.93,51.69,46.55,8.81,0.74,11.69,1.95,10.0,76.3,Dense Urban,Clear,-89.45,Fair
1782.41,1436.0,36.3,14.18,0.62,11.39,1.34,5.0,67.4,Indoor,Storm,-163.48,Poor
892.25,10.67,18.71,16.85,3.3,21.94,1.44,6.0,37.5,Urban,Clear,-49.31,Excellent
5027.18,201.53,46.71,3.31,1.37,28.19,1.94,1.0,36.7,Rural,Clear,-44.21,Excellent
2420.74,99.2,46.1,4.76,2.37,45.58,1.43,6.0,81.3,Indoor,Clear,-106.05,Poor
3487.61,79.99,43.27,15.86,0.61,38.48,1.87,9.0,62.8,Urban,Storm,-83.42,Good
851.8,4762.12,43.98,3.27,2.95,25.82,1.49,5.0,69.9,Urban,Clear,-133.98,Poor
3481.54,882.26,23.05,7.75,0.39,36.01,1.43,4.0,80.4,Indoor,Clear,-170.31,Poor
2586.65,49.02,38.72,3.33,0.87,38.99,2.23,1.0,96.1,Rural,Clear,-30.3,Excellent
5773.9,1073.54,38.22,8.53,0.73,17.48,2.25,9.0,39.0,Dense Urban,Fog,-159.01,Poor
858.56,22.37,22.38,9.15,0.69,23.54,1.63,2.0,80.6,Indoor,Rain,-85.85,Fair
2409.42,3155.39,45.84,4.88,3.13,19.65,1.62,1.0,22.3,Rural,Storm,-65.48,Excellent
2420.31,141.52,34.8,3.31,0.18,43.2,1.74,4.0,48.9,Indoor,Clear,-126.57,Poor
2422.29,32.7,45.0,8.68,3.37,45.5,1.46,7.0,31.4,Indoor,Clear,-79.72,Good
679.6,54.49,22.49,10.23,3.37,45.79,1.91,4.0,65.5,Suburban,Clear,-53.87,Excellent
2114.58,26.23,30.95,13.79,1.0,33.69,2.46,7.0,90.8,Urban,Rain,-67.19,Excellent
878.08,3247.49,44.94,,2.37,24.21,2.19,1.0,40.9,Suburban,Rain,-81.97,Good
2592.42,66.93,21.45,3.12,0.88,30.32,1.56,13.0,20.9,Dense Urban,Clear,-130.0,Poor
900.93,24.3,38.14,9.01,1.49,45.17,1.66,4.0,35.5,Indoor,Rain,-70.02,Good
2072.97,1563.13,42.37,15.5,3.89,37.25,1.45,6.0,31.0,Indoor,Fog,-152.06,Poor
2579.41,37.63,41.74,11.55,2.53,43.32,2.11,3.0,10.0,Urban,Storm,-55.27,Excellent
686.27,17.95,44.22,15.68,4.82,13.52,1.64,5.0,65.4,,Clear,-40.64,Excellent
3477.65,636.76,37.69,17.21,4.69,31.21,2.34,5.0,62.0,Indoor,Clear,-137.95,Poor
3526.05,10.47,19.69,7.35,1.08,42.55,2.14,2.0,43.2,Rural,Clear,-37.07,Excellent
687.3,1764.73,22.47,4.13,4.07,31.24,1.67,2.0,64.5,Rural,Clear,-69.61,Excellent
700.07,330.17,43.57,3.34,1.71,22.22,1.7,4.0,68.2,Suburban,Clear,-65.02,Excellent
5029.79,46.36,37.81,4.02,1.92,24.07,1.37,9.0,86.5,Dense Urban,Clear,-102.43,Poor
904.0,189.76,30.31,12.92,2.98,12.64,1.81,2.0,61.1,Suburban,Clear,-57.51,Excellent
4994.69,51.08,46.18,3.91,2.52,45.24,2.41,4.0,34.3,Suburban,Clear,-49.48,Excellent
2125.79,274.26,29.09,17.24,4.68,37.86,2.03,5.0,69.9,Indoor,Clear,-123.36,Poor
1783.35,349.02,29.18,12.54,4.53,46.09,1.83,1.0,34.9,Rural,Rain,-44.57,Excellent
880.77,1209.89,29.74,17.29,2.24,16.51,1.73,4.0,62.0,Suburban,Clear,-88.31,Fair
2602.12,181.12,28.56,11.02,4.13,19.35,2.0,3.0,88.1,Indoor,Fog,-121.42,Poor
845.64,1327.74,35.38,5.24,4.57,31.74,2.38,2.0,59.9,Suburban,Rain,-85.13,Fair
2117.82,15.38,45.87,4.69,3.62,13.71,1.71,11.0,,Dense Urban,Clear,-72.3,Good
1772.52,3066.74,47.48,14.29,3.49,34.89,2.0,2.0,25.0,Rural,Clear,-49.19,Excellent
857.06,31.67,26.89,2.0,2.82,22.95,2.48,1.0,82.0,Rural,Storm,-35.15,Excellent
1812.64,1810.91,29.41,16.0,3.46,16.73,1.97,3.0,10.0,Suburban,Fog,-96.63,Fair
2428.32,216.27,46.41,2.47,0.74,23.61,2.1,4.0,89.9,Urban,Clear,-89.62,Fair
2578.75,19.17,38.61,11.67,1.03,47.71,2.34,4.0,96.8,Urban,Fog,-47.41,Excellent
684.77,93.56,25.7,8.22,1.84,34.41,1.79,3.0,49.3,Suburban,Clear,-58.75,Excellent
5025.95,3009.86,36.61,11.79,4.72,34.87,1.28,1.0,46.0,Suburban,Clear,-99.5,Fair
5007.84,1790.06,45.96,14.51,1.49,40.43,1.77,4.0,52.3,Indoor,Rain,-161.86,Poor
2572.28,890.24,30.68,3.79,0.64,,1.37,0.0,78.5,Rural,Fog,-67.17,Excellent
5774.64,105.97,38.22,17.14,2.31,33.24,2.36,0.0,23.7,Rural,Clear,-29.48,Excellent
2117.13,388.27,41.4,11.53,1.7,28.18,2.23,6.0,50.9,Urban,Clear,-97.28,Fair
5004.05,42.31,20.68,8.11,4.95,13.91,2.19,5.0,61.9,Indoor,Rain,-118.85,Poor
3503.92,560.42,47.35,17.67,1.94,40.97,1.74,2.0,87.0,Indoor,Fog,-117.87,Poor
2422.79,50.61,18.97,14.99,2.82,19.71,2.18,2.0,35.4,Suburban,Rain,-62.68,Excellent
834.47,1727.68,16.09,4.59,4.83,16.42,1.95,1.0,67.0,Rural,Storm,-79.25,Good
2379.63,796.93,23.22,3.42,4.46,47.39,1.34,3.0,60.5,Urban,Clear,-124.92,Poor
5806.83,110.17,19.68,16.77,4.51,36.6,1.4,4.0,75.4,Indoor,Clear,-122.29,Poor
5822.95,602.45,39.02,11.36,3.96,33.68,2.27,13.0,74.0,Dense Urban,Storm,-158.09,Poor
2085.92,75.43,36.19,9.42,1.81,37.64,2.34,7.0,42.4,Dense Urban,Clear,-94.32,Fair
910.88,26.31,28.94,3.24,3.87,24.15,2.04,5.0,98.0,Suburban,Rain,-51.75,Excellent
3479.14,43.13,44.24,10.67,2.99,45.38,1.52,5.0,85.4,Suburban,Clear,-42.41,Excellent
680.31,54.11,22.05,6.34,1.81,29.93,2.38,2.0,33.2,Rural,Clear,-36.05,Excellent
874.09,40.89,50.0,5.09,2.66,31.75,2.34,8.0,40.9,Urban,Storm,-56.44,Excellent
2377.08,677.43,34.62,8.26,4.32,23.51,2.12,5.0,70.1,Urban,Rain,-114.46,Poor
5771.46,991.57,41.0,2.57,0.33,49.15,2.19,1.0,45.5,Suburban,Fog,-95.74,Fair
1816.5,171.32,45.92,11.57,4.49,29.67,1.34,1.0,52.3,Rural,Clear,-21.73,Excellent
2091.75,4634.75,25.96,11.94,3.55,11.42,2.18,7.0,89.6,Urban,Clear,-158.72,Poor
1793.8,2540.02,21.11,13.12,1.63,45.91,2.34,4.0,78.0,Urban,Storm,-141.47,Poor
2117.99,17.18,45.33,2.37,2.01,26.65,2.08,5.0,48.2,Urban,Clear,-50.21,Excellent
680.8,174.88,36.42,4.81,2.16,33.49,2.41,2.0,50.6,Rural,Fog,-36.69,Excellent
2409.02,2831.08,20.91,14.36,2.17,20.63,1.32,1.0,14.1,Rural,Clear,-78.19,Good
2388.81,39.31,45.33,11.19,0.1,11.29,1.4,0.0,64.2,Rural,Storm,-24.93,Excellent
1776.26,105.02,42.81,2.14,0.91,13.76,2.49,11.0,12.3,Dense Urban,Clear,-114.72,Poor
911.25,3595.69,37.02,13.69,2.18,21.44,2.34,1.0,34.3,Rural,Clear,-56.08,Excellent
3489.12,1243.28,19.68,8.67,0.45,43.32,1.54,9.0,30.9,Urban,Clear,-150.18,Poor
872.0,1763.68,46.89,6.21,0.7,49.66,2.41,5.0,75.7,Suburban,Clear,-82.62,Good
725.14,2364.29,35.93,14.07,4.64,14.44,1.27,6.0,61.8,Indoor,Fog,-159.58,Poor
720.94,28.97,35.61,7.77,2.83,35.78,1.79,3.0,67.2,Urban,Clear,-50.25,Excellent
4989.34,771.47,18.19,9.26,4.52,47.45,1.45,13.0,27.2,Dense Urban,Clear,-171.78,Poor
1784.19,1468.04,43.31,15.77,3.25,22.4,2.4,3.0,81.0,Urban,Clear,-103.53,Poor
873.57,40.86,46.16,4.4,1.78,47.09,2.5,7.0,55.8,Urban,Clear,-53.45,Excellent
4997.18,13.09,44.64,11.05,4.06,28.66,1.34,2.0,29.8,Suburban,Storm,-29.9,Excellent
862.46,30.3,32.32,3.66,2.89,23.85,2.35,3.0,46.7,Suburban,Clear,-44.19,Excellent
1819.63,1002.36,21.19,17.65,2.63,42.62,1.29,9.0,90.3,Dense Urban,Fog,-154.59,Poor
686.66,747.94,30.04,6.99,0.46,14.07,2.42,5.0,40.4,Indoor,Clear,-152.36,Poor
2577.15,2551.19,36.69,16.56,1.03,29.52,2.4,3.0,62.0,Suburban,Storm,-101.63,Poor
2607.49,71.69,20.69,7.87,0.2,18.16,2.24,9.0,56.3,Urban,Clear,-106.16,Poor
3505.41,476.51,36.21,15.54,0.43,28.46,1.23,2.0,41.5,Suburban,Clear,-76.66,Good
886.21,11.81,48.35,14.23,4.46,31.08,1.55,3.0,66.4,Suburban,Clear,-2.63,Excellent
1805.08,3340.14,19.05,5.72,3.96,34.97,1.9,4.0,64.7,Urban,Clear,-150.34,Poor
5817.42,313.73,21.8,12.35,1.11,15.67,1.78,0.0,52.5,Rural,Rain,-69.87,Excellent
4991.0,1046.81,29.92,5.73,1.21,42.18,1.77,8.0,51.7,Dense Urban,Storm,-170.94,Poor
684.54,58.35,24.37,2.3,2.45,46.75,2.1,1.0,35.5,Rural,Clear,-35.4,Excellent
2613.5,16.64,42.54,6.81,1.65,45.4,1.39,0.0,23.0,Rural,Rain,-13.12,Excellent
5017.15,14.78,20.19,13.37,2.77,32.96,2.02,5.0,72.1,Suburban,Clear,-55.51,Excellent
2427.26,1580.32,16.57,4.86,1.08,36.97,1.39,5.0,41.6,Indoor,Clear,-187.28,Poor
2578.86,25.71,30.86,12.04,2.04,46.26,1.54,1.0,64.4,Rural,Clear,-23.02,Excellent
723.36,1674.77,30.33,14.24,4.58,14.28,1.97,8.0,61.7,Urban,Clear,-123.85,Poor
715.91,51.99,44.33,6.97,2.3,38.27,2.1,5.0,57.2,Urban,Clear,-52.55,Excellent
712.11,288.99,17.2,3.63,4.38,32.74,1.5,3.0,95.2,Urban,Clear,-107.23,Poor
838.78,50.92,42.55,11.55,2.66,38.72,1.6,4.0,28.5,Suburban,Rain,-34.14,Excellent
5771.33,13.65,24.45,4.1,2.13,17.85,2.19,8.0,49.9,Urban,Clear,-81.36,Good
2600.45,290.8,45.16,2.04,2.55,21.9,1.95,7.0,54.3,Indoor,Clear,-133.43,Poor
3487.15,97.91,37.08,4.09,3.71,46.67,1.6,2.0,65.8,Suburban,Clear,-58.62,Excellent
887.39,149.4,42.39,6.27,4.99,13.73,1.91,1.0,52.6,Rural,Fog,-27.21,Excellent
5825.63,420.33,19.42,12.84,0.15,47.02,1.37,2.0,39.8,Rural,Clear,-71.73,Good
829.18,70.24,44.75,7.32,2.58,38.83,1.75,5.0,26.6,Urban,Rain,-56.48,Excellent
5826.05,332.43,27.86,16.7,3.36,20.28,2.22,0.0,48.6,Rural,Rain,-55.99,Excellent
700.23,596.09,36.92,13.88,2.02,37.77,2.34,5.0,30.8,Indoor,Clear,-125.6,Poor
720.3,17.45,20.38,17.8,2.86,45.98,1.21,3.0,70.6,Urban,Clear,-40.91,Excellent
687.02,88.08,38.41,12.64,0.27,18.07,2.11,10.0,27.1,Dense Urban,Clear,-95.05,Fair
3508.04,17.49,45.82,2.34,1.4,37.66,1.21,7.0,59.3,Dense Urban,Clear,-73.6,Good
903.4,10.44,47.45,4.38,1.89,48.44,2.17,6.0,85.8,Dense Urban,Fog,-41.79,Excellent
2125.45,13.75,45.92,6.31,2.03,20.09,2.3,7.0,79.4,Indoor,Clear,-69.14,Excellent
2080.76,396.62,43.18,13.25,3.41,46.62,2.4,4.0,60.6,Urban,Clear,-88.18,Fair
3482.27,16.89,23.12,12.32,4.51,15.16,1.32,3.0,51.9,Suburban,Rain,-50.05,Excellent
1826.94,2208.31,30.98,5.28,0.31,39.1,1.22,5.0,72.1,Urban,Storm,-141.21,Poor
675.88,1121.29,20.81,13.17,2.25,11.92,1.68,8.0,89.0,Urban,Clear,-131.64,Poor
1808.08,10.56,21.33,6.46,1.99,31.16,1.53,1.0,35.5,Suburban,Fog,-41.87,Excellent
873.63,352.51,23.33,12.7,4.82,12.19,1.73,3.0,27.0,Suburban,Clear,-75.94,Good
3474.62,10.66,43.81,6.97,3.53,49.07,1.42,6.0,34.0,Urban,Clear,-41.68,Excellent
3505.83,19.71,22.19,5.37,4.77,43.57,2.2,9.0,44.9,Urban,Clear,-83.51,Good
703.08,4647.88,44.49,9.92,2.52,44.47,2.05,1.0,50.2,Suburban,Fog,-81.81,Good
3504.38,,43.81,17.69,3.14,47.01,1.71,4.0,90.0,Urban,Clear,-72.7,Good
698.42,11.84,42.48,12.35,4.27,38.81,2.11,4.0,58.8,Suburban,Clear,-10.94,Excellent
2614.54,1972.3,37.29,7.63,0.18,21.61,1.65,2.0,46.0,Indoor,Fog,-170.72,Poor
1829.53,2991.48,21.39,10.3,4.63,50.0,1.94,10.0,88.5,Dense Urban,Storm,-178.47,Poor
1786.55,302.04,36.98,9.02,2.38,24.0,1.79,0.0,52.1,Rural,Clear,-38.89,Excellent
2089.41,804.11,37.48,2.5,4.81,44.82,1.63,5.0,72.9,Suburban,Clear,-91.13,Fair
1789.38,1275.04,44.54,12.79,0.05,40.03,1.28,3.0,36.5,Suburban,Rain,-83.15,Good
3515.8,961.3,45.17,5.29,0.47,35.41,1.61,5.0,80.1,Suburban,Storm,-101.39,Poor
5790.88,216.12,40.68,10.55,0.37,36.88,1.81,2.0,50.8,Suburban,Clear,-70.96,Good
5010.6,1767.63,30.81,3.13,0.28,10.01,1.59,0.0,49.3,Rural,Clear,-83.57,Good
2096.75,265.0,26.36,14.64,0.67,32.93,2.46,3.0,18.5,Suburban,Clear,-76.33,Good
2406.47,50.16,42.62,2.28,1.67,13.79,1.44,2.0,43.2,Rural,Fog,-33.83,Excellent
2119.74,10.26,37.72,7.14,0.67,49.96,1.7,10.0,28.3,Dense Urban,Fog,-66.3,Excellent
3500.84,92.86,31.07,8.13,0.73,18.43,2.09,0.0,58.7,Rural,Clear,-43.13,Excellent
2398.51,16.71,29.84,14.36,2.25,43.95,1.55,0.0,35.1,Rural,Clear,-14.88,Excellent
2086.02,14.82,36.64,17.58,3.13,41.64,1.86,7.0,21.4,Dense Urban,Rain,-55.52,Excellent
2100.95,184.68,37.85,5.06,0.22,36.83,2.13,13.0,66.7,Dense Urban,Clear,-127.25,Poor
1785.74,3523.29,31.43,4.22,2.87,33.04,2.45,1.0,40.0,Suburban,Clear,-107.83,Poor
2420.61,19.27,22.07,11.95,2.91,27.12,1.9,4.0,39.0,Indoor,Clear,-85.78,Fair
2593.33,54.81,44.06,5.48,1.6,40.51,2.15,2.0,98.0,Suburban,Storm,-50.73,Excellent
2077.75,1739.23,22.7,2.39,0.94,25.54,2.25,6.0,42.0,Urban,Clear,-151.81,Poor
4984.4,121.49,16.71,5.71,3.16,40.2,,13.0,74.8,Dense Urban,Clear,-149.17,Poor
5002.07,1116.83,20.95,5.75,3.91,,1.8,1.0,30.9,Rural,Clear,-84.56,Good
2124.98,290.9,44.94,10.82,1.42,42.75,2.33,1.0,60.8,Rural,Rain,-33.22,Excellent
5788.03,426.57,24.3,9.2,2.55,40.8,2.03,9.0,66.9,Urban,Storm,-144.84,Poor
835.86,27.22,42.28,7.34,0.49,40.48,1.22,1.0,18.8,Suburban,Fog,-22.92,Excellent
5794.39,89.29,29.57,6.63,3.91,26.34,2.37,4.0,28.3,Suburban,Fog,-76.99,Good
928.07,476.54,37.45,6.29,3.31,38.08,1.73,5.0,78.8,Dense Urban,Clear,-115.66,Poor
2420.71,11.81,41.99,15.79,2.14,30.39,2.13,4.0,46.5,Urban,Clear,-33.8,Excellent
878.98,32.23,20.01,9.37,3.03,20.77,1.65,5.0,56.4,Indoor,Fog,-94.48,Fair
2106.83,110.44,28.88,15.68,4.78,28.78,1.88,4.0,76.4,Suburban,Clear,-59.77,Excellent
1817.51,661.78,42.82,17.93,2.81,26.01,1.83,3.0,81.0,Urban,Clear,-91.32,Fair
3516.08,237.34,46.7,9.93,2.14,16.47,1.29,3.0,42.4,Indoor,Clear,-116.9,Poor
699.33,870.64,45.69,16.86,2.26,10.6,1.71,1.0,54.5,Suburban,Storm,-60.14,Excellent
5013.91,915.75,23.68,4.79,0.91,36.18,1.52,13.0,44.4,Dense Urban,Fog,-182.89,Poor
5805.02,12.13,24.39,6.96,4.55,39.64,1.98,1.0,50.9,Suburban,Clear,-45.68,Excellent
2382.09,2714.53,47.68,12.54,2.75,22.39,2.45,2.0,42.3,Rural,Clear,-51.23,Excellent
2373.36,1677.0,43.26,5.81,1.97,49.88,2.21,3.0,46.4,Urban,Clear,-116.53,Poor
2592.17,53.9,21.29,11.47,4.68,18.78,2.39,1.0,94.6,Suburban,Rain,-59.82,Excellent
823.72,,35.13,16.38,2.75,34.36,1.84,5.0,44.4,Suburban,Clear,-54.24,Excellent
3493.7,67.87,21.27,17.58,0.73,42.64,1.27,7.0,10.0,Indoor,Clear,-116.59,Poor
919.73,2798.98,18.39,10.56,3.47,38.81,1.52,1.0,49.6,Suburban,Fog,-104.03,Poor
2620.66,107.95,20.15,13.79,4.84,25.86,1.83,5.0,19.3,Indoor,Fog,-123.28,Poor
1772.04,117.2,32.83,11.65,4.13,44.28,1.67,9.0,61.5,Urban,Clear,-89.32,Fair
3474.17,2892.17,23.32,8.72,1.9,39.78,1.8,0.0,51.1,Rural,Clear,-81.34,Good
3510.19,418.08,42.87,7.7,4.04,20.23,2.33,2.0,97.1,Indoor,Clear,-127.4,Poor
900.0,23.56,21.44,11.83,2.41,39.52,1.22,0.0,74.9,Rural,Rain,-19.66,Excellent
2578.96,489.33,21.76,7.53,2.02,23.22,1.47,5.0,11.8,Urban,Fog,-124.82,Poor
2118.33,1393.77,38.56,13.98,2.78,20.53,2.46,2.0,28.5,Suburban,Clear,-86.73,Fair
882.99,81.62,31.45,4.02,0.38,25.17,1.99,4.0,48.5,Suburban,Clear,-60.89,Excellent
2374.69,264.47,23.09,13.5,1.32,25.98,1.68,3.0,59.8,Suburban,Storm,-90.5,Fair
5814.97,491.84,23.14,10.18,2.9,10.55,1.46,1.0,73.3,Rural,Clear,-72.13,Good
706.49,238.56,21.67,3.31,0.59,20.52,1.76,7.0,66.2,Indoor,Rain,-146.2,Poor
5793.67,4972.87,23.07,15.43,2.05,37.35,2.25,4.0,65.2,Urban,Clear,-156.98,Poor
5011.56,233.25,22.78,10.8,4.14,24.93,2.47,9.0,44.6,Urban,Clear,-122.3,Poor
2424.68,545.06,36.35,13.76,4.47,35.31,1.54,9.0,47.6,Urban,Fog,-114.3,Poor
2572.05,1386.35,42.8,3.98,0.91,36.2,2.25,4.0,61.4,Indoor,Rain,-158.98,Poor
1807.66,23.37,19.85,4.48,4.72,49.16,1.25,3.0,61.3,Urban,Storm,-72.58,Good
833.09,13.14,29.52,16.06,2.34,27.08,2.18,2.0,64.0,Indoor,Clear,-54.8,Excellent
2398.45,4227.37,29.68,9.47,0.76,33.68,2.3,1.0,37.1,Suburban,Clear,-109.35,Poor
4995.44,946.99,18.21,6.73,3.75,38.7,1.6,7.0,53.6,Indoor,Clear,-183.97,Poor
893.4,115.2,29.15,10.3,0.43,37.05,2.12,3.0,74.2,Urban,Clear,-78.33,Good
3481.42,11.16,17.6,7.94,3.66,31.23,2.45,4.0,42.8,Suburban,Fog,-51.92,Excellent
3518.16,28.13,23.62,17.58,3.49,41.77,2.06,9.0,64.8,Urban,Clear,-76.09,Good
3492.77,10.62,43.12,5.15,3.19,36.2,1.97,5.0,37.0,,Storm,-52.54,Excellent
1823.23,117.5,22.82,10.48,4.14,36.76,1.31,2.0,53.6,Suburban,Clear,-69.1,Excellent
1791.28,314.44,44.33,7.32,4.11,21.44,1.48,9.0,67.3,Urban,Rain,-104.76,Poor
2120.38,27.13,18.7,4.64,2.2,41.73,1.55,0.0,71.2,Rural,Clear,-36.91,Excellent
5002.67,533.28,28.93,12.9,2.58,32.55,1.42,5.0,37.4,Suburban,Clear,-95.41,Fair
5793.14,3762.43,43.78,4.19,2.09,43.79,,2.0,10.0,Rural,Clear,-74.8,Good
2112.24,4711.9,38.53,6.39,3.07,16.28,2.34,1.0,82.1,Rural,Clear,-70.09,Good
5817.2,1772.93,43.91,9.8,2.61,25.58,1.45,2.0,80.4,,Clear,-159.82,Poor
2398.96,157.77,24.99,8.78,1.48,38.02,2.32,1.0,15.8,Suburban,Rain,-71.55,Good
1795.53,300.22,25.37,16.57,2.12,46.31,2.42,8.0,64.8,Urban,Clear,-106.0,Poor
704.65,228.25,29.36,12.42,2.82,44.64,1.74,4.0,56.9,Urban,Storm,-87.25,Fair
2605.11,26.31,21.93,3.11,4.0,34.43,1.57,5.0,82.4,Dense Urban,Clear,-88.58,Fair
2595.53,2023.2,40.31,4.29,0.67,39.52,2.24,5.0,80.5,Suburban,Rain,-106.07,Poor
5815.46,666.71,28.35,11.38,2.81,26.43,2.47,0.0,73.6,Rural,Fog,-62.02,Excellent
3493.98,526.95,42.51,5.61,4.69,16.88,1.39,3.0,48.5,Urban,Clear,-103.92,Poor
697.18,39.32,16.91,5.13,2.04,29.49,1.64,4.0,10.0,Urban,Storm,-80.45,Good
2406.32,25.9,28.38,17.8,0.34,48.19,2.2,5.0,63.7,Suburban,Clear,-44.82,Excellent
3529.21,2271.29,22.88,13.35,4.25,24.96,1.21,7.0,32.3,Indoor,Clear,-187.49,Poor
2085.64,30.5,44.34,6.84,1.06,31.14,1.69,2.0,18.9,Suburban,Rain,-35.94,Excellent
2083.92,15.81,21.92,2.45,3.49,47.72,1.36,2.0,98.0,Rural,Clear,-34.56,Excellent
4980.61,488.08,,14.72,2.31,14.05,2.26,0.0,40.7,Rural,Rain,-59.82,Excellent
2611.37,796.16,32.8,11.24,4.7,12.08,1.54,4.0,65.6,Indoor,Clear,-149.3,Poor
2596.95,21.03,40.29,6.98,3.87,34.8,2.0,13.0,72.4,Dense Urban,Clear,-84.74,Good
2093.32,36.17,31.63,10.44,4.01,23.93,1.95,13.0,63.8,Dense Urban,Clear,-100.4,Poor
882.25,1345.4,43.57,16.34,3.0,36.58,2.41,6.0,10.0,Indoor,Rain,-141.2,Poor
2423.47,3227.92,21.9,3.02,0.7,25.81,1.3,12.0,84.9,Dense Urban,Storm,-207.67,Poor
5796.59,193.21,44.45,13.71,0.85,30.42,1.83,0.0,54.1,Rural,Rain,-40.04,Excellent
2606.46,1372.77,36.01,15.8,0.22,48.63,2.36,7.0,64.0,Dense Urban,Clear,-143.1,Poor
3476.75,72.79,20.0,10.33,3.15,28.7,1.89,5.0,40.4,Suburban,Clear,-75.71,Good
826.48,,17.81,17.37,3.45,37.12,2.45,8.0,36.9,Urban,Clear,-122.08,Poor
5774.04,319.1,22.22,5.71,1.03,49.87,1.51,2.0,37.9,Rural,Clear,-72.64,Good
892.04,1887.13,46.04,,4.3,25.93,1.82,3.0,39.0,Suburban,Clear,-71.38,Good
5798.37,1242.03,23.46,8.8,1.77,10.36,2.24,3.0,42.7,Urban,Clear,-140.38,Poor
2084.67,58.46,31.18,8.07,1.1,38.14,1.78,6.0,79.4,Urban,Clear,-81.16,Good
5790.98,25.31,32.37,12.18,3.75,35.68,1.53,3.0,46.3,Indoor,Fog,-86.81,Fair
4970.38,1513.01,22.35,11.75,3.13,24.19,1.34,1.0,65.7,Rural,Storm,-87.2,Fair
3491.07,12.26,31.72,7.87,1.0,39.26,2.3,13.0,43.2,Dense Urban,Fog,-83.66,Good
5777.15,680.31,23.4,8.01,4.16,40.59,1.38,13.0,63.0,Dense Urban,Clear,-167.57,Poor
2577.7,192.52,41.04,9.68,0.52,19.21,1.37,9.0,54.2,Dense Urban,Storm,-123.33,Poor
4970.27,15.97,19.77,17.89,0.95,17.74,1.7,8.0,42.6,Urban,Storm,-84.36,Good
861.78,721.78,37.17,14.78,3.84,37.26,2.41,4.0,26.9,Urban,Clear,-92.87,Fair
725.88,201.03,21.74,7.86,2.7,27.06,1.95,1.0,62.7,Rural,Clear,-44.89,Excellent
2407.29,2095.98,35.44,7.81,2.16,15.01,1.67,5.0,35.2,Dense Urban,Rain,-160.76,Poor
4975.77,36.57,35.39,16.35,0.76,14.47,2.39,1.0,64.9,Rural,Rain,-30.4,Excellent
3529.38,10.14,36.18,14.47,0.45,10.27,1.57,3.0,23.4,Urban,Rain,-46.29,Excellent
2428.54,22.5,35.7,12.46,2.17,13.21,1.23,4.0,40.6,Suburban,Clear,-41.3,Excellent
2398.09,53.42,24.85,13.43,4.92,36.92,1.67,0.0,11.2,Rural,Rain,-32.29,Excellent
2576.47,575.95,33.32,2.91,3.11,47.5,2.02,1.0,34.5,Suburban,Clear,-84.07,Good
5013.24,95.23,23.17,3.48,1.59,41.82,2.36,1.0,45.5,Rural,Rain,-59.21,Excellent
5027.69,20.85,30.79,7.05,5.0,29.25,2.01,2.0,81.3,Suburban,Storm,-55.46,Excellent
866.72,4459.0,21.56,9.56,4.99,37.79,1.96,3.0,83.5,Suburban,Storm,-112.61,Poor
2407.45,19.59,36.65,13.38,1.69,33.62,2.14,9.0,75.1,Urban,Fog,-60.12,Excellent
1806.65,90.88,42.49,14.51,1.09,19.28,1.47,0.0,66.3,Rural,Clear,-19.58,Excellent
3528.68,2322.35,36.88,16.16,0.97,25.98,2.35,5.0,58.4,Suburban,Clear,-99.7,Fair
2374.39,577.28,20.99,6.34,2.94,29.13,1.97,3.0,42.4,Urban,Clear,-121.95,Poor
5778.97,72.97,20.86,13.97,1.57,20.87,1.89,1.0,50.0,Rural,Clear,-52.18,Excellent
2119.85,4158.5,22.1,17.91,3.9,47.61,2.03,2.0,41.0,Suburban,Clear,-103.58,Poor
2578.71,225.14,34.74,5.33,1.77,21.13,1.33,7.0,76.1,Urban,,-112.78,Poor
843.0,10.52,23.25,3.12,3.05,37.78,2.02,6.0,46.3,Urban,Clear,-54.75,Excellent
5786.89,10.39,45.01,16.34,1.24,23.13,1.35,5.0,77.1,Suburban,Clear,-26.74,Excellent
834.61,3465.42,36.21,4.16,2.4,29.14,1.85,3.0,26.8,Urban,Clear,-127.63,Poor
1771.54,57.4,46.34,13.52,3.29,38.24,2.27,3.0,85.3,Suburban,Clear,-32.67,Excellent
5003.98,1555.03,45.35,8.2,4.95,40.46,1.39,1.0,40.0,Suburban,Rain,-89.54,Fair
5794.07,13.11,20.46,7.69,1.52,19.37,1.72,6.0,46.0,Urban,Clear,-76.18,Good
2103.1,24.92,49.77,17.05,3.77,31.92,2.02,4.0,60.0,Suburban,Rain,-20.39,Excellent
2088.27,2053.16,21.03,7.62,3.03,35.53,2.04,2.0,27.0,Suburban,Clear,-112.5,Poor
726.49,4819.73,22.02,8.52,3.77,11.4,1.41,2.0,54.4,Indoor,Clear,-184.58,Poor
5805.48,13.81,37.77,2.25,3.06,40.31,1.63,5.0,45.6,Suburban,Rain,-52.33,Excellent
727.67,28.34,37.12,4.94,0.54,35.01,1.22,3.0,78.6,Suburban,Clear,-36.35,Excellent
691.0,893.55,37.79,7.78,1.19,35.6,2.23,0.0,41.9,Rural,Storm,-43.25,Excellent
2070.14,268.6,20.72,12.65,3.56,18.13,2.26,6.0,82.9,Indoor,Clear,-140.96,Poor
716.88,124.65,21.29,3.02,3.71,29.7,1.89,11.0,57.3,Dense Urban,Rain,-128.27,Poor
869.64,33.49,43.09,7.59,3.15,32.75,2.47,4.0,38.8,Suburban,Clear,-30.91,Excellent
2573.52,3562.06,35.04,7.84,0.99,23.85,1.34,2.0,60.3,Rural,Clear,-74.65,Good
3507.52,29.17,27.8,14.66,0.54,37.37,2.03,4.0,57.9,Suburban,Clear,-51.53,Excellent
909.66,51.99,23.69,6.4,3.68,11.57,1.46,5.0,33.6,Suburban,Clear,-61.26,Excellent
3478.74,75.04,21.31,16.27,3.19,30.26,1.65,1.0,45.7,Suburban,Rain,-63.83,Excellent
2603.15,23.66,24.03,17.1,2.79,12.38,1.26,5.0,,Suburban,Fog,-55.13,Excellent
884.59,280.08,32.01,5.55,0.09,27.51,1.38,1.0,79.6,,Fog,-71.1,Good
3470.99,83.41,42.67,8.04,3.1,45.67,1.67,2.0,81.8,Suburban,Clear,-46.96,Excellent
2422.01,437.08,31.82,13.74,3.89,27.98,1.94,3.0,48.3,Suburban,Clear,-74.91,Good
4999.5,98.36,30.39,6.3,2.32,49.26,1.83,3.0,72.5,Suburban,Clear,-69.53,Excellent
866.9,20.62,46.04,15.22,0.26,40.18,2.47,8.0,88.6,Urban,Storm,-43.46,Excellent
913.37,2265.24,20.11,17.58,1.45,47.87,2.24,2.0,45.8,Rural,Clear,-64.13,Excellent
1829.62,237.43,18.75,12.1,0.87,45.02,1.27,2.0,43.1,Rural,Rain,-59.78,Excellent
1796.28,73.9,44.56,4.58,3.09,44.27,1.24,7.0,51.6,Urban,Rain,-74.15,Good
4995.65,11.07,43.53,2.03,0.61,23.2,2.38,1.0,73.7,Suburban,Clear,-35.84,Excellent
3486.91,410.74,28.9,8.56,0.2,42.91,1.89,3.0,68.0,Urban,Rain,-114.02,Poor
2407.51,1294.06,26.21,5.63,4.09,23.47,2.48,5.0,52.7,Dense Urban,Fog,-152.41,Poor
2399.17,568.19,17.76,14.38,4.61,43.9,1.25,3.0,66.3,Indoor,Clear,-146.1,Poor
5013.73,1336.69,18.24,9.52,4.22,28.76,2.39,,26.1,Rural,Clear,-75.34,Good
2091.39,26.2,44.79,12.12,2.92,10.33,2.07,5.0,32.1,Suburban,Clear,-39.59,Excellent
877.85,4193.7,41.86,11.7,1.78,46.56,1.82,13.0,69.5,Dense Urban,Clear,-164.16,Poor
871.75,37.19,46.4,2.58,0.4,37.87,1.55,3.0,15.0,Urban,Clear,-48.68,Excellent
1819.68,,36.08,13.33,1.95,37.47,1.86,0.0,40.2,Rural,Clear,-19.0,Excellent
2591.06,241.41,36.7,15.21,0.92,45.06,2.11,6.0,78.6,Indoor,Rain,-128.53,Poor
2111.42,10.33,44.73,9.54,4.04,48.46,1.49,3.0,61.0,Urban,Rain,-29.0,Excellent
2099.54,156.37,29.29,11.31,4.17,40.66,2.28,2.0,72.8,Rural,Clear,-37.94,Excellent
2115.66,33.75,36.91,4.3,2.35,32.8,2.31,3.0,53.3,Suburban,Fog,-47.0,Excellent
5793.41,1050.94,22.8,12.54,1.54,17.14,2.03,7.0,98.0,Indoor,Storm,-191.95,Poor
5802.14,1109.57,39.97,17.03,3.5,38.69,1.87,5.0,91.3,Suburban,Clear,-87.47,Fair
823.47,459.04,22.96,13.39,3.14,30.06,2.38,5.0,43.9,Suburban,Rain,-81.36,Good
830.49,137.44,22.69,2.23,2.9,31.03,1.67,1.0,10.0,Rural,Rain,-49.84,Excellent
916.91,68.76,26.25,6.95,4.63,36.15,2.01,2.0,44.6,Rural,Clear,-33.16,Excellent
4992.89,1711.18,46.36,17.26,1.4,40.35,1.78,8.0,98.0,Dense Urban,Rain,-145.91,Poor
2072.11,233.68,20.04,12.69,1.65,20.43,1.61,12.0,56.1,Dense Urban,Clear,-142.1,Poor
4980.06,218.75,,7.2,0.27,22.69,2.4,13.0,27.7,Dense Urban,Clear,-141.68,Poor
2594.7,20.24,37.21,11.61,1.1,19.64,1.53,4.0,60.9,Indoor,Clear,-75.36,Good
2413.07,38.85,38.2,4.61,2.35,40.2,2.03,6.0,46.9,Indoor,Clear,-93.28,Fair
891.81,93.96,19.05,16.79,4.1,28.56,1.56,2.0,33.2,Rural,Clear,-35.61,Excellent
1814.71,769.45,43.04,8.24,0.95,33.82,1.98,0.0,18.9,Rural,Clear,-41.51,Excellent
871.48,1911.44,44.01,5.07,2.62,31.28,2.19,0.0,43.6,Rural,Clear,-46.17,Excellent
2390.47,4783.0,18.61,3.2,1.54,43.92,1.79,3.0,52.0,Suburban,Clear,-129.89,Poor
918.02,142.44,30.92,2.56,3.93,33.29,1.76,4.0,75.6,Suburban,Clear,-68.31,Excellent
877.61,167.18,46.85,12.32,3.19,49.2,1.84,2.0,54.4,Indoor,Rain,-89.32,Fair
694.92,1168.35,22.8,12.9,0.27,33.87,1.9,4.0,58.4,Urban,Fog,-121.18,Poor
3475.85,73.62,39.37,12.54,0.81,30.1,1.86,12.0,31.6,Dense Urban,Clear,-108.24,Poor
5773.15,287.64,43.77,7.03,3.82,12.48,1.41,2.0,,Rural,Clear,-51.4,Excellent
2073.87,671.81,40.49,14.68,3.39,26.94,1.98,2.0,55.9,Rural,Clear,-43.06,Excellent
2376.29,43.41,31.48,15.44,0.58,23.42,2.19,2.0,50.5,Rural,Clear,-30.52,Excellent
5820.14,56.83,42.01,11.65,1.51,33.29,2.15,1.0,61.9,Rural,Clear,-27.11,Excellent
2402.62,91.48,47.2,11.85,1.36,23.97,2.06,5.0,38.6,Suburban,Clear,-53.14,Excellent
2626.84,362.37,30.44,5.08,2.36,22.37,1.71,8.0,69.2,Urban,Clear,-119.55,Poor
2102.28,53.68,42.04,15.73,0.13,49.96,1.89,4.0,82.9,Urban,Clear,-54.0,Excellent
2407.72,36.46,43.91,3.35,2.65,22.8,2.23,6.0,17.2,Dense Urban,Storm,-84.85,Good
2381.07,25.32,36.67,14.84,0.83,44.05,1.38,6.0,51.5,Dense Urban,Rain,-71.44,Good
3502.43,1528.63,42.31,8.7,3.67,42.38,1.82,1.0,90.7,Rural,Fog,-58.31,Excellent
2593.12,2461.56,22.37,3.57,2.74,22.98,1.81,0.0,18.7,Rural,Fog,-84.86,Good
2425.89,2765.78,21.18,2.98,3.94,25.21,2.02,2.0,38.9,Suburban,Clear,-120.38,Poor
726.04,1650.31,41.62,17.82,3.15,39.65,2.14,5.0,76.2,Indoor,Clear,-141.66,Poor
5781.91,23.47,44.67,11.1,4.55,25.44,1.48,4.0,58.7,Urban,Clear,-52.8,Excellent
5007.21,18.36,43.72,9.11,4.77,11.66,1.44,12.0,54.1,Dense Urban,Storm,-89.15,Fair
858.29,222.45,37.44,16.81,3.11,30.13,1.4,2.0,27.9,Indoor,Rain,-102.61,Poor
903.75,255.46,31.16,9.41,3.14,31.24,2.03,5.0,65.2,Urban,Rain,-92.51,Fair
5777.46,950.32,47.12,15.55,1.78,23.31,1.98,5.0,78.8,Suburban,,-97.95,Fair
1809.24,39.95,46.28,15.66,4.67,12.14,1.43,8.0,62.1,Dense Urban,Clear,-69.15,Excellent
5017.95,3255.41,42.69,14.0,4.07,27.52,1.98,3.0,43.5,Urban,Fog,-128.16,Poor
3490.71,68.63,42.18,3.52,1.25,48.48,2.22,3.0,51.5,Indoor,Clear,-100.25,Poor
5000.87,362.65,21.17,17.27,1.32,47.2,1.39,8.0,36.9,Urban,Fog,-123.5,Poor
676.98,2150.24,44.97,12.04,3.71,43.38,1.47,6.0,47.4,Indoor,Fog,-146.17,Poor
2125.84,258.68,18.56,8.54,1.76,24.8,1.49,4.0,23.6,Suburban,Clear,-90.04,Fair
2376.57,1081.01,41.31,14.26,4.11,17.34,2.06,4.0,45.4,Indoor,Clear,-143.76,Poor
4982.5,1050.99,25.71,3.18,4.58,49.01,2.36,4.0,70.3,Suburban,Clear,-109.04,Poor
887.91,1355.95,17.42,4.86,0.58,44.37,1.27,3.0,55.7,Suburban,Rain,-108.66,Poor
1819.55,1545.24,44.69,12.84,2.6,17.81,2.32,5.0,51.3,Urban,Clear,-108.84,Poor
862.04,114.62,28.15,12.07,4.44,27.03,1.74,2.0,37.3,Rural,Rain,-34.94,Excellent
3470.42,95.77,44.47,10.39,2.76,34.08,2.28,8.0,57.4,Dense Urban,Clear,-96.38,Fair
5781.01,1474.41,21.44,12.79,0.73,34.35,2.28,11.0,61.4,Dense Urban,Clear,-176.67,Poor
865.01,366.96,41.33,17.2,3.96,35.8,2.04,4.0,39.6,Indoor,Clear,-107.28,Poor
894.23,436.72,38.38,4.08,1.03,48.01,1.52,7.0,44.3,Dense Urban,Clear,-122.5,Poor
1771.57,129.35,43.88,7.49,2.48,16.19,1.24,0.0,24.0,Rural,Rain,-29.29,Excellent
5027.84,35.01,45.65,6.7,4.84,45.79,1.42,7.0,71.0,Indoor,Rain,-91.21,Fair
2079.07,171.1,41.06,16.96,4.45,21.06,1.62,3.0,88.2,Urban,Clear,-72.19,Good
900.63,4140.44,29.97,5.0,3.05,32.06,2.2,9.0,44.5,Urban,Fog,-151.14,Poor
1784.9,60.96,37.09,7.88,0.78,32.15,2.13,3.0,67.4,Suburban,Clear,-51.76,Excellent
,54.22,35.97,16.49,1.93,37.91,1.88,3.0,75.1,Suburban,Clear,-42.52,Excellent
1816.6,22.54,44.79,12.72,1.19,24.04,1.24,3.0,52.9,Suburban,Clear,-28.41,Excellent
,198.93,22.2,2.5,3.38,14.6,1.35,5.0,64.5,Dense Urban,Clear,-121.71,Poor
5009.51,60.08,21.28,17.36,3.81,43.81,2.41,0.0,38.5,Rural,Rain,-37.5,Excellent
2124.54,715.36,30.86,2.96,3.12,17.22,2.13,2.0,71.2,Rural,Clear,-66.85,Excellent
918.89,23.16,31.94,10.35,3.04,19.59,2.39,9.0,42.9,Dense Urban,Clear,-75.6,Good
3494.89,46.5,44.92,5.87,1.56,13.17,1.9,3.0,60.6,Suburban,Rain,-55.0,Excellent
3496.49,14.69,23.88,12.11,2.26,30.38,1.27,1.0,66.5,Suburban,Storm,-50.58,Excellent
873.21,12.94,20.46,6.54,4.91,34.23,2.22,7.0,59.9,Urban,Rain,-62.37,Excellent
672.06,,20.65,15.08,4.55,30.86,2.49,0.0,71.8,Rural,Rain,-53.37,Excellent
671.37,2785.72,44.7,11.04,3.56,13.38,1.86,6.0,30.5,Urban,Clear,-115.93,Poor
3482.35,1152.69,35.44,7.01,4.34,43.5,1.31,7.0,65.6,Dense Urban,Clear,-149.89,Poor
2619.66,2162.97,46.81,15.85,3.54,12.49,2.03,4.0,51.3,Suburban,Rain,-90.03,Fair
3479.19,17.13,24.31,14.44,3.19,49.27,2.18,6.0,55.0,Urban,Rain,-64.34,Excellent
2587.12,2654.83,19.07,9.89,3.78,24.94,2.28,9.0,53.2,Urban,Clear,-161.4,Poor
2107.74,181.06,30.91,9.86,1.24,32.81,2.18,4.0,51.3,Suburban,Clear,-71.99,Good
2381.05,1187.26,24.8,9.49,4.82,37.56,2.47,0.0,83.4,Rural,Storm,-69.62,Excellent
3488.19,459.1,19.46,10.64,2.17,31.07,1.7,3.0,67.2,Indoor,Fog,-157.61,Poor
1798.01,87.96,43.84,15.73,0.22,43.67,2.16,6.0,10.0,Urban,Fog,-66.12,Excellent
5783.69,51.84,28.03,3.18,0.94,41.28,2.14,3.0,70.0,Indoor,Clear,-112.34,Poor
5029.54,20.84,18.99,8.21,3.31,33.21,1.7,1.0,65.5,Suburban,Clear,-57.49,Excellent
4979.81,129.94,22.33,14.0,3.32,10.61,2.36,1.0,40.5,Suburban,Clear,-75.55,Good
5821.0,215.56,29.95,17.42,2.71,35.55,1.51,5.0,61.9,Dense Urban,Rain,-121.43,Poor
1798.21,4501.92,45.98,4.45,2.51,41.57,2.08,6.0,54.5,Dense Urban,Storm,-161.63,Poor
827.75,12.61,36.59,2.7,3.17,42.57,1.73,6.0,59.1,Indoor,Clear,-66.12,Excellent
2077.11,391.56,38.02,14.88,3.61,31.77,1.56,12.0,39.3,Dense Urban,Rain,-128.5,Poor
3500.02,261.18,35.86,17.53,1.01,23.69,1.35,11.0,26.6,Dense Urban,Clear,-130.73,Poor
3491.21,11.53,44.9,13.44,1.03,24.35,1.21,2.0,81.3,Rural,Clear,-9.27,Excellent
1784.08,77.62,24.41,10.86,0.18,24.67,1.49,2.0,45.3,Rural,Clear,-44.99,Excellent
927.54,138.51,31.3,5.73,3.02,37.74,2.13,8.0,41.7,Urban,Fog,-91.36,Fair
2097.8,215.78,29.01,17.33,1.87,38.01,1.81,3.0,65.0,Urban,Clear,-86.61,Fair
5025.73,42.67,19.83,13.56,4.68,33.76,2.19,6.0,46.0,Urban,Storm,-91.61,Fair
679.84,12.36,38.08,13.11,1.68,40.65,2.46,4.0,59.9,Urban,Rain,-29.67,Excellent
1781.01,62.1,42.7,16.11,2.82,29.19,1.4,1.0,39.5,Rural,Clear,-13.43,Excellent
905.76,1808.49,35.95,16.01,1.73,31.37,1.65,4.0,64.7,Indoor,Clear,-151.12,Poor
4986.19,1514.9,18.89,3.29,1.78,44.69,1.47,5.0,74.6,Urban,Clear,-157.46,Poor
2081.1,30.75,28.96,2.32,1.81,30.02,1.96,6.0,58.9,Dense Urban,Rain,-93.05,Fair
675.68,555.07,28.26,5.56,3.05,21.98,2.2,11.0,34.3,Dense Urban,Clear,-139.6,Poor
874.58,3110.98,24.31,16.56,1.83,26.73,1.48,,62.9,Suburban,Clear,-104.97,Poor
715.19,29.14,34.07,10.54,0.74,20.17,2.24,5.0,40.2,Suburban,Clear,-39.65,Excellent
2086.93,22.25,35.53,12.36,0.83,18.98,1.25,2.0,59.4,Rural,Rain,-25.43,Excellent
5828.71,11.48,43.89,7.54,2.64,34.33,2.04,0.0,16.5,Rural,Clear,-10.18,Excellent
2380.99,29.2,41.98,8.8,2.17,10.65,2.3,1.0,73.6,Rural,Rain,-24.43,Excellent
4991.27,1573.38,45.47,6.8,4.36,22.43,2.39,0.0,60.5,Rural,Clear,-58.26,Excellent
3492.49,1573.74,30.59,17.05,0.21,35.64,1.66,11.0,59.0,Dense Urban,Fog,-164.3,Poor
5000.01,287.52,24.55,8.59,1.32,18.53,1.34,6.0,75.1,Urban,Clear,-123.4,Poor
1822.24,79.48,36.59,15.37,3.46,49.91,1.85,2.0,21.2,Suburban,Clear,-39.22,Excellent
5820.09,1504.79,38.38,4.49,3.42,35.11,1.81,0.0,38.8,Rural,Clear,-66.01,Excellent
870.6,33.6,20.45,7.08,0.38,35.16,2.01,3.0,47.3,Suburban,Clear,-55.45,Excellent
2094.56,23.85,29.09,4.9,1.23,31.33,1.95,13.0,10.0,Dense Urban,Clear,-102.35,Poor
2619.68,17.41,46.74,6.69,1.14,40.66,1.46,7.0,60.0,Indoor,Clear,-70.99,Good
870.01,1984.74,45.96,12.68,4.8,37.82,1.26,4.0,33.6,Suburban,Clear,-73.59,Good
902.02,849.85,35.55,4.26,4.6,43.5,2.46,12.0,79.7,Dense Urban,Storm,-147.57,Poor
835.57,485.0,44.29,10.58,4.91,20.25,1.74,9.0,37.4,Dense Urban,Rain,-116.19,Poor
694.77,919.21,20.51,2.05,0.73,27.09,1.95,3.0,77.2,Suburban,Rain,-103.48,Poor
2395.22,24.39,37.08,17.73,3.48,31.42,1.25,4.0,35.2,Suburban,Clear,-30.43,Excellent
5793.51,109.28,21.92,2.57,2.61,24.21,1.43,4.0,78.5,Suburban,Rain,-97.54,Fair
923.52,1574.97,21.17,14.07,3.76,20.49,1.84,2.0,50.0,Suburban,Clear,-93.66,Fair
2102.19,2980.73,42.23,15.91,1.06,10.69,1.79,5.0,41.0,Dense Urban,Rain,-152.96,Poor
5824.22,242.57,43.78,17.94,0.15,24.87,1.52,4.0,90.8,Suburban,Clear,-69.63,Excellent
3513.6,21.35,29.5,12.4,0.57,28.26,2.24,1.0,74.0,Rural,Clear,-26.65,Excellent
691.07,4375.11,38.76,11.71,2.53,42.08,2.38,5.0,51.7,Urban,Storm,-128.39,Poor
2399.61,116.46,36.8,10.92,4.9,37.43,1.58,2.0,21.2,Rural,Fog,-31.72,Excellent
843.39,72.6,46.9,14.23,0.18,,2.1,8.0,35.6,Urban,Clear,-64.05,Excellent
919.71,21.08,20.42,15.93,2.94,39.47,1.41,9.0,57.4,Dense Urban,Fog,-75.35,Good
881.26,10.82,36.39,10.44,0.99,16.19,1.34,1.0,43.3,Suburban,Clear,-17.68,Excellent
2626.18,425.89,21.25,13.52,0.36,21.95,1.43,1.0,35.6,Rural,Clear,-63.84,Excellent
854.83,449.71,44.17,17.4,3.12,23.24,1.39,5.0,51.9,Indoor,Clear,-117.26,Poor
906.71,42.88,22.17,3.79,1.87,11.09,1.84,5.0,72.7,Suburban,Clear,-69.34,Excellent
901.01,27.37,19.38,11.44,3.72,44.87,1.47,3.0,91.1,Suburban,Clear,-42.73,Excellent
1803.27,266.12,43.57,3.08,1.84,27.11,1.53,11.0,36.8,Dense Urban,Clear,-124.95,Poor
2610.06,149.68,43.95,8.97,0.5,22.22,1.49,0.0,42.1,Rural,Clear,-32.76,Excellent
1809.3,66.0,44.78,13.62,3.66,39.72,2.04,7.0,76.2,Urban,Clear,-61.56,Excellent
1782.85,38.82,28.57,8.08,3.27,31.31,2.4,4.0,34.2,Urban,Clear,-66.76,Excellent
2404.95,2085.65,23.12,3.6,4.52,45.39,1.56,3.0,44.4,Suburban,Clear,-112.74,Poor
2591.28,4521.91,40.69,15.28,3.48,37.23,1.52,3.0,57.8,Suburban,Clear,-96.57,Fair
708.22,91.14,47.51,5.9,0.06,45.78,1.36,5.0,77.6,Indoor,Clear,-90.4,Fair
5002.87,766.01,45.66,10.04,4.14,38.85,2.48,,23.9,Dense Urban,Storm,-137.76,Poor
5780.78,2168.13,28.25,4.4,2.77,41.23,2.27,12.0,51.3,Dense Urban,Clear,-187.15,Poor
2614.08,11.82,35.22,17.83,0.06,27.2,1.68,2.0,34.1,Suburban,Rain,-27.26,Excellent
2397.42,2823.84,43.47,8.12,4.01,14.19,1.23,8.0,78.5,Urban,Rain,-140.62,Poor
2603.09,222.43,43.43,15.15,3.85,29.31,1.89,2.0,62.8,Suburban,Rain,-53.13,Excellent
2110.36,318.16,35.85,8.15,5.0,31.67,1.45,5.0,50.8,Suburban,Clear,-75.57,Good
1809.17,286.49,19.83,7.59,2.41,20.04,1.22,2.0,50.4,Indoor,Rain,-141.81,Poor
1814.94,45.25,35.31,5.85,3.89,19.2,,8.0,64.8,Urban,Clear,-77.23,Good
832.41,1291.95,22.61,8.47,3.57,24.78,2.06,2.0,40.8,Suburban,Clear,-95.17,Fair
4976.62,947.46,32.21,16.0,2.48,26.79,2.22,9.0,49.5,Urban,Clear,-130.7,Poor
1810.15,18.14,40.2,12.59,0.87,34.85,1.54,3.0,46.0,Indoor,Clear,-60.43,Excellent
884.16,330.34,19.68,2.85,2.22,21.67,1.83,6.0,53.8,Urban,Rain,-122.0,Poor
5776.88,3828.12,30.65,10.66,0.78,12.76,2.15,8.0,75.8,Urban,Rain,-171.43,Poor
2377.87,2245.06,23.59,9.96,1.52,23.32,2.49,9.0,39.0,Urban,Clear,-154.88,Poor
2588.77,488.99,17.42,12.99,4.36,18.91,2.4,7.0,68.2,Dense Urban,Rain,-148.32,Poor
929.51,34.38,35.28,14.09,1.27,34.73,1.61,6.0,59.3,Indoor,Clear,-82.65,Good
879.44,86.53,39.53,11.05,4.13,25.08,1.74,2.0,50.7,Rural,Rain,-20.7,Excellent
3487.91,25.46,46.67,16.01,0.16,33.34,2.41,2.0,68.9,Rural,Rain,-14.31,Excellent
2125.24,1653.35,45.92,12.27,2.44,24.43,1.93,7.0,55.1,Urban,Fog,-117.56,Poor
877.8,1263.6,24.6,7.41,3.7,32.96,1.21,0.0,62.6,Rural,Fog,-60.82,Excellent
4983.73,2864.37,20.07,8.02,4.33,10.15,2.13,13.0,77.7,Dense Urban,Storm,-211.81,Poor
2122.83,14.83,42.86,15.74,0.13,33.77,1.8,2.0,46.5,Suburban,Clear,-18.73,Excellent
2578.34,4015.44,19.47,6.16,3.98,12.01,2.19,13.0,45.5,Dense Urban,Rain,-206.39,Poor
1815.69,4058.43,31.59,4.28,4.46,40.62,2.39,3.0,65.2,Indoor,Fog,-184.83,Poor
2370.78,661.02,30.32,14.04,0.77,46.39,1.68,4.0,53.3,Suburban,Storm,-92.78,Fair
3494.4,2397.8,23.09,8.84,0.26,31.25,1.8,4.0,74.6,Indoor,Clear,-188.72,Poor
4984.84,,35.35,5.63,1.02,10.97,1.77,2.0,95.6,Rural,Clear,-55.62,Excellent
912.24,70.12,43.9,15.27,1.18,22.27,1.7,5.0,85.2,Suburban,Clear,-36.06,Excellent
2570.96,26.1,45.78,4.96,0.95,14.23,1.83,4.0,36.1,Suburban,Rain,-44.42,Excellent
5797.89,12.17,30.6,13.72,2.95,12.84,2.01,1.0,68.2,Suburban,Clear,-36.59,Excellent
2611.8,12.98,31.5,7.44,1.27,35.59,1.21,6.0,18.8,Dense Urban,Rain,-73.84,Good
822.8,735.39,20.55,13.4,3.61,36.68,2.33,1.0,61.3,Rural,Rain,-56.35,Excellent
873.84,80.99,19.56,14.37,2.58,34.89,2.33,5.0,50.0,Suburban,Rain,-65.37,Excellent
891.67,13.99,45.34,4.52,2.28,16.07,1.44,2.0,64.0,Indoor,Rain,-56.42,Excellent
829.92,20.08,45.21,15.2,4.34,17.15,1.35,0.0,54.1,Rural,Clear,6.65,Excellent
3483.53,624.57,44.32,11.9,2.98,22.04,2.12,7.0,45.6,Urban,Clear,-111.19,Poor
5790.33,3415.62,18.91,15.75,1.32,26.35,2.44,7.0,58.2,Urban,Clear,-162.85,Poor
2381.9,126.22,28.35,2.5,0.45,19.19,1.39,3.0,77.6,Suburban,Clear,-80.92,Good
2400.63,1255.67,38.24,14.11,2.69,45.61,2.27,6.0,98.0,Dense Urban,Clear,-132.72,Poor
3507.98,4242.95,46.57,17.77,3.74,11.08,2.44,7.0,80.5,Indoor,Clear,-173.87,Poor
2096.01,815.98,30.46,13.25,3.37,29.33,,1.0,70.7,Suburban,Clear,-77.3,Good
2095.62,894.07,17.11,16.68,4.02,47.96,1.92,6.0,72.6,Dense Urban,Clear,-146.62,Poor
2416.9,459.51,48.92,8.64,3.89,49.47,2.4,4.0,51.7,Suburban,Storm,-69.81,Excellent
1788.06,4352.31,19.39,13.23,2.6,22.99,1.22,1.0,53.4,Suburban,Clear,-116.9,Poor
707.37,64.44,45.62,11.08,1.32,35.22,2.32,6.0,69.1,Urban,Clear,-54.08,Excellent
2423.58,1297.96,31.12,7.36,4.12,42.18,2.1,9.0,21.8,Urban,Clear,-136.22,Poor
4983.29,131.91,19.65,11.97,2.2,19.1,1.71,6.0,63.1,Indoor,Clear,-140.06,Poor
707.19,26.27,40.06,7.77,0.7,32.19,2.32,6.0,52.1,Urban,Clear,-51.11,Excellent
926.88,989.79,30.85,17.19,4.47,48.78,2.16,8.0,50.3,Urban,Fog,-113.46,Poor
901.79,1731.93,29.66,14.76,1.03,45.75,2.24,2.0,33.4,Suburban,Clear,-83.47,Good
5028.61,2142.04,22.41,15.93,0.83,45.41,1.57,1.0,58.8,Suburban,Rain,-110.85,Poor
2388.6,3076.96,44.55,12.17,0.95,34.33,1.95,10.0,40.7,Dense Urban,Clear,-158.04,Poor
2403.86,1024.46,22.2,15.45,1.04,34.93,1.67,2.0,59.1,Rural,Clear,-64.93,Excellent
2588.66,265.48,19.43,7.87,1.38,19.29,2.05,5.0,56.5,Indoor,Clear,-150.05,Poor
870.22,3415.94,29.1,12.58,2.83,42.38,2.16,2.0,42.1,Indoor,Clear,-167.55,Poor
3529.84,36.78,21.87,7.34,1.06,40.78,2.04,4.0,76.6,Urban,Rain,-88.4,Fair
684.4,16.17,35.96,11.51,4.32,27.23,2.34,2.0,50.4,Rural,Clear,-1.08,Excellent
878.39,146.2,39.66,3.14,2.15,44.28,1.37,2.0,65.4,Suburban,Clear,-52.58,Excellent
5009.18,372.73,44.51,14.67,2.36,19.8,1.92,1.0,34.3,Rural,Fog,-43.1,Excellent
2624.24,684.34,46.35,8.75,3.45,43.9,1.9,1.0,49.8,Suburban,Clear,-67.07,Excellent
878.03,1587.81,19.18,17.74,0.28,35.01,2.17,,35.8,Urban,Clear,-129.77,Poor
2104.07,11.81,19.17,15.73,1.58,11.81,1.83,2.0,55.5,Rural,Fog,-28.74,Excellent
729.98,1461.16,29.45,11.83,3.43,24.21,1.53,3.0,61.4,Suburban,Clear,-87.48,Fair
2616.04,416.61,22.68,6.25,1.92,37.47,1.53,9.0,61.2,Urban,Storm,-136.07,Poor
3501.43,3732.31,46.44,12.08,0.46,38.96,1.64,5.0,88.2,Dense Urban,Rain,-155.63,Poor
909.3,86.89,44.12,14.11,2.45,24.73,1.74,8.0,72.9,Urban,Rain,-68.46,Excellent
1781.66,462.6,30.3,9.56,1.09,19.15,2.09,5.0,25.7,Urban,Clear,-110.03,Poor
870.66,1171.9,44.67,11.48,4.41,16.97,1.75,2.0,71.1,Rural,Storm,-46.75,Excellent
1785.41,247.59,37.15,16.02,0.6,49.11,1.49,5.0,40.8,Dense Urban,Clear,-103.54,Poor
896.1,26.35,35.39,4.2,0.38,25.72,1.38,1.0,70.5,Suburban,Clear,-35.09,Excellent
883.68,13.63,44.79,9.99,2.8,26.19,2.12,10.0,21.3,Dense Urban,Clear,-55.78,Excellent
2100.84,19.98,35.88,15.85,1.0,16.73,1.34,3.0,51.3,Suburban,Clear,-36.2,Excellent
5009.48,216.64,42.14,8.26,4.3,25.03,1.59,4.0,61.9,Suburban,Rain,-75.18,Good
3509.35,532.46,24.22,16.15,0.89,49.16,1.48,7.0,36.1,Indoor,Clear,-156.45,Poor
923.63,346.59,35.95,10.93,2.37,30.01,1.31,2.0,81.4,Rural,Clear,-38.02,Excellent
5827.98,839.73,42.67,8.42,3.76,38.28,2.35,8.0,94.9,Urban,Clear,-118.69,Poor
923.44,12.74,42.04,17.86,0.25,47.65,1.29,11.0,53.4,Dense Urban,Clear,-53.01,Excellent
5807.21,23.33,22.52,4.59,5.0,46.98,1.51,2.0,70.7,Suburban,Clear,-58.25,Excellent
1782.35,1133.17,20.89,7.56,3.84,45.22,1.42,5.0,72.8,Suburban,Fog,-106.75,Poor
2426.61,1283.48,36.06,5.52,1.68,46.32,2.31,1.0,42.7,Suburban,Clear,-89.88,Fair
880.49,786.09,20.84,17.73,2.36,34.44,,7.0,42.2,Dense Urban,Clear,-137.77,Poor
3479.09,1027.76,42.98,4.4,0.78,44.69,1.92,3.0,62.1,Urban,Clear,-115.59,Poor
1789.05,3983.79,31.63,3.91,1.97,41.73,2.11,7.0,84.4,Urban,Fog,-152.92,Poor
5004.42,3535.23,41.9,6.22,1.57,49.67,2.3,4.0,75.2,Indoor,Rain,-181.08,Poor
710.89,548.83,19.64,11.74,1.54,45.23,1.6,2.0,25.1,Suburban,Clear,-82.16,Good
2370.8,72.76,17.8,6.24,3.85,31.52,1.87,5.0,79.0,Suburban,Clear,-79.55,Good
866.68,10.92,22.86,7.23,4.01,10.1,1.21,6.0,78.3,Dense Urban,Clear,-67.85,Excellent
4980.5,506.63,19.37,10.55,1.83,49.74,1.52,1.0,10.0,Suburban,Clear,-96.55,Fair
2087.79,145.91,21.44,12.18,0.58,31.37,1.88,3.0,70.1,Suburban,Clear,-75.95,Good
2589.33,24.94,42.06,11.28,0.22,47.73,1.63,4.0,55.9,Urban,Clear,-46.85,Excellent
4989.95,38.1,42.36,11.84,4.76,26.88,1.39,5.0,81.2,Indoor,Clear,-88.42,Fair
2415.62,3370.27,35.99,12.73,0.52,35.99,1.32,3.0,75.0,Suburban,Clear,-102.74,Poor
672.46,15.09,30.04,16.04,3.27,45.16,2.31,9.0,66.4,Urban,Rain,-48.72,Excellent
881.79,1334.63,25.98,12.8,0.45,16.23,2.18,3.0,58.6,Indoor,Rain,-162.05,Poor
871.34,2720.22,40.75,13.54,3.97,24.6,2.22,4.0,62.5,Suburban,Clear,-86.07,Fair
5816.7,720.82,45.93,8.34,1.8,45.01,2.09,8.0,24.5,Dense Urban,Fog,-141.94,Poor
5829.02,14.64,24.76,17.11,1.65,29.85,1.43,8.0,22.9,Dense Urban,Clear,-82.39,Good
2109.57,1918.37,45.23,14.93,0.12,36.34,2.16,6.0,67.3,Dense Urban,Rain,-137.81,Poor
5005.41,579.71,37.79,11.32,4.82,31.74,1.92,10.0,57.5,Dense Urban,Fog,-143.8,Poor
924.48,55.94,31.77,9.17,2.42,28.73,1.22,3.0,68.1,Suburban,Clear,-47.39,Excellent
2585.3,500.52,22.59,2.3,0.75,24.35,1.27,0.0,46.1,Rural,Rain,-71.86,Good
1773.99,23.36,36.02,17.78,0.64,48.5,1.49,9.0,40.7,Urban,Fog,-56.96,Excellent
900.6,812.68,21.4,4.26,3.41,38.98,2.22,2.0,45.4,Rural,Clear,-65.86,Excellent
885.62,2736.26,23.74,10.15,1.04,48.09,1.98,2.0,39.1,Rural,Clear,-68.18,Excellent
2097.06,255.86,42.91,7.47,2.48,44.48,1.98,5.0,76.2,Urban,Clear,-87.15,Fair
1797.38,3712.83,30.92,7.22,0.97,11.76,2.48,4.0,69.2,Suburban,Fog,-117.98,Poor
889.13,152.2,21.44,8.71,1.92,44.65,1.84,2.0,66.1,Suburban,Clear,-66.97,Excellent
1799.18,2063.23,19.92,11.16,3.83,13.55,1.8,1.0,83.5,Rural,Rain,-78.64,Good
842.81,1224.77,43.46,2.16,0.14,47.64,1.8,4.0,39.7,Indoor,Clear,-148.08,Poor
5776.78,17.32,46.78,4.47,1.14,30.79,1.61,7.0,29.1,Dense Urban,Fog,-71.19,Good
1822.0,2905.51,42.31,11.81,4.61,22.03,1.48,6.0,50.5,Urban,Clear,-122.51,Poor
862.08,2865.61,21.78,13.83,3.29,36.67,1.29,1.0,63.2,Rural,Rain,-66.59,Excellent
2372.48,88.81,41.45,12.8,4.42,46.24,1.61,4.0,41.1,Suburban,Rain,-49.2,Excellent
4976.95,1385.06,22.8,17.86,0.12,49.64,1.35,9.0,33.4,Urban,Clear,-143.25,Poor
1775.79,40.39,38.15,2.76,4.39,18.93,1.39,4.0,38.5,Suburban,Clear,-50.36,Excellent
4973.7,12.08,35.42,10.24,3.91,39.67,1.96,9.0,71.4,Dense Urban,Clear,-70.45,Good
2573.54,36.41,47.31,8.7,0.63,18.58,1.49,3.0,66.8,Indoor,Fog,-78.96,Good
3479.43,202.43,43.29,5.18,2.21,11.62,1.42,6.0,83.1,Urban,Fog,-101.24,Poor
920.87,14.32,21.99,16.25,1.94,16.62,1.88,1.0,83.8,Rural,Clear,-15.73,Excellent
719.69,27.03,20.92,4.3,4.32,40.72,1.21,1.0,61.0,Suburban,Clear,-44.07,Excellent
1816.99,3674.55,45.76,10.07,3.31,14.89,1.95,0.0,17.2,Rural,Clear,-54.57,Excellent
5806.88,215.21,23.35,5.07,3.69,39.16,1.7,5.0,60.4,Suburban,Clear,-97.72,Fair
3513.41,1665.42,20.4,8.98,4.57,48.15,1.57,11.0,56.6,Dense Urban,Clear,-177.2,Poor
3514.31,36.11,26.03,14.65,1.57,39.38,1.28,3.0,60.6,Suburban,Clear,-51.7,Excellent
5023.36,17.33,30.13,13.21,0.34,20.75,1.51,9.0,42.1,Dense Urban,Clear,-88.5,Fair
1813.94,1278.43,45.79,13.21,2.18,45.13,2.18,2.0,31.3,Indoor,Clear,-135.34,Poor
1814.19,87.4,45.71,5.44,4.7,41.86,1.75,3.0,60.2,Indoor,Clear,-91.22,Fair
5818.24,174.18,37.28,2.37,3.38,34.14,2.04,8.0,24.7,Dense Urban,Clear,-126.71,Poor
2403.38,4761.31,21.3,13.52,0.18,48.9,2.3,0.0,74.6,Rural,Fog,-79.51,Good
882.78,71.5,42.43,3.7,4.92,17.12,2.3,7.0,26.8,Urban,Fog,-73.3,Good
875.07,189.24,44.48,8.24,2.7,10.32,2.25,5.0,15.3,Suburban,Fog,-59.33,Excellent
4995.14,516.82,28.68,15.5,1.98,20.48,1.38,5.0,63.3,Suburban,Rain,-96.33,Fair
675.5,17.39,38.21,,2.47,21.67,2.11,7.0,48.0,Indoor,Storm,-68.7,Excellent
680.16,858.28,30.04,9.45,2.69,16.87,1.44,4.0,16.6,Indoor,Clear,-148.24,Poor
3471.43,165.66,44.89,17.33,4.6,32.02,2.04,5.0,40.7,Suburban,Rain,-56.23,Excellent
688.01,29.67,36.77,16.54,1.82,14.27,1.76,5.0,68.5,Dense Urban,Rain,-60.44,Excellent
878.2,145.22,19.63,3.45,3.31,34.85,2.42,5.0,59.7,Indoor,Clear,-126.37,Poor
5792.74,175.12,46.08,15.87,0.57,14.96,1.69,3.0,47.1,Indoor,Rain,-120.83,Poor
2084.45,536.2,34.74,9.91,2.12,25.81,2.26,1.0,54.6,Suburban,Clear,-76.13,Good
3494.21,3382.95,28.36,14.77,4.64,28.58,1.49,0.0,50.7,Rural,Rain,-70.9,Good
2088.08,1161.15,20.84,7.63,3.82,16.42,1.23,0.0,31.9,Rural,Rain,-74.46,Good
710.43,107.7,41.65,17.32,4.65,48.62,2.19,2.0,23.4,Rural,Rain,-9.59,Excellent
858.07,4140.49,18.92,14.74,0.64,13.88,2.12,3.0,51.2,Suburban,Storm,-120.98,Poor
3471.64,1362.79,21.45,9.19,2.33,17.96,1.45,1.0,67.8,Suburban,Clear,-109.35,Poor
700.68,11.9,44.15,7.77,2.62,25.38,1.48,9.0,48.3,Dense Urban,Clear,-52.09,Excellent
2372.17,20.64,25.76,5.38,0.47,42.69,2.37,4.0,61.4,Suburban,Clear,-52.56,Excellent
1810.64,38.76,44.24,6.41,2.6,31.8,1.76,7.0,76.9,Indoor,Clear,-86.19,Fair
1826.15,16.8,22.15,9.07,1.9,24.27,1.94,9.0,28.2,Urban,Clear,-73.99,Good
5824.45,204.25,43.32,7.67,0.04,28.97,1.35,0.0,69.4,Rural,Fog,-47.6,Excellent
2582.34,83.1,42.9,12.31,0.55,44.13,1.34,5.0,23.4,Indoor,Clear,-98.1,Fair
2614.56,4225.68,42.09,12.17,2.44,27.61,2.18,2.0,98.0,Suburban,Clear,-95.82,Fair
1817.58,188.76,44.99,5.1,0.54,19.35,1.61,5.0,44.4,Dense Urban,Clear,-106.19,Poor
1821.86,37.38,46.01,6.17,2.0,18.32,2.15,8.0,76.9,Dense Urban,Clear,-76.99,Good
2585.58,4168.44,27.79,2.72,4.94,43.67,1.33,5.0,56.9,Suburban,Clear,-123.83,Poor
697.05,243.75,32.16,8.12,2.2,20.0,1.22,5.0,35.3,Indoor,Rain,-121.12,Poor
883.29,15.75,19.11,9.58,2.83,31.36,1.74,11.0,13.6,Dense Urban,Storm,-89.01,Fair
2571.46,16.53,29.61,3.68,2.09,37.9,1.71,9.0,60.5,Dense Urban,Clear,-81.7,Good
2609.54,664.65,30.42,3.36,0.54,16.14,2.46,2.0,56.8,Indoor,Clear,-155.25,Poor
695.89,216.49,45.32,6.28,4.04,10.78,1.24,4.0,60.2,Suburban,Rain,-58.93,Excellent
3484.89,483.93,46.42,9.86,3.67,49.57,2.0,7.0,42.4,Dense Urban,Rain,-119.65,Poor
2420.83,1964.3,37.62,17.73,2.22,42.57,2.27,5.0,55.5,Urban,Clear,-118.34,Poor
899.74,690.29,21.28,16.64,0.95,47.86,1.65,4.0,64.9,Urban,Storm,-111.56,Poor
3529.68,2118.09,24.52,8.37,3.65,32.66,2.09,13.0,73.4,Dense Urban,Clear,-183.33,Poor
5817.6,1010.4,37.77,10.9,1.65,18.97,2.23,8.0,54.7,Urban,Rain,-136.22,Poor
2122.15,660.97,31.53,10.95,2.44,30.88,1.58,7.0,17.6,Dense Urban,Clear,-142.4,Poor
916.4,23.1,45.1,7.49,1.28,40.49,2.24,4.0,52.0,Suburban,Fog,-26.47,Excellent
876.36,200.97,20.4,15.71,2.11,33.92,2.46,1.0,42.4,Rural,Clear,-41.71,Excellent
2373.9,147.54,39.74,6.67,4.56,28.99,1.61,6.0,59.5,Urban,Fog,-89.2,Fair
724.9,287.95,41.44,8.83,1.49,32.35,1.45,1.0,58.0,Rural,Clear,-29.49,Excellent
2078.29,113.68,29.2,16.51,1.94,18.93,2.39,3.0,67.9,Suburban,Storm,-68.57,Excellent
693.47,472.65,22.5,7.53,2.54,25.53,1.23,0.0,40.8,Rural,Rain,-51.98,Excellent
706.59,114.61,19.24,10.18,1.42,28.14,1.37,1.0,40.6,Suburban,Fog,-64.68,Excellent
2082.71,319.89,35.91,15.93,4.84,40.42,1.7,7.0,74.9,Indoor,Clear,-126.37,Poor
3483.52,116.35,37.7,7.24,0.52,31.33,2.09,4.0,33.4,Urban,Clear,-85.53,Fair
4997.97,2715.46,43.71,17.39,0.61,,2.41,2.0,52.2,Rural,Clear,-60.55,Excellent
691.65,101.82,46.93,5.26,3.14,48.11,1.9,2.0,55.0,Indoor,Clear,-83.66,Good
910.59,939.21,46.84,12.95,3.05,18.4,2.22,4.0,13.3,Indoor,Clear,-123.61,Poor
2074.5,453.37,22.37,2.96,1.42,42.39,1.55,12.0,55.7,Dense Urban,Storm,-161.15,Poor
2399.33,109.78,29.37,10.59,0.38,10.17,2.09,6.0,55.0,Dense Urban,Rain,-116.92,Poor
5780.46,1512.77,24.68,4.55,0.66,25.68,1.53,1.0,56.4,Rural,Clear,-87.22,Fair
2606.4,3187.69,45.22,12.06,1.11,17.74,2.32,9.0,36.2,Urban,Storm,-147.52,Poor
2376.97,1128.56,19.19,11.87,2.0,29.22,1.67,7.0,31.2,Urban,Clear,-140.49,Poor
681.86,3632.54,38.39,8.66,2.8,29.71,2.15,5.0,28.1,Urban,Rain,-126.5,Poor
718.23,150.51,22.97,16.8,3.1,25.62,1.7,13.0,77.6,Dense Urban,Clear,-117.08,Poor
834.11,2925.21,19.24,16.26,3.48,12.19,1.95,2.0,58.9,Suburban,Clear,-104.48,Poor
2614.22,2316.86,36.26,13.76,0.24,19.25,2.02,4.0,40.9,Suburban,Fog,-98.99,Fair
1786.38,1141.99,31.69,13.51,2.73,20.45,1.5,2.0,31.0,Indoor,Clear,-149.96,Poor
884.1,1795.48,43.88,3.09,0.22,28.58,1.59,4.0,28.6,Suburban,Clear,-89.52,Fair
2587.95,934.56,30.35,7.18,3.26,26.94,1.54,5.0,55.1,Suburban,Clear,-100.87,Poor
5022.86,241.38,21.25,5.25,1.59,18.07,1.77,13.0,52.9,Dense Urban,Clear,-163.59,Poor
2093.83,309.72,20.36,8.22,3.04,34.33,1.26,9.0,21.7,Dense Urban,Clear,-142.15,Poor
4984.63,134.07,22.68,3.75,2.38,28.78,2.49,2.0,31.4,Suburban,Clear,-84.98,Good
3502.2,620.73,28.63,7.09,4.08,18.84,1.58,6.0,38.4,Indoor,Rain,-164.68,Poor
3493.14,75.27,22.1,11.13,0.49,13.1,1.77,4.0,71.3,Suburban,Clear,-76.84,Good
5017.41,991.56,21.04,4.66,2.67,14.9,1.56,2.0,36.9,Suburban,Clear,-112.42,Poor
879.43,230.83,24.86,3.69,1.56,12.81,,2.0,52.5,Rural,Rain,-58.3,Excellent
3501.59,89.79,44.41,13.31,0.06,11.71,2.38,5.0,73.6,Suburban,Fog,-58.98,Excellent
5797.1,24.97,44.6,5.95,2.69,13.87,2.1,8.0,73.0,Urban,Clear,-70.3,Good
5790.58,48.94,31.04,9.65,3.91,23.59,1.85,0.0,66.8,Rural,Clear,-35.47,Excellent
2428.4,534.42,36.39,15.42,3.07,31.27,2.09,0.0,83.2,Rural,Clear,-39.8,Excellent
3499.0,99.59,23.83,8.06,0.23,28.89,1.84,5.0,58.8,Suburban,Fog,-84.4,Good
4980.68,12.29,29.37,3.58,3.24,46.06,1.47,9.0,38.7,Urban,Clear,-73.65,Good
5028.15,77.62,37.87,14.57,3.58,46.2,1.58,4.0,86.9,Suburban,Clear,-53.72,Excellent
5027.65,97.45,17.94,13.82,0.36,17.35,1.83,2.0,64.3,Rural,Clear,-60.56,Excellent
4996.14,42.89,46.82,11.76,1.93,44.68,2.16,12.0,38.9,Dense Urban,Clear,-88.71,Fair
1790.89,59.26,42.85,10.61,1.49,32.55,1.27,5.0,65.1,Suburban,Rain,-49.95,Excellent
3510.83,799.06,47.39,14.04,3.75,39.52,1.68,3.0,16.2,Suburban,Clear,-72.2,Good
2119.74,1033.12,22.95,7.65,1.84,41.64,1.37,2.0,57.3,Suburban,Clear,-100.46,Poor
4999.91,3872.93,46.66,7.28,1.04,26.09,2.05,1.0,10.8,Suburban,Clear,-103.11,Poor
4989.85,20.83,20.36,12.04,2.66,26.99,1.48,4.0,38.4,Suburban,Clear,-59.66,Excellent
5788.08,69.4,43.44,4.66,3.8,40.19,1.65,9.0,42.4,Dense Urban,Rain,-108.88,Poor
2389.6,16.14,22.05,12.13,1.96,42.92,1.73,11.0,31.4,Dense Urban,Storm,-92.6,Fair
2077.08,452.16,30.5,15.87,4.48,27.57,1.75,2.0,54.1,Rural,Clear,-48.58,Excellent
866.72,11.07,47.13,10.24,3.25,19.87,1.92,5.0,38.4,Suburban,Clear,-14.32,Excellent
2576.3,35.83,35.8,3.33,0.58,36.78,1.34,5.0,54.6,Urban,Fog,-72.83,Good
2393.9,383.92,23.36,12.61,4.88,41.18,2.25,9.0,77.7,Dense Urban,Clear,-133.3,Poor
2420.1,92.94,28.04,15.91,3.62,40.6,1.91,5.0,34.5,Suburban,Clear,-62.86,Excellent
2594.25,294.62,23.22,5.15,1.18,25.62,1.9,2.0,68.1,Rural,Clear,-65.44,Excellent
4987.69,534.54,44.59,11.79,1.55,17.29,1.56,12.0,98.0,Dense Urban,Clear,-142.03,Poor
876.9,1837.7,37.51,5.15,2.36,30.01,1.21,5.0,55.6,Dense Urban,Clear,-143.82,Poor
2077.59,114.91,20.91,15.12,0.11,21.32,,8.0,22.2,Urban,Clear,-99.9,Fair
3523.09,56.59,22.0,6.05,4.47,22.61,1.82,3.0,61.6,Urban,Clear,-84.79,Good
4973.72,284.59,36.63,12.07,0.4,37.4,1.72,9.0,49.6,Dense Urban,Fog,-130.18,Poor
3494.81,15.42,20.6,11.43,0.86,22.92,1.91,5.0,82.0,Urban,Clear,-70.08,Good
3507.9,12.98,24.36,8.0,2.68,42.13,2.12,5.0,31.1,Urban,Clear,-63.76,Excellent
4992.2,166.18,35.39,16.41,3.98,25.72,1.91,6.0,50.1,Indoor,Clear,-119.61,Poor
5802.08,38.78,44.99,16.42,4.69,16.81,1.76,3.0,48.8,Suburban,Storm,-46.46,Excellent
2582.24,10.46,21.46,7.44,0.58,28.09,2.49,7.0,51.0,Urban,Fog,-71.69,Good
904.14,681.71,29.67,7.57,0.08,24.01,1.96,8.0,41.8,Dense Urban,Clear,-140.12,Poor
2378.07,1595.07,28.88,12.48,3.5,22.81,1.55,2.0,54.1,Rural,Clear,-66.6,Excellent
3517.77,25.07,45.05,,1.35,17.98,1.49,3.0,69.7,Indoor,Rain,-82.3,Good
855.03,332.63,41.17,6.86,0.66,19.59,1.82,4.0,54.0,Suburban,Storm,-72.68,Good
3498.92,4526.33,43.06,2.33,0.02,40.16,1.37,7.0,67.1,Dense Urban,Clear,-177.86,Poor
2373.28,53.13,34.46,3.5,4.82,40.58,1.24,6.0,75.0,Urban,Rain,-83.78,Good
5799.99,938.53,23.07,12.53,3.67,26.92,1.93,6.0,47.1,Urban,Fog,-136.17,Poor
903.81,27.38,47.01,7.13,1.72,21.57,1.73,7.0,19.6,Indoor,Rain,-73.65,Good
5785.94,3278.62,46.78,3.3,2.99,34.96,2.25,3.0,46.1,Suburban,Clear,-105.92,Poor
2110.66,10.03,36.94,16.88,4.45,36.41,1.21,8.0,29.8,Urban,Storm,-42.15,Excellent
2374.61,62.44,28.08,6.73,4.56,32.02,2.13,9.0,75.4,Urban,Fog,-90.62,Fair
2582.52,4318.79,42.96,5.35,2.67,40.17,2.13,2.0,54.5,Indoor,Clear,-171.56,Poor
2414.25,645.91,31.05,10.36,4.69,26.83,2.29,6.0,66.3,Indoor,Clear,-151.93,Poor
5778.83,37.3,24.55,15.29,3.79,35.97,2.26,2.0,66.2,Indoor,Clear,-91.9,Fair
834.73,1367.33,24.4,15.96,2.74,30.51,2.46,8.0,76.9,Dense Urban,Clear,-145.89,Poor
3509.05,2654.03,37.86,6.88,1.91,22.76,1.37,8.0,73.3,Urban,Rain,-149.42,Poor
5813.73,206.6,37.14,13.87,4.68,15.25,1.64,1.0,32.5,Suburban,Clear,-65.91,Excellent
873.09,26.37,24.11,10.37,0.97,17.57,2.44,2.0,37.5,Indoor,Rain,-82.41,Good
877.6,49.88,28.22,11.52,2.72,29.63,2.28,2.0,53.4,Rural,Clear,-26.08,Excellent
2096.77,3511.05,19.99,9.04,0.66,18.0,2.25,1.0,85.3,Rural,Fog,-87.68,Fair
3505.57,27.22,46.14,4.84,0.67,48.51,1.94,5.0,26.1,Urban,Clear,-56.91,Excellent
5797.23,69.47,29.93,15.13,0.3,24.46,2.43,6.0,54.3,Urban,Clear,-87.33,Fair
3508.82,,43.8,10.71,1.55,16.2,1.76,9.0,68.1,Urban,Rain,-68.82,Excellent
3515.36,19.28,18.8,8.43,4.0,47.31,1.65,1.0,47.4,Suburban,Clear,-47.72,Excellent
2126.97,256.41,32.32,12.81,0.92,43.57,2.48,6.0,88.7,Dense Urban,Clear,-116.03,Poor
2590.99,117.68,21.73,8.81,4.16,20.05,1.64,5.0,40.0,Urban,Rain,-103.72,Poor
879.79,13.32,17.65,15.59,4.97,36.73,2.38,9.0,,Dense Urban,Clear,-69.66,Excellent
2085.85,24.65,19.52,4.17,2.63,38.88,1.7,2.0,66.9,Indoor,Clear,-94.84,Fair
828.89,12.64,20.4,2.48,3.94,29.77,2.15,6.0,47.6,Indoor,Clear,-82.84,Good
693.65,11.65,44.1,11.11,3.34,33.53,1.83,8.0,64.9,Urban,Clear,-32.81,Excellent
5022.35,30.32,23.73,6.11,2.3,43.73,1.97,0.0,81.6,Rural,Clear,-39.81,Excellent
4990.82,1016.45,38.57,3.89,1.42,29.61,2.37,1.0,47.0,Suburban,Clear,-94.02,Fair
2378.93,10.96,46.49,2.49,3.36,28.27,2.14,0.0,10.0,Rural,Fog,-5.13,Excellent
701.36,66.34,27.65,14.33,1.15,39.63,2.24,5.0,81.6,Urban,Fog,-68.38,Excellent
729.52,334.46,28.44,17.36,1.84,47.75,1.79,0.0,81.0,Rural,Clear,-31.07,Excellent
831.29,1016.8,42.81,11.85,0.77,46.91,1.33,4.0,17.6,Suburban,Clear,-74.6,Good
,675.48,42.63,14.36,2.89,34.66,2.4,5.0,52.9,Suburban,Clear,-78.9,Good
919.4,4652.95,19.66,15.42,0.82,31.82,2.47,13.0,55.4,Dense Urban,Storm,-193.11,Poor
894.08,55.45,45.6,14.89,4.01,35.06,1.57,5.0,46.2,Urban,Clear,-44.79,Excellent
5007.17,10.01,17.29,7.23,2.38,12.29,2.34,8.0,61.8,Dense Urban,Fog,-91.88,Fair
4995.94,12.68,31.21,2.04,3.57,45.6,1.93,0.0,55.5,Rural,Clear,-25.6,Excellent
3485.74,18.33,46.94,12.05,2.27,11.47,1.67,11.0,52.5,Dense Urban,Clear,-77.64,Good
1795.57,4286.84,37.78,17.16,3.87,12.89,1.23,1.0,60.0,Rural,Clear,-59.53,Excellent
2375.72,345.58,37.64,16.2,4.43,11.58,2.24,4.0,91.8,Suburban,Clear,-68.09,Excellent
912.42,1437.05,45.57,2.08,2.34,39.16,2.48,2.0,37.6,Rural,Clear,-49.8,Excellent
5019.75,4557.21,29.09,16.47,1.85,21.22,1.47,7.0,39.0,Dense Urban,Fog,-185.16,Poor
688.44,1899.56,35.47,2.17,3.6,26.35,1.21,1.0,71.6,Suburban,Rain,-89.33,Fair
3503.99,125.93,39.31,10.5,4.83,19.93,1.62,9.0,70.0,Urban,Rain,-96.83,Fair
2383.93,2311.95,19.97,15.64,0.88,46.89,2.39,0.0,32.0,Rural,Fog,-71.85,Good
3477.65,148.14,20.51,8.66,3.73,49.82,2.33,2.0,40.0,Rural,Rain,-56.2,Excellent
2109.82,20.3,42.96,12.94,0.02,27.59,1.77,5.0,45.2,Indoor,Rain,-71.78,Good
828.05,301.57,19.87,5.72,4.91,42.67,2.26,3.0,42.7,Indoor,Rain,-131.73,Poor
3516.92,2961.93,46.37,17.52,3.98,20.11,1.58,4.0,32.8,Suburban,Rain,-94.61,Fair
2586.31,1310.53,46.21,2.71,4.73,35.95,1.95,7.0,83.0,Indoor,Clear,-162.62,Poor
2119.11,121.56,42.19,12.12,0.54,15.31,2.07,0.0,40.0,Rural,Clear,-27.48,Excellent
1792.11,2028.89,18.59,2.56,0.26,44.56,1.35,1.0,60.6,Rural,Storm,-89.07,Fair
1792.13,178.98,43.84,2.67,2.18,27.22,1.4,3.0,54.5,Urban,Storm,-88.72,Fair
2115.03,704.12,45.88,6.33,0.3,38.98,1.31,3.0,56.3,Urban,Rain,-102.41,Poor
900.62,79.27,40.09,2.24,0.27,35.63,2.49,4.0,61.6,Suburban,Clear,-55.28,Excellent
882.06,33.54,38.81,5.32,0.46,41.27,1.71,2.0,42.1,Suburban,Clear,-36.16,Excellent
921.02,70.15,35.59,4.46,0.31,25.12,1.61,2.0,56.0,Rural,Clear,-31.2,Excellent
690.41,2301.66,,16.59,0.49,34.1,1.65,3.0,10.0,Indoor,Rain,-156.64,Poor
5776.17,4692.05,25.04,2.66,1.83,34.45,2.46,0.0,28.9,Rural,Clear,-93.42,Fair
894.96,51.56,31.59,11.79,2.51,17.97,1.23,0.0,58.3,Rural,Clear,-21.0,Excellent
854.44,27.95,45.37,12.73,0.52,17.47,2.41,1.0,48.8,Rural,Rain,-5.15,Excellent
856.59,15.55,18.12,15.14,3.2,38.39,1.95,2.0,29.8,Suburban,Clear,-33.36,Excellent
5820.14,1082.77,18.64,7.88,3.04,19.33,1.9,0.0,46.4,Rural,Clear,-82.07,Good
2102.48,266.11,45.34,4.91,1.48,35.07,1.65,5.0,72.1,Suburban,Rain,-73.54,Good
1783.42,316.88,44.82,3.95,1.52,48.43,1.24,2.0,96.1,Rural,Rain,-43.59,Excellent
2085.7,13.24,38.94,4.28,4.92,20.84,2.3,3.0,24.8,Suburban,Clear,-31.0,Excellent
676.05,16.55,30.25,10.38,1.5,45.1,1.88,1.0,31.0,Suburban,Fog,-23.96,Excellent
1814.16,2941.3,20.98,11.55,4.53,31.01,1.21,1.0,92.9,Rural,Fog,-75.48,Good
876.36,360.23,42.69,14.61,1.02,33.51,2.11,1.0,51.3,Rural,Clear,-24.84,Excellent
5006.35,39.05,35.69,14.87,0.9,20.72,1.75,4.0,67.1,Urban,Rain,-72.02,Good
705.82,36.3,40.75,15.48,4.3,47.03,1.71,6.0,59.1,Dense Urban,Rain,-59.84,Excellent
2117.13,44.69,30.48,4.55,3.04,38.45,1.28,2.0,62.3,Suburban,Clear,-54.61,Excellent
3474.48,14.86,44.35,13.92,3.83,38.38,2.07,8.0,35.1,Dense Urban,Clear,-56.81,Excellent
4982.17,13.62,45.23,3.16,2.88,44.25,2.04,3.0,55.6,Suburban,Clear,-34.86,Excellent
2424.57,877.44,21.78,16.09,4.86,14.43,2.46,5.0,49.5,Suburban,Storm,-106.75,Poor
904.33,51.51,42.42,10.41,0.15,14.02,1.34,5.0,71.0,Urban,Clear,-61.97,Excellent
1797.46,109.06,37.13,12.26,0.75,13.31,2.43,11.0,86.1,Dense Urban,Fog,-110.06,Poor
914.86,282.05,29.67,11.92,0.56,45.27,1.82,7.0,42.8,Urban,Clear,-97.41,Fair
2624.15,73.09,24.85,10.93,3.36,46.08,1.27,4.0,62.0,Urban,Rain,-83.44,Good
885.78,195.99,20.74,10.37,1.57,27.14,2.18,5.0,57.2,Urban,Clear,-101.85,Poor
2624.09,2160.92,19.91,16.75,3.93,36.64,1.74,5.0,63.2,Suburban,Rain,-111.65,Poor
2576.52,45.58,23.11,7.57,0.62,43.95,1.32,13.0,62.3,Dense Urban,Rain,-123.24,Poor
5828.66,1366.43,35.22,14.46,1.15,24.4,1.36,10.0,73.5,Dense Urban,Fog,-165.47,Poor
1779.89,51.57,33.65,7.79,0.33,20.53,2.45,5.0,43.6,Dense Urban,Storm,-93.94,Fair
5785.97,31.96,45.2,2.73,4.97,48.7,2.05,5.0,20.9,Indoor,Clear,-84.69,Good
2075.8,15.71,42.71,8.05,3.59,17.7,2.44,3.0,40.9,Indoor,Clear,-62.32,Excellent
2618.22,702.49,46.8,4.41,0.54,30.06,2.21,4.0,45.0,Indoor,Clear,-142.2,Poor
2629.05,129.12,42.76,9.05,3.23,33.55,2.01,11.0,78.5,Dense Urban,Rain,-113.18,Poor
4987.82,1200.49,36.3,3.31,2.2,25.04,1.35,1.0,70.6,Suburban,Clear,-101.09,Poor
2089.54,22.81,38.58,14.57,4.58,29.68,1.79,12.0,88.8,Dense Urban,Rain,-75.78,Good
3486.74,425.04,43.79,11.45,0.67,42.28,1.51,6.0,54.5,Indoor,Storm,-137.57,Poor
1779.29,10.84,43.32,2.61,0.14,38.79,1.41,1.0,73.2,Rural,Clear,-10.58,Excellent
2117.25,42.77,24.22,12.33,0.77,41.81,1.84,2.0,55.6,Rural,Clear,-36.45,Excellent
2073.64,442.0,43.04,17.27,4.69,21.3,1.61,8.0,36.9,Urban,Clear,-93.95,Fair
3528.07,14.17,24.72,3.01,4.65,20.61,2.44,4.0,35.5,Urban,Clear,-65.57,Excellent
2625.64,104.26,22.17,7.71,0.34,20.01,1.24,1.0,10.0,Suburban,Clear,-74.24,Good
677.11,328.03,42.94,16.32,2.62,31.41,1.24,1.0,64.6,Suburban,Fog,-46.58,Excellent
5001.77,919.89,37.36,2.54,3.42,16.46,2.01,1.0,85.7,Suburban,Rain,-103.59,Poor
3529.57,802.68,43.99,16.7,0.02,48.61,1.32,6.0,68.8,Urban,Storm,-114.1,Poor
871.16,25.12,43.62,17.82,0.08,42.82,1.92,7.0,62.0,Dense Urban,Storm,-53.68,Excellent
5812.91,15.95,43.72,8.24,0.33,49.35,2.26,5.0,76.8,Suburban,Rain,-44.83,Excellent
2571.35,103.7,20.4,9.44,3.52,19.8,1.36,1.0,35.9,Suburban,Clear,-72.51,Good
674.1,44.66,19.71,17.81,4.7,35.89,1.29,1.0,57.4,Rural,Clear,-20.52,Excellent
2117.64,66.84,24.35,2.96,0.34,46.29,2.44,2.0,49.8,Rural,Clear,-50.04,Excellent
4992.59,84.01,27.49,7.09,0.72,27.66,,1.0,66.0,Rural,Fog,-54.01,Excellent
910.11,118.02,42.06,3.02,2.34,29.38,1.52,4.0,45.8,Suburban,Rain,-57.89,Excellent
5814.35,251.01,22.39,13.94,2.21,11.62,1.83,6.0,90.8,Dense Urban,Clear,-139.49,Poor
2095.33,10.6,35.99,12.42,1.06,48.29,1.4,5.0,84.0,Suburban,Clear,-30.99,Excellent
878.6,63.72,42.88,15.82,1.0,39.67,2.29,8.0,24.4,Urban,Rain,-62.16,Excellent
1793.2,51.7,32.08,5.04,0.7,48.66,1.45,7.0,97.4,Urban,Rain,-84.6,Good
2422.26,43.41,22.81,10.72,1.25,18.91,2.28,3.0,59.6,Suburban,Rain,-63.95,Excellent
2589.87,1344.19,21.75,13.41,4.21,40.9,1.52,1.0,57.5,Rural,Clear,-66.53,Excellent
5773.76,47.67,31.8,6.51,2.29,18.34,1.34,1.0,67.2,Rural,Clear,-43.55,Excellent
877.55,25.55,36.57,16.23,4.59,16.08,1.48,3.0,72.5,Urban,Storm,-42.91,Excellent
5810.84,1990.92,36.67,5.17,4.21,46.66,1.9,3.0,28.2,Suburban,Rain,-107.28,Poor
2402.45,108.03,43.03,3.89,2.64,15.13,2.35,4.0,73.4,Urban,Clear,-80.18,Good
869.75,31.38,19.81,6.5,4.12,36.88,1.25,7.0,47.7,Urban,Clear,-72.88,Good
5794.67,1065.34,24.02,14.76,0.82,26.64,1.39,6.0,98.0,Urban,Storm,-148.93,Poor
1829.11,593.87,29.35,13.43,3.2,47.21,1.92,4.0,11.2,Urban,Clear,-104.36,Poor
2621.45,3559.06,28.08,16.26,4.7,30.64,1.32,2.0,50.1,Suburban,Clear,-98.89,Fair
2586.83,2339.61,42.28,11.87,3.1,35.63,1.65,5.0,41.1,Suburban,Fog,-96.94,Fair
692.26,748.06,19.08,16.69,2.45,40.47,1.69,6.0,59.1,Urban,Rain,-114.5,Poor
886.54,27.2,22.62,10.69,3.28,24.06,1.83,6.0,50.3,Indoor,Rain,-91.22,Fair
2609.56,201.41,19.22,16.69,0.68,47.6,2.13,4.0,45.5,Urban,Clear,-99.27,Fair
1808.36,20.92,39.5,15.92,1.47,12.97,1.52,5.0,21.2,Indoor,Rain,-72.83,Good
701.35,303.96,46.45,9.58,1.26,15.16,1.63,2.0,46.3,Suburban,Rain,-53.71,Excellent
727.95,2981.06,43.39,2.1,0.59,36.67,1.76,2.0,70.4,Rural,Clear,-56.85,Excellent
4998.34,10.24,20.11,17.77,3.54,27.4,1.71,8.0,62.9,Urban,Clear,-64.92,Excellent
867.02,2313.86,19.94,9.95,3.17,23.68,2.13,4.0,51.8,Suburban,Clear,-108.35,Poor
859.49,285.5,38.79,13.86,4.36,40.25,1.26,9.0,41.3,Urban,Fog,-88.71,Fair
2401.09,25.6,22.77,9.24,3.49,40.69,1.39,2.0,40.6,Rural,Clear,-34.94,Excellent
822.53,2041.53,22.72,7.79,4.06,44.79,1.38,5.0,35.8,Suburban,Fog,-104.81,Poor
2609.45,281.23,45.79,7.73,0.7,16.93,1.9,3.0,45.5,Indoor,Rain,-121.68,Poor
2408.56,162.03,21.4,7.69,0.33,42.44,1.31,4.0,61.5,Suburban,Clear,-83.25,Good
2577.49,223.22,38.2,11.27,1.85,36.97,1.3,2.0,59.8,Indoor,Clear,-114.67,Poor
2117.75,24.99,20.1,14.92,0.65,44.12,2.22,4.0,41.3,Urban,Clear,-65.43,Excellent
3498.02,20.15,45.25,11.1,3.84,33.81,2.47,6.0,28.5,Dense Urban,Rain,-59.94,Excellent
2589.45,610.27,19.03,10.42,2.17,45.29,1.25,2.0,85.0,Suburban,Clear,-95.18,Fair
2119.44,2377.96,22.04,6.91,4.69,41.02,1.42,8.0,45.7,Urban,Clear,-150.32,Poor
690.6,748.73,30.7,9.41,0.44,47.25,1.86,4.0,36.3,Suburban,Clear,-82.54,Good
907.31,1858.89,46.9,4.88,4.73,35.92,2.37,10.0,58.1,Dense Urban,Fog,-143.78,Poor
857.07,1905.52,38.33,13.91,3.64,26.49,1.86,1.0,47.1,Rural,Clear,-44.66,Excellent
673.17,12.2,30.51,14.53,4.02,25.88,1.69,9.0,79.2,Urban,Fog,-45.75,Excellent
895.37,1204.44,21.41,5.82,2.46,26.26,2.29,0.0,40.2,Rural,Storm,-65.88,Excellent
883.37,1212.98,20.64,11.07,1.82,37.15,2.2,6.0,32.5,Dense Urban,Storm,-152.2,Poor
681.97,88.02,39.31,6.56,3.62,23.4,2.24,2.0,54.0,Rural,Clear,-22.01,Excellent
1809.3,127.69,37.31,17.64,4.9,10.43,1.5,3.0,52.0,Suburban,Rain,-52.79,Excellent
2370.68,1028.15,37.12,6.78,0.13,13.95,2.05,3.0,42.6,Suburban,Rain,-97.19,Fair
878.14,4599.19,32.71,15.82,2.99,41.83,1.44,1.0,46.0,Suburban,Fog,-89.16,Fair
893.72,4635.65,21.4,13.21,1.24,46.93,1.79,1.0,65.5,Rural,Clear,-70.48,Good
687.93,190.06,19.21,17.45,2.0,12.87,2.29,12.0,78.5,Dense Urban,Clear,-126.51,Poor
725.2,1351.99,20.28,13.51,2.87,23.02,2.23,2.0,30.0,Suburban,Rain,-90.45,Fair
849.2,181.09,22.2,11.75,1.08,31.07,1.92,8.0,49.8,Urban,Clear,-102.95,Poor
2106.86,2173.69,30.18,9.37,0.05,40.7,2.2,7.0,67.8,Indoor,Storm,-186.4,Poor
2611.75,567.02,25.09,9.54,0.34,37.9,1.29,8.0,74.1,Urban,Clear,-129.78,Poor
3522.28,3372.6,44.26,2.02,0.13,49.57,2.28,6.0,79.6,Urban,Clear,-143.8,Poor
2577.78,4914.97,33.16,17.95,0.23,33.39,2.23,0.0,27.9,Rural,Clear,-64.02,Excellent
2574.9,77.83,27.2,11.08,0.83,26.83,2.16,9.0,50.2,Urban,Rain,-97.46,Fair
5829.62,4397.09,19.38,11.39,2.22,46.37,1.39,3.0,62.4,Suburban,Clear,-126.65,Poor
870.53,739.73,21.84,4.89,2.26,21.89,1.48,2.0,33.0,Suburban,Clear,-95.5,Fair
3512.49,43.91,20.82,8.91,0.06,18.43,1.49,5.0,55.5,Suburban,Clear,-77.89,Good
5806.66,10.2,23.01,5.51,0.13,20.84,2.09,5.0,21.0,Suburban,Rain,-64.27,Excellent
2403.15,700.91,22.64,5.5,1.26,22.4,1.56,1.0,34.7,Rural,Clear,-71.28,Good
5017.15,39.83,18.33,10.76,0.25,29.18,1.37,6.0,20.6,Urban,Clear,-93.48,Fair
879.55,42.12,41.07,5.85,1.03,21.57,1.93,5.0,40.0,Dense Urban,Clear,-76.31,Good
4972.81,309.23,36.75,12.67,0.18,44.08,1.66,0.0,10.0,Rural,Clear,-44.76,Excellent
2406.87,12.12,43.92,8.03,0.43,49.65,1.82,5.0,70.3,Suburban,Clear,-30.28,Excellent
913.01,132.97,48.47,8.03,3.3,48.59,2.15,1.0,59.1,Suburban,Clear,-34.45,Excellent
688.36,1437.09,20.15,13.24,0.67,37.29,1.5,1.0,51.8,Rural,Clear,-61.67,Excellent
3523.57,,46.14,12.73,2.23,38.02,2.38,4.0,33.5,Suburban,Clear,-22.63,Excellent
2097.42,483.06,45.35,8.46,4.04,12.07,2.13,1.0,12.1,Suburban,Rain,-68.14,Excellent
1779.87,26.76,42.11,16.88,0.29,29.48,2.26,5.0,61.7,Dense Urban,Clear,-61.84,Excellent
1821.26,2131.95,43.89,7.25,1.35,34.08,1.74,1.0,34.2,Rural,Fog,-55.31,Excellent
5826.58,113.36,19.61,13.49,3.13,46.56,1.96,6.0,50.3,Urban,Clear,-103.05,Poor
2075.97,1555.59,47.46,14.7,0.87,13.46,2.22,1.0,69.4,Suburban,Clear,-74.48,Good
715.1,898.61,45.16,5.49,2.6,30.47,1.26,7.0,18.8,Indoor,Fog,-141.17,Poor
882.9,2340.19,38.65,9.59,3.47,27.29,1.68,2.0,56.6,Indoor,Clear,-154.85,Poor
820.4,248.31,48.05,2.34,4.74,16.04,1.35,5.0,54.3,Indoor,Fog,-114.44,Poor
2585.64,205.12,31.23,7.28,4.87,48.38,2.24,2.0,98.0,Suburban,Clear,-69.95,Excellent
5021.29,12.62,36.18,6.32,0.82,46.77,2.46,5.0,43.6,Suburban,Clear,-46.33,Excellent
4978.47,275.9,44.71,14.34,4.38,15.8,2.37,2.0,12.4,Rural,Clear,-38.16,Excellent
2577.84,256.33,44.05,5.53,0.26,19.85,2.39,2.0,41.4,Indoor,Fog,-120.56,Poor
3514.34,433.15,36.07,2.41,2.25,32.86,1.69,1.0,20.2,Suburban,Clear,-85.55,Fair
2094.38,22.57,42.26,2.38,2.35,20.23,1.88,10.0,82.2,Dense Urban,Rain,-85.79,Fair
2578.91,286.65,45.86,14.22,0.42,37.15,1.71,3.0,86.5,Suburban,Rain,-60.02,Excellent
833.8,168.04,38.67,4.29,1.58,42.01,1.68,5.0,49.5,Suburban,Clear,-61.05,Excellent
2417.68,406.0,46.18,12.3,3.89,26.75,1.22,7.0,65.2,Urban,Fog,-96.4,Fair
2407.4,606.46,29.99,5.22,1.07,48.32,1.97,7.0,58.6,Urban,Clear,-124.73,Poor
715.66,94.51,36.76,5.55,3.12,16.02,2.26,5.0,51.1,Suburban,Clear,-57.89,Excellent
2375.87,229.31,36.47,14.9,4.82,18.15,1.72,2.0,29.0,Suburban,Storm,-66.45,Excellent
3497.49,116.51,35.25,12.91,0.26,38.92,2.31,7.0,67.5,Urban,Rain,-92.19,Fair
1817.83,1164.22,24.19,12.47,0.07,31.48,1.78,6.0,58.2,Indoor,Rain,-172.26,Poor
2385.95,1410.99,28.47,16.86,1.33,34.93,2.03,6.0,98.0,Urban,Clear,-127.29,Poor
880.15,61.75,20.1,15.92,0.48,31.56,1.22,4.0,53.5,Suburban,Clear,-57.16,Excellent
892.91,50.18,42.39,15.55,0.42,44.75,2.01,1.0,64.0,Rural,Clear,-5.52,Excellent
840.0,677.29,44.15,4.18,2.06,25.25,1.58,2.0,58.7,Indoor,,-126.98,Poor
1781.13,1227.57,42.49,4.66,3.26,12.42,2.24,1.0,44.8,Rural,Clear,-54.76,Excellent
5027.24,10.7,44.49,17.71,3.71,37.39,1.2,4.0,58.3,Indoor,Rain,-54.71,Excellent
5798.99,142.44,38.48,11.22,0.54,30.44,1.34,3.0,51.0,Suburban,Rain,-72.59,Good
2606.48,67.69,28.76,10.79,2.86,34.5,2.26,1.0,30.1,,Rain,-54.88,Excellent
2577.27,1171.7,20.23,10.09,3.58,19.4,1.78,9.0,75.9,Urban,Clear,-146.0,Poor
2606.6,24.4,21.91,13.77,3.08,41.58,1.55,7.0,43.4,Urban,Clear,-74.63,Good
2103.32,1260.27,44.9,11.51,2.32,12.52,1.22,1.0,71.3,Rural,Storm,-55.19,Excellent
2125.92,609.7,42.84,4.4,2.21,17.9,1.67,2.0,55.1,Suburban,Clear,-79.0,Good
2594.74,1883.83,29.35,3.64,3.9,10.32,2.23,6.0,62.2,Dense Urban,Rain,-170.5,Poor
3516.92,4705.84,46.2,6.85,1.15,37.59,1.89,9.0,58.1,Urban,Rain,-149.8,Poor
2088.25,193.29,22.9,15.92,0.93,40.64,1.35,4.0,83.2,Indoor,Rain,-127.35,Poor
2404.74,772.13,44.38,8.44,0.3,31.62,1.68,7.0,80.8,Dense Urban,Fog,-135.27,Poor
2125.62,824.45,22.07,15.96,2.01,17.16,1.65,5.0,56.2,Indoor,Rain,-165.17,Poor
907.5,1903.17,44.91,11.16,3.32,11.93,1.34,3.0,73.5,Urban,Clear,-105.95,Poor
912.67,,22.41,16.87,2.62,21.71,1.68,2.0,57.0,Suburban,Clear,-67.47,Excellent
722.56,19.52,43.38,16.15,0.42,25.44,1.38,3.0,61.6,Urban,Fog,-30.66,Excellent
2125.53,4398.16,28.81,8.02,4.96,28.96,2.13,8.0,94.5,Urban,Clear,-151.81,Poor
3482.5,14.24,36.94,10.82,1.86,40.49,1.49,6.0,51.0,Dense Urban,Rain,-70.31,Good
2581.75,3957.49,19.81,13.36,0.01,47.72,1.57,5.0,75.5,Suburban,Clear,-123.76,Poor
5803.03,48.89,32.66,2.73,3.03,42.14,1.4,1.0,65.1,Rural,Storm,-50.68,Excellent
729.73,213.4,19.85,4.56,0.04,24.05,2.23,7.0,53.7,Urban,Fog,-112.42,Poor
3499.41,3679.65,39.07,13.68,4.51,10.78,2.41,2.0,59.8,Suburban,Rain,-104.06,Poor
3489.85,670.33,20.17,16.63,3.0,48.98,1.45,9.0,59.9,Urban,Clear,-128.18,Poor
2102.24,380.55,46.07,6.86,1.65,37.2,1.89,3.0,60.2,Suburban,Rain,-70.06,Good
873.86,75.78,,8.3,1.68,22.86,2.38,1.0,62.6,Suburban,Storm,-58.94,Excellent
1780.63,61.55,36.61,15.99,0.52,47.25,2.43,5.0,58.4,Indoor,Clear,-88.96,Fair
2578.94,12.26,47.33,6.26,2.1,13.64,1.38,8.0,61.9,Dense Urban,Rain,-66.13,Excellent
4971.67,382.38,28.9,16.82,2.51,23.74,1.98,5.0,75.0,Indoor,Fog,-145.29,Poor
2613.33,144.82,38.44,4.26,0.76,29.95,1.86,3.0,75.7,Urban,Clear,-89.07,Fair
2389.53,40.31,48.16,6.03,3.39,21.21,1.73,2.0,67.7,Suburban,Clear,-35.89,Excellent
2580.11,108.89,19.11,2.57,1.59,14.6,2.26,7.0,89.7,Urban,Clear,-114.93,Poor
700.73,3463.98,38.81,3.5,0.34,14.99,1.23,2.0,48.8,Rural,Clear,-67.9,Excellent
2589.41,1948.98,38.57,6.08,,36.52,2.29,8.0,33.2,Urban,Clear,-137.45,Poor
693.58,145.1,44.3,12.48,0.18,48.68,1.51,4.0,57.0,Indoor,Rain,-95.04,Fair
5788.93,4414.32,36.05,5.21,4.55,49.4,1.39,6.0,41.7,Dense Urban,Clear,-172.74,Poor
4970.24,176.7,29.82,17.03,2.3,28.97,2.02,3.0,81.2,Indoor,Clear,-117.42,Poor
2411.3,87.56,36.82,7.58,4.8,40.6,2.42,1.0,10.0,Suburban,Storm,-49.95,Excellent
1776.64,111.43,26.14,10.3,3.07,18.4,1.87,0.0,44.6,Rural,Rain,-41.97,Excellent
3483.15,2293.85,29.98,12.64,0.21,37.71,2.45,13.0,18.5,Dense Urban,Clear,-177.21,Poor
2581.42,52.8,45.73,4.18,0.86,28.24,2.0,7.0,58.8,Dense Urban,Clear,-86.02,Fair
3489.88,39.76,35.28,13.0,2.66,35.81,1.97,5.0,32.2,Suburban,Fog,-54.02,Excellent
2379.61,3912.81,41.54,3.93,0.04,11.27,1.44,4.0,56.0,Urban,Fog,-145.4,Poor
890.82,958.89,18.97,15.22,3.06,40.52,1.39,1.0,86.0,Suburban,Clear,-83.27,Good
684.6,1151.92,30.54,9.81,4.37,32.36,2.02,5.0,53.0,Urban,Fog,-110.37,Poor
873.67,995.45,20.86,3.43,1.59,31.96,1.28,4.0,76.1,Indoor,Rain,-168.99,Poor
2422.23,696.86,45.0,13.32,4.2,18.9,2.47,13.0,76.7,Dense Urban,Clear,-136.57,Poor
2088.33,17.63,43.21,3.23,4.62,24.33,1.56,3.0,73.0,Urban,Rain,-46.97,Excellent
2375.72,1081.82,32.1,17.59,1.27,12.04,1.8,7.0,20.8,Dense Urban,Fog,-147.4,Poor
901.29,46.97,30.16,9.26,2.36,23.87,1.44,7.0,83.7,Dense Urban,Rain,-92.52,Fair
5777.4,22.77,43.47,8.13,1.57,20.92,1.79,0.0,49.2,Rural,Clear,-21.42,Excellent
1816.39,4498.79,18.37,7.03,1.43,41.26,1.5,6.0,67.2,Dense Urban,Clear,-184.62,Poor
4973.69,11.89,38.74,9.2,0.05,15.4,2.29,3.0,58.7,Indoor,Clear,-72.7,Good
1797.88,12.17,25.25,14.5,1.15,16.59,1.28,1.0,39.2,Rural,Rain,-22.98,Excellent
2126.63,68.62,37.1,10.32,3.97,42.03,1.74,7.0,36.4,Urban,Clear,-75.52,Good
2579.54,1898.79,42.28,12.29,4.5,33.45,2.2,0.0,98.0,Rural,Clear,-47.57,Excellent
882.08,4359.55,43.83,2.92,1.47,35.92,2.35,7.0,34.0,Urban,Clear,-135.86,Poor
906.03,20.89,21.1,15.63,0.18,15.17,2.46,9.0,55.6,Urban,Clear,-73.0,Good
1828.79,116.76,24.31,10.45,3.75,36.05,1.27,1.0,92.6,Suburban,Clear,-63.95,Excellent
4993.15,959.09,31.0,10.38,3.51,35.82,1.37,0.0,44.6,Rural,Rain,-66.9,Excellent
858.92,552.41,44.45,6.04,1.42,28.76,1.52,5.0,84.8,Suburban,Clear,-74.04,Good
2079.14,42.65,21.96,3.24,4.07,48.36,2.44,11.0,66.9,Dense Urban,Clear,-111.57,Poor
2608.48,77.36,31.37,7.38,3.79,20.87,2.46,3.0,84.0,Urban,Clear,-81.92,Good
3485.16,401.98,22.32,15.1,,33.03,1.95,2.0,91.0,Suburban,Rain,-90.79,Fair
2106.8,12.46,26.24,10.75,2.44,15.18,2.15,6.0,55.4,Dense Urban,Clear,-71.32,Good
675.32,1112.85,29.31,6.22,0.84,25.46,1.81,7.0,10.4,Indoor,Clear,-165.52,Poor
701.5,55.37,22.17,11.49,0.84,20.61,2.38,9.0,14.8,Urban,Clear,-84.22,Good
2084.24,1720.61,20.36,7.62,1.87,37.84,1.34,0.0,58.2,Rural,Clear,-74.08,Good
5010.9,700.17,21.26,5.58,0.79,40.5,2.24,6.0,41.5,Urban,Clear,-142.22,Poor
714.86,552.02,30.29,13.84,4.15,44.37,1.82,5.0,48.8,Suburban,Clear,-70.82,Good
5020.89,1177.84,23.01,4.68,2.22,19.93,1.79,2.0,72.7,Rural,Clear,-84.35,Good
2629.54,15.95,19.21,11.36,4.36,35.94,1.94,3.0,21.9,Indoor,Rain,-83.59,Good
697.56,50.31,43.02,13.74,2.74,30.27,1.82,0.0,47.8,Rural,Clear,-2.9,Excellent
1810.24,255.95,46.42,2.99,3.0,31.41,2.31,5.0,18.6,Suburban,Clear,-66.16,Excellent
871.11,1251.76,36.18,13.13,2.85,18.99,1.51,2.0,18.6,Suburban,Clear,-80.14,Good
5824.31,1956.93,35.37,2.18,0.92,38.34,1.36,3.0,72.8,Suburban,Clear,-114.32,Poor
,107.47,19.55,14.99,0.68,34.93,2.03,1.0,62.2,Suburban,Clear,-66.21,Excellent
1795.28,1386.86,18.82,6.45,1.5,46.26,2.18,3.0,20.3,Urban,Clear,-135.43,Poor
896.06,39.31,18.97,4.46,3.35,34.02,1.84,11.0,66.4,Dense Urban,Clear,-101.38,Poor
2415.48,16.69,25.28,4.09,4.32,37.77,2.05,1.0,10.0,Suburban,Clear,-43.33,Excellent
720.01,46.29,20.19,8.97,0.77,23.79,1.83,12.0,40.1,Dense Urban,Clear,-107.9,Poor
918.47,2738.86,42.6,6.61,0.41,17.52,2.28,8.0,80.3,Urban,Clear,-134.59,Poor
850.64,293.99,45.4,9.5,4.23,47.88,2.12,3.0,29.0,Indoor,Rain,-105.41,Poor
2592.27,199.13,42.56,15.53,1.79,34.13,2.45,6.0,61.4,Urban,Clear,-85.91,Fair
2626.73,1014.47,21.15,3.68,1.26,29.14,1.99,2.0,65.9,Indoor,Storm,-176.69,Poor
2108.05,10.65,28.01,6.17,0.04,49.94,2.08,5.0,42.7,Suburban,Clear,-42.64,Excellent
852.62,20.86,29.88,3.81,1.0,20.59,1.89,5.0,45.2,Dense Urban,Fog,-77.29,Good
1805.9,18.57,17.54,12.19,0.21,38.24,1.91,3.0,34.7,Suburban,Clear,-52.21,Excellent
5007.79,21.3,28.24,11.97,3.46,19.01,1.3,0.0,72.6,Rural,Rain,-34.71,Excellent
912.78,167.44,36.43,15.58,0.34,27.61,1.78,13.0,39.9,Dense Urban,Rain,-114.27,Poor
853.19,57.22,24.7,13.67,3.76,25.17,1.51,6.0,41.1,Dense Urban,Rain,-86.51,Fair
872.52,1320.23,24.94,13.19,3.43,40.17,2.46,4.0,35.0,Urban,Clear,-117.45,Poor
5021.58,1838.83,30.99,4.57,0.17,28.7,2.37,7.0,98.0,Dense Urban,Clear,-173.75,Poor
846.54,3136.05,19.99,15.11,4.96,23.85,1.73,7.0,87.6,Dense Urban,Clear,-162.45,Poor
2380.11,33.82,36.14,2.12,4.9,21.68,1.34,3.0,63.5,Urban,Clear,-70.08,Good
5804.6,227.6,30.58,13.44,4.74,43.53,1.7,6.0,59.6,Urban,Clear,-103.2,Poor
2607.24,13.53,45.67,15.03,1.23,18.34,2.49,13.0,83.6,Dense Urban,Clear,-69.14,Excellent
2101.4,44.41,43.21,5.63,3.34,28.37,1.29,2.0,40.4,Suburban,Fog,-43.16,Excellent
923.43,457.17,29.31,6.99,2.24,26.94,2.37,1.0,34.5,Suburban,Clear,-74.16,Good
675.58,138.05,29.76,5.87,1.67,28.85,1.34,2.0,78.3,Suburban,Fog,-59.19,Excellent
837.25,731.44,36.6,15.11,2.12,36.69,1.92,6.0,93.5,Urban,Clear,-95.83,Fair
5821.95,1840.98,20.82,8.73,3.48,45.47,2.33,3.0,42.3,Indoor,Rain,-186.39,Poor
876.36,,21.85,7.82,0.54,16.31,2.0,0.0,62.0,Rural,Clear,-23.28,Excellent
695.56,3414.19,20.61,10.04,2.22,38.66,1.43,5.0,67.2,Suburban,Clear,-111.89,Poor
4981.56,13.02,23.85,13.69,4.68,15.72,2.49,1.0,58.8,Rural,Clear,-28.35,Excellent
2095.22,4461.64,37.52,12.57,3.06,10.27,2.32,2.0,64.3,Rural,Clear,-70.79,Good
1797.37,525.96,21.37,13.32,4.59,10.32,1.4,10.0,52.6,Dense Urban,Rain,-151.57,Poor
3501.17,13.09,36.78,17.16,0.13,45.84,1.87,2.0,10.0,Indoor,Rain,-56.15,Excellent
2386.46,115.45,42.21,6.08,2.84,43.85,2.04,7.0,53.3,Urban,Clear,-83.05,Good
5788.76,49.76,42.89,5.31,3.49,23.04,1.97,3.0,70.8,Urban,Rain,-74.78,Good
2109.34,1429.96,36.0,12.4,1.69,35.96,1.66,7.0,65.5,Indoor,Clear,-163.05,Poor
3507.31,40.6,38.87,4.34,0.62,16.0,2.26,6.0,46.2,Indoor,Rain,-104.32,Poor
5009.73,1697.94,30.28,12.3,0.45,40.16,1.56,3.0,75.5,Suburban,Clear,-103.72,Poor
2092.64,69.66,27.57,17.3,2.7,49.94,1.59,1.0,55.4,Rural,Storm,-31.75,Excellent
890.19,4673.79,41.01,9.34,0.96,47.79,1.91,4.0,63.2,Suburban,Rain,-99.05,Fair
5791.09,53.68,31.81,5.44,0.25,35.36,1.28,6.0,43.1,Dense Urban,Rain,-108.84,Poor
927.07,705.81,29.73,17.92,4.15,27.88,1.3,12.0,47.2,Dense Urban,Clear,-134.1,Poor
693.71,1444.44,45.42,8.13,4.02,24.66,2.46,6.0,60.5,Urban,Clear,-107.98,Poor
2406.37,38.39,47.69,3.82,3.74,21.07,1.76,1.0,56.1,Rural,Clear,-19.24,Excellent
5801.37,16.01,45.77,8.66,2.74,13.42,1.93,13.0,48.7,Dense Urban,Clear,-85.9,Fair
722.57,307.47,41.21,3.4,2.58,18.38,2.49,6.0,45.3,Urban,Clear,-91.56,Fair
4992.15,672.07,28.31,3.33,2.75,32.35,2.47,4.0,10.0,Suburban,Fog,-105.0,Poor
4996.05,1606.22,46.94,2.76,3.86,20.87,2.2,7.0,30.4,Indoor,Clear,-171.98,Poor
5820.57,54.47,40.04,9.27,3.3,39.02,1.96,1.0,52.4,Rural,Clear,-30.59,Excellent
2079.66,2260.86,47.26,9.34,0.72,40.71,1.52,1.0,52.4,Suburban,Clear,-82.57,Good
,2962.28,19.43,13.73,1.74,29.07,1.44,4.0,62.3,Suburban,Clear,-109.74,Poor
2393.99,1267.66,19.66,10.71,3.42,46.22,1.36,5.0,80.3,Indoor,Clear,-170.8,Poor
879.15,10.48,20.07,15.76,2.76,42.61,1.69,7.0,45.1,Indoor,Clear,-69.46,Excellent
5013.28,17.19,42.97,15.97,4.66,13.11,1.54,8.0,30.2,Urban,Clear,-55.87,Excellent
2570.63,4930.18,23.04,4.73,1.39,42.1,2.3,3.0,84.6,Suburban,Rain,-128.73,Poor
2120.37,956.99,20.88,2.66,3.61,43.19,2.4,0.0,63.8,Rural,Clear,-70.73,Good
2412.19,491.69,45.66,13.3,,23.86,1.99,6.0,43.7,Indoor,Clear,-127.84,Poor
3503.66,2708.63,44.64,2.16,3.78,29.72,2.05,2.0,19.7,Rural,Clear,-67.5,Excellent
2384.17,12.79,48.89,8.3,3.21,12.8,1.9,1.0,98.0,Rural,Storm,-10.36,Excellent
4978.96,1106.98,39.52,2.86,4.44,20.64,1.34,1.0,50.2,Suburban,Storm,-102.19,Poor
5807.7,584.73,45.09,9.34,3.91,48.06,2.31,8.0,62.9,Urban,Clear,-110.32,Poor
5796.4,1946.81,37.04,9.19,4.08,47.32,1.25,7.0,36.2,Urban,Rain,-140.11,Poor
2621.7,1257.59,43.52,15.53,2.23,37.32,2.08,7.0,33.2,Urban,Clear,-110.86,Poor
3485.74,203.62,34.49,12.33,0.35,10.73,1.42,7.0,79.9,Urban,Rain,-110.64,Poor
1808.25,15.54,20.2,8.44,2.73,10.96,2.21,6.0,45.7,Urban,Clear,-72.19,Good
684.93,2847.39,23.85,10.15,2.4,33.8,2.05,1.0,,Suburban,Clear,-98.34,Fair
2108.18,1149.93,45.57,10.79,4.64,19.21,1.52,5.0,55.9,Suburban,Rain,-86.22,Fair
4972.9,91.6,17.69,5.62,3.39,36.07,2.21,5.0,55.7,Suburban,Clear,-91.62,Fair
843.5,4524.73,22.37,14.41,3.96,13.84,2.22,0.0,76.2,Rural,Clear,-69.34,Excellent
2380.36,69.13,43.61,9.48,3.49,49.5,1.85,1.0,52.5,Suburban,Clear,-40.56,Excellent
856.36,100.03,48.58,12.21,3.18,14.59,1.91,2.0,67.0,Rural,Clear,-13.59,Excellent
2089.0,4271.89,31.11,2.51,4.57,23.47,1.34,3.0,41.4,Indoor,Storm,-196.46,Poor
866.29,635.64,22.05,3.77,0.34,13.91,1.75,4.0,36.1,Urban,Clear,-124.74,Poor
3476.88,2360.05,38.74,11.43,4.37,25.36,2.06,4.0,36.3,Suburban,Clear,-99.03,Fair
5003.37,2488.98,18.98,13.91,4.02,23.46,1.29,8.0,39.9,Urban,Rain,-162.62,Poor
3505.62,280.45,29.24,7.13,4.97,35.83,1.67,5.0,88.2,Dense Urban,Clear,-123.12,Poor
3471.33,52.55,36.36,17.13,0.68,44.37,1.79,5.0,43.9,Indoor,Clear,-89.41,Fair
872.16,1937.45,44.55,15.59,4.21,42.41,2.12,9.0,43.9,Dense Urban,Fog,-132.74,Poor
2388.49,226.25,22.65,10.39,1.22,39.32,1.68,3.0,69.9,Suburban,Clear,-82.3,Good
856.54,333.55,37.06,12.24,0.31,49.91,2.4,5.0,69.1,Suburban,Storm,-66.57,Excellent
1827.76,289.16,20.69,11.49,1.26,11.74,2.24,3.0,33.1,Indoor,Clear,-142.91,Poor
2375.45,10.61,28.0,6.89,0.75,41.58,1.85,1.0,50.6,Rural,Clear,-24.55,Excellent
2612.19,13.3,44.23,3.0,1.43,15.21,2.13,4.0,10.0,Indoor,Clear,-66.38,Excellent
711.56,460.9,19.39,14.87,4.57,34.32,1.6,2.0,65.3,Indoor,Clear,-134.38,Poor
5010.17,1393.68,44.89,9.37,3.28,42.45,1.84,6.0,68.4,Urban,Clear,-120.99,Poor
2100.97,171.21,44.97,15.47,2.85,36.46,1.94,4.0,67.8,Urban,Clear,-70.97,Good
5028.01,32.65,25.0,7.99,4.36,14.58,1.57,2.0,95.2,Rural,Clear,-44.74,Excellent
2400.11,125.17,44.41,2.23,4.49,17.35,2.3,7.0,64.2,Indoor,Rain,-120.62,Poor
2420.3,1184.9,36.3,4.03,4.82,45.48,1.92,8.0,56.8,Urban,Clear,-126.87,Poor
2585.75,19.64,48.13,4.52,4.38,46.43,1.8,2.0,58.5,Rural,Clear,-11.17,Excellent
5018.38,325.06,38.72,13.7,4.09,39.86,1.61,3.0,43.1,Suburban,Rain,-75.38,Good
879.79,785.69,43.73,2.51,,21.74,2.35,9.0,96.7,Urban,Clear,-120.18,Poor
2424.61,132.53,18.51,15.11,2.79,20.02,1.6,8.0,90.8,Urban,Fog,-106.5,Poor
688.24,419.55,24.2,13.05,1.96,12.88,1.36,3.0,43.9,Suburban,Clear,-77.57,Good
2120.77,2423.69,30.1,7.17,0.31,28.72,1.31,7.0,31.9,Urban,Clear,-146.65,Poor
4975.72,37.53,46.07,10.35,0.45,25.78,2.32,1.0,56.4,Suburban,Clear,-39.36,Excellent
5010.66,23.15,37.11,16.91,2.14,19.8,1.62,7.0,54.1,Indoor,Rain,-92.28,Fair
890.53,14.6,22.95,3.12,4.73,36.01,2.04,2.0,,Rural,Rain,-27.92,Excellent
1809.52,912.07,44.7,7.81,2.27,18.28,2.49,2.0,59.1,Suburban,Rain,-78.54,Good
2394.73,2694.67,34.73,8.26,3.86,13.56,1.54,6.0,20.5,Indoor,Storm,-183.62,Poor
1770.54,730.05,27.42,17.41,1.06,27.29,2.02,2.0,50.3,Suburban,Rain,-83.34,Good
833.88,4319.34,30.45,17.6,1.18,39.08,1.91,9.0,57.8,Urban,Clear,-137.04,Poor
1772.54,815.02,39.36,15.46,4.21,17.36,1.29,7.0,34.6,Urban,Clear,-108.25,Poor
2095.64,60.07,47.09,8.11,1.45,33.51,1.65,8.0,79.7,Dense Urban,Clear,-85.65,Fair
2420.4,48.96,37.76,16.23,3.25,13.5,1.37,5.0,43.3,Suburban,Clear,-48.58,Excellent
5814.28,629.97,45.55,9.75,0.01,20.75,1.51,1.0,49.8,Rural,Clear,-53.06,Excellent
2417.33,666.8,44.54,12.3,0.14,43.4,2.32,11.0,89.4,Dense Urban,Rain,-135.01,Poor
1818.43,259.27,19.61,16.85,2.37,15.87,1.63,8.0,22.0,Urban,Clear,-114.42,Poor
2592.32,264.28,43.63,5.97,2.95,36.65,1.24,5.0,53.1,Indoor,Clear,-126.66,Poor
3500.36,133.2,34.06,15.77,0.39,10.57,2.35,1.0,34.7,Suburban,Clear,-65.97,Excellent
2100.51,87.99,33.64,8.39,3.94,31.96,2.4,2.0,62.5,Suburban,Clear,-54.11,Excellent
2076.79,514.39,36.65,15.94,0.33,19.7,1.91,0.0,64.2,Rural,Clear,-42.6,Excellent
905.89,1041.18,20.63,10.77,3.29,18.9,1.66,2.0,55.9,Rural,Clear,-65.54,Excellent
5013.21,1568.04,47.43,5.96,3.37,30.17,2.26,5.0,36.5,Suburban,Fog,-96.38,Fair
5006.66,67.74,45.73,14.25,2.2,49.51,1.33,11.0,,Dense Urban,,-91.32,Fair
864.76,2065.38,46.37,3.84,2.31,19.37,2.0,1.0,43.4,Rural,Rain,-52.48,Excellent
1777.13,,38.18,4.29,0.01,32.07,1.39,2.0,35.0,Rural,Rain,-34.95,Excellent
915.68,66.51,22.81,4.37,2.67,25.16,2.32,1.0,64.2,Suburban,Clear,-58.93,Excellent
5782.49,1497.53,37.88,15.45,1.51,37.79,2.2,9.0,43.7,Dense Urban,Clear,-151.56,Poor
722.61,4133.47,21.31,15.94,1.13,47.18,2.37,0.0,57.9,Rural,Clear,-64.15,Excellent
884.7,3281.32,34.52,11.16,0.54,26.89,2.46,3.0,44.0,Urban,Fog,-125.06,Poor
1799.52,19.94,42.2,6.47,3.07,46.35,2.24,5.0,79.7,Suburban,Clear,-34.26,Excellent
2399.24,60.06,24.16,8.31,4.28,46.68,1.55,1.0,74.5,Suburban,Clear,-56.9,Excellent
886.13,1124.44,28.93,4.94,0.62,44.86,2.0,4.0,53.4,Indoor,Clear,-157.1,Poor
2391.7,1499.78,30.98,2.06,3.64,19.92,2.42,6.0,64.4,Indoor,Fog,-177.95,Poor
3481.14,229.61,44.46,15.43,2.4,38.06,1.45,1.0,74.5,Rural,Clear,-31.75,Excellent
5004.21,11.05,36.13,5.11,0.05,23.54,1.45,1.0,54.9,Suburban,Clear,-40.33,Excellent
724.78,226.19,30.36,3.27,2.45,17.57,2.17,4.0,40.4,Suburban,Clear,-75.04,Good
839.0,12.14,29.0,4.11,4.23,28.46,2.02,6.0,68.1,Urban,Clear,-51.67,Excellent
700.48,57.47,22.25,16.82,4.79,29.25,1.79,3.0,52.3,Suburban,Storm,-50.38,Excellent
5821.71,592.71,16.09,7.81,2.33,35.86,1.32,1.0,22.3,Rural,Storm,-87.12,Fair
2597.15,23.08,44.26,12.37,2.25,22.85,2.19,9.0,46.4,Urban,Clear,-56.13,Excellent
2419.88,837.51,42.82,2.5,1.72,13.21,1.64,5.0,78.7,Urban,Fog,-122.51,Poor
3496.78,475.45,21.58,10.47,1.89,21.58,2.38,2.0,57.8,Suburban,Clear,-95.1,Fair
2396.41,144.45,32.75,13.95,2.38,42.74,1.97,2.0,19.9,Rural,Clear,-37.65,Excellent
879.43,101.03,41.82,3.05,0.4,44.55,2.18,5.0,41.7,Urban,Clear,-69.02,Excellent
2377.5,2942.1,42.23,6.78,3.24,12.78,1.44,5.0,46.4,Dense Urban,Clear,-156.04,Poor
3506.69,311.17,18.56,7.15,1.78,18.12,2.08,3.0,33.9,Suburban,Fog,-99.09,Fair
719.64,2506.76,21.66,16.2,3.3,12.4,2.46,5.0,27.0,Indoor,Storm,-174.53,Poor
2578.12,129.77,22.15,12.64,3.16,29.99,1.49,1.0,14.5,Rural,Storm,-51.62,Excellent
2124.61,402.64,39.0,15.85,4.43,16.92,2.16,2.0,52.1,Suburban,Fog,-64.48,Excellent
691.53,3771.03,47.99,8.01,1.41,41.13,1.73,2.0,62.1,Rural,Clear,-48.82,Excellent
895.52,21.62,19.1,11.46,4.68,42.88,1.33,5.0,10.0,Dense Urban,Clear,-69.55,Excellent
2123.67,51.2,45.51,10.28,3.3,29.9,2.36,5.0,94.2,Indoor,Clear,-81.8,Good
1823.78,2979.4,42.71,6.42,3.11,28.62,1.77,8.0,33.5,Urban,Clear,-136.26,Poor
901.49,137.71,43.69,8.76,2.77,31.45,1.65,2.0,61.9,Suburban,Storm,-52.35,Excellent
2586.61,54.23,36.36,5.92,1.02,19.6,2.23,5.0,64.7,Urban,Fog,-80.9,Good
2080.32,4918.02,46.49,2.26,0.04,37.71,1.22,6.0,26.4,Dense Urban,Rain,-170.67,Poor
2086.29,18.87,29.03,17.49,2.79,37.05,1.97,2.0,49.8,Suburban,Fog,-32.94,Excellent
3516.84,447.24,23.22,17.33,4.57,15.72,1.27,6.0,74.2,Dense Urban,Storm,-141.68,Poor
689.48,1339.64,46.8,15.19,4.24,22.28,2.42,4.0,32.3,Suburban,Rain,-64.52,Excellent
1811.67,1328.57,37.62,4.79,0.39,29.1,2.37,3.0,81.3,Suburban,Storm,-100.82,Poor
681.71,155.78,23.98,2.32,1.55,46.46,2.04,3.0,10.0,Indoor,Storm,-126.45,Poor
5798.71,13.14,36.73,5.14,2.39,16.51,1.89,7.0,54.4,Dense Urban,Clear,-77.55,Good
841.13,1861.69,28.91,15.95,2.44,12.9,2.21,2.0,65.8,Rural,Clear,-59.2,Excellent
5000.22,1467.45,40.79,4.45,0.93,15.32,2.12,8.0,44.8,Urban,Clear,-146.03,Poor
854.2,43.72,42.87,5.74,3.41,19.38,1.76,3.0,71.1,Indoor,Storm,-80.83,Good
1829.46,83.0,19.19,13.06,2.42,34.41,1.41,5.0,42.7,Urban,Clear,-88.55,Fair
2623.99,241.81,36.82,9.64,4.3,11.23,2.29,1.0,56.3,Rural,Clear,-43.57,Excellent
5011.75,20.33,42.89,12.46,1.25,11.35,2.1,,72.1,,Rain,-57.9,Excellent
829.22,1639.38,34.72,11.01,4.55,45.57,1.61,0.0,29.1,Rural,Clear,-42.87,Excellent
925.14,3081.2,43.76,11.16,4.13,14.77,1.76,1.0,64.3,Suburban,Fog,-83.96,Good
5023.56,67.89,43.55,15.96,2.07,23.11,2.15,1.0,43.7,Rural,Clear,-24.2,Excellent
1823.2,3118.37,29.71,5.48,4.05,24.42,2.03,4.0,67.9,Indoor,Fog,-183.65,Poor
898.74,1450.52,41.75,4.23,3.17,41.79,2.39,9.0,37.0,Urban,Clear,-122.06,Poor
3480.24,921.25,18.66,8.48,2.27,46.48,1.24,3.0,74.5,Suburban,Clear,-105.5,Poor
715.26,4127.78,20.13,10.55,2.56,40.86,2.02,2.0,10.0,Suburban,Clear,-109.34,Poor
4993.31,75.2,43.04,9.85,2.74,30.05,1.7,9.0,33.9,Urban,Clear,-86.59,Fair
4990.67,2960.0,23.82,10.64,1.14,31.65,1.58,0.0,94.9,Rural,Clear,-83.41,Good
4993.45,18.43,41.35,9.78,0.77,27.54,2.37,2.0,65.9,Suburban,Fog,-40.14,Excellent
903.54,195.05,44.67,10.29,3.93,49.21,1.76,,34.7,Urban,Rain,-72.41,Good
840.01,308.93,47.68,16.91,0.43,48.44,1.75,3.0,32.9,Urban,Clear,-67.44,Excellent
2111.4,21.45,19.66,2.8,3.44,40.44,1.56,2.0,44.5,Suburban,,-56.39,Excellent
1808.86,977.45,23.55,17.07,4.4,45.23,2.17,7.0,51.6,Indoor,Fog,-159.43,Poor
5800.53,191.64,36.25,11.4,2.18,32.2,1.77,1.0,50.0,Suburban,Storm,-74.74,Good
2573.24,169.63,20.68,2.77,3.87,32.52,1.71,4.0,78.7,Suburban,Clear,-87.58,Fair
5826.19,370.93,42.27,2.86,,39.79,2.1,8.0,96.8,Urban,Rain,-118.94,Poor
3494.7,23.1,47.73,11.14,1.42,24.04,2.0,1.0,51.9,Suburban,Rain,-30.21,Excellent
3496.97,34.66,42.32,13.03,1.25,36.46,2.49,2.0,60.9,Rural,Clear,-18.0,Excellent
847.36,30.74,21.13,10.32,2.66,26.91,1.6,6.0,48.1,Indoor,Clear,-94.69,Fair
691.9,3708.84,18.41,9.18,4.54,46.87,2.41,8.0,35.2,Urban,Storm,-150.02,Poor
710.48,1221.28,42.6,6.43,3.47,24.23,1.86,12.0,68.9,Dense Urban,Clear,-147.23,Poor
2370.84,268.09,42.83,11.71,0.92,35.45,1.24,10.0,56.3,Dense Urban,Clear,-119.36,Poor
922.41,602.35,46.21,16.36,2.0,,2.13,1.0,79.6,Suburban,Clear,-55.74,Excellent
5776.15,567.9,28.21,8.76,2.9,33.28,1.7,7.0,40.7,Indoor,Clear,-161.09,Poor
879.98,51.06,24.31,13.13,1.86,41.02,2.34,0.0,54.2,Rural,Rain,-26.92,Excellent
5807.68,17.13,45.21,2.28,0.96,43.32,1.73,3.0,25.6,Suburban,Storm,-48.29,Excellent
2573.97,314.6,19.14,9.2,4.06,45.1,1.35,1.0,54.8,Suburban,Rain,-85.86,Fair
853.75,51.28,36.66,14.19,3.45,30.2,2.08,1.0,61.1,Rural,Rain,-14.62,Excellent
689.88,2277.58,30.99,15.47,3.93,33.46,1.65,10.0,42.1,Dense Urban,Clear,-150.26,Poor
1827.18,43.36,36.95,10.59,0.81,22.72,2.01,2.0,56.7,Rural,Clear,-28.34,Excellent
1815.33,351.67,29.19,11.06,0.77,48.14,1.58,3.0,60.9,Suburban,Fog,-76.61,Good
1800.42,136.09,19.51,4.22,0.48,35.29,1.64,2.0,18.7,Rural,Clear,-59.17,Excellent
2395.79,1011.75,38.83,6.73,3.28,20.25,1.88,8.0,29.1,Dense Urban,Clear,-146.04,Poor
879.75,3681.59,24.58,12.68,4.51,45.68,1.87,7.0,52.4,Indoor,Clear,-180.57,Poor
860.04,129.07,20.55,14.27,4.27,35.48,2.49,0.0,44.0,Rural,Clear,-33.45,Excellent
2600.84,13.17,30.22,3.31,1.3,37.38,1.9,2.0,75.6,Rural,Clear,-28.02,Excellent
5793.88,609.79,26.47,17.38,1.68,15.06,1.99,2.0,63.4,Rural,Storm,-75.58,Good
889.47,22.32,43.7,17.26,2.4,10.83,2.31,3.0,58.2,Urban,Clear,-33.35,Excellent
5812.33,19.14,30.27,5.0,0.1,33.5,1.21,7.0,67.8,Urban,Fog,-83.72,Good
1805.27,610.27,36.7,2.72,3.36,16.73,2.42,8.0,68.7,Dense Urban,Clear,-143.22,Poor
1820.89,18.94,30.54,7.46,1.09,37.54,1.64,8.0,41.6,Dense Urban,Clear,-77.66,Good
703.21,22.26,41.43,17.34,4.07,34.16,2.27,3.0,66.4,Suburban,Clear,-10.72,Excellent
2104.94,153.13,21.54,9.09,2.58,23.05,1.97,4.0,89.6,Suburban,Rain,-82.68,Good
2098.64,166.27,18.09,7.02,0.78,27.44,2.31,1.0,70.4,Rural,Rain,-62.35,Excellent
2615.76,2924.74,44.92,,3.75,43.17,1.7,1.0,48.3,Suburban,Clear,-76.54,Good
844.9,55.63,20.9,4.15,4.04,37.2,2.31,11.0,16.1,Dense Urban,Clear,-111.19,Poor
871.12,120.81,41.9,17.06,4.28,22.4,2.41,4.0,27.0,Suburban,Clear,-39.45,Excellent
2089.62,812.04,36.49,14.94,0.53,30.07,1.59,6.0,58.0,Urban,Rain,-116.17,Poor
711.56,1706.48,44.33,8.14,2.35,28.17,2.01,9.0,37.2,Urban,Clear,-119.11,Poor
873.58,87.55,38.93,14.6,0.26,11.93,1.47,2.0,30.1,Indoor,Clear,-84.63,Good
2616.14,504.96,25.91,14.1,4.79,24.34,2.06,9.0,70.9,Urban,Rain,-124.1,Poor
5790.56,483.79,37.15,11.28,2.34,14.88,2.41,1.0,78.1,Suburban,Clear,-81.34,Good
2412.38,65.82,22.67,14.5,3.82,16.82,2.04,7.0,33.7,Indoor,Rain,-116.06,Poor
832.42,20.9,31.17,10.0,1.25,23.49,2.16,3.0,85.6,Urban,Clear,-47.11,Excellent
5773.49,695.17,35.72,15.48,1.05,49.83,2.34,3.0,43.2,Suburban,Fog,-85.25,Fair
2417.48,52.91,18.55,14.69,2.41,33.8,2.08,2.0,58.8,Rural,Fog,-41.47,Excellent
3518.48,72.28,19.45,16.5,3.04,22.39,1.53,6.0,20.2,Urban,Clear,-89.79,Fair
821.38,350.57,42.95,14.76,1.36,16.57,2.06,3.0,72.1,Urban,Clear,-76.51,Good
2426.87,27.17,16.9,16.74,1.74,25.26,2.41,5.0,23.0,Suburban,Clear,-59.68,Excellent
696.75,44.85,47.6,4.85,2.08,21.01,2.14,3.0,24.2,Suburban,Clear,-30.9,Excellent
2624.32,159.94,37.36,6.44,0.05,44.93,1.55,9.0,58.4,Urban,Clear,-101.81,Poor
917.29,2349.63,44.2,9.24,1.2,31.06,2.37,0.0,22.9,Rural,Fog,-45.12,Excellent
5824.04,1214.22,27.64,5.89,3.87,47.39,2.4,5.0,51.7,Urban,Rain,-141.28,Poor
720.0,71.98,42.0,16.35,4.06,23.01,1.51,4.0,27.3,Indoor,Storm,-79.44,Good
2628.44,65.35,21.93,4.88,3.68,15.15,1.68,3.0,74.1,Indoor,Fog,-116.39,Poor
857.75,4621.83,36.7,9.34,0.7,44.11,1.35,1.0,71.1,Suburban,Clear,-94.39,Fair
2583.64,580.05,22.95,10.35,0.71,35.57,2.41,4.0,37.9,Suburban,Storm,-105.3,Poor
2093.37,708.33,44.3,15.97,1.55,37.66,1.95,5.0,68.3,Indoor,Clear,-131.62,Poor
5815.11,14.09,30.15,6.15,1.07,16.19,1.62,9.0,39.5,Urban,Clear,-78.0,Good
2579.42,19.2,41.89,17.51,0.11,22.55,1.55,4.0,71.0,Suburban,Clear,-28.16,Excellent
1825.79,62.33,49.28,6.67,1.11,12.33,1.94,3.0,57.3,Suburban,Clear,-47.64,Excellent
682.32,1873.11,19.6,4.61,2.43,20.92,2.46,2.0,80.0,Rural,Clear,-73.77,Good
2422.56,2869.92,18.64,6.06,3.04,36.92,1.8,7.0,41.8,Indoor,Clear,-201.5,Poor
2099.02,32.78,27.17,16.1,0.45,42.31,2.47,0.0,52.9,Rural,Clear,-20.95,Excellent
720.44,846.44,37.14,4.44,1.88,47.43,2.16,5.0,63.1,Suburban,Rain,-86.79,Fair
2427.5,2287.03,47.04,2.51,1.88,23.84,2.12,5.0,85.9,Suburban,Clear,-101.59,Poor
895.33,2355.74,28.29,6.67,0.67,20.4,1.4,5.0,56.3,Dense Urban,Fog,-158.99,Poor
911.8,173.1,46.94,10.71,4.74,44.03,1.45,0.0,35.2,Rural,Fog,-14.32,Excellent
683.6,49.94,43.13,7.71,4.97,24.38,2.16,1.0,19.9,Rural,Clear,-8.32,Excellent
1818.05,3810.5,,4.57,0.57,26.41,1.41,2.0,49.0,Indoor,Rain,-177.11,Poor
919.2,55.78,46.94,7.83,1.37,18.7,1.92,4.0,54.4,Suburban,Fog,-39.29,Excellent
687.71,48.09,22.6,13.08,0.06,12.12,1.87,2.0,12.4,Rural,Rain,-34.68,Excellent
2071.45,35.9,41.31,8.98,3.95,17.7,2.14,9.0,55.3,Urban,Clear,-69.48,Excellent
895.87,273.71,44.44,11.16,2.1,17.37,1.92,5.0,70.6,Suburban,Rain,-61.55,Excellent
830.2,19.47,47.41,17.15,4.91,39.68,1.48,8.0,26.9,Urban,Clear,-31.2,Excellent
2119.11,346.95,21.28,13.97,2.48,35.57,2.22,4.0,41.3,Indoor,Clear,-137.86,Poor
685.67,3523.62,43.44,14.86,0.34,12.62,2.22,4.0,10.0,Indoor,Rain,-161.86,Poor
5826.62,230.62,23.3,6.61,4.1,10.67,1.25,12.0,44.3,Dense Urban,Clear,-154.38,Poor
2128.31,4031.29,45.9,10.18,3.92,28.92,1.9,7.0,41.3,Indoor,Clear,-175.29,Poor
5824.53,2782.7,36.23,7.51,1.01,32.69,1.31,2.0,71.7,Indoor,Clear,-180.95,Poor
5005.98,1375.3,45.78,9.75,0.91,36.85,1.35,1.0,51.8,Suburban,Clear,-87.27,Fair
5786.05,437.65,38.41,3.79,4.67,22.11,1.27,4.0,64.3,Urban,Clear,-109.21,Poor
2418.44,2381.9,20.61,10.3,4.98,32.48,2.19,4.0,71.0,Suburban,Storm,-120.19,Poor
2112.1,314.69,27.11,10.41,3.58,34.21,1.94,3.0,98.0,Suburban,Storm,-85.82,Fair
3528.63,36.24,33.78,11.2,0.85,11.23,1.86,2.0,57.4,Suburban,Clear,-50.98,Excellent
692.64,3140.74,34.21,5.75,0.99,49.63,1.48,6.0,35.3,Urban,Rain,-135.09,Poor
4973.53,226.67,34.96,5.54,3.33,47.8,1.23,5.0,36.2,Suburban,Fog,-83.99,Good
1829.9,,41.87,7.88,0.43,25.04,1.49,4.0,62.3,Suburban,Clear,-99.52,Fair
720.3,115.1,36.32,10.6,1.0,33.74,1.62,2.0,65.6,Suburban,Clear,-46.39,Excellent
883.29,80.56,22.9,7.39,0.04,25.18,2.32,9.0,60.5,Dense Urban,Rain,-114.38,Poor
913.54,1167.85,19.95,13.3,2.71,43.56,1.39,5.0,40.8,Dense Urban,Clear,-142.82,Poor
670.04,515.64,22.93,11.36,3.08,13.62,1.47,5.0,83.5,Suburban,Clear,-86.51,Fair
2603.47,153.75,21.72,3.81,4.84,16.98,1.38,6.0,,Indoor,Rain,-147.15,Poor
691.77,2351.18,40.48,5.58,0.48,39.07,2.22,1.0,36.8,Rural,Fog,-53.11,Excellent
4992.88,247.87,46.5,11.67,4.58,19.8,1.39,1.0,81.4,Suburban,Clear,-61.22,Excellent
2084.67,10.83,46.49,10.51,1.53,49.47,1.33,0.0,91.9,Rural,Clear,3.88,Excellent
3486.49,742.91,35.11,7.43,4.41,43.41,1.86,6.0,87.3,Urban,Fog,-122.73,Poor
1797.28,14.81,46.8,4.75,3.39,43.18,1.86,6.0,29.4,Indoor,Rain,-66.08,Excellent
834.89,198.83,37.56,16.73,1.65,16.71,1.78,1.0,91.3,Rural,Storm,-29.97,Excellent
847.99,32.99,19.94,9.19,4.42,17.99,2.31,6.0,44.7,Urban,Clear,-74.55,Good
2604.64,44.99,33.37,5.4,2.98,42.46,1.92,11.0,41.1,Dense Urban,Rain,-103.12,Poor
3512.67,4410.54,38.45,13.53,3.27,26.94,1.23,5.0,61.6,Urban,Clear,-138.88,Poor
910.63,20.24,37.34,6.09,4.46,39.8,1.61,3.0,48.7,Indoor,Clear,-61.68,Excellent
1784.52,1109.25,43.61,6.25,2.27,35.02,2.21,8.0,42.9,Urban,Clear,-118.64,Poor
5772.35,525.35,40.91,15.23,0.56,44.81,1.38,1.0,45.8,Suburban,Fog,-72.52,Good
5019.96,33.61,22.2,16.53,0.4,41.89,2.3,0.0,57.5,Rural,Rain,-38.43,Excellent
2122.34,3345.41,17.85,9.49,1.62,36.79,1.87,6.0,46.5,Urban,Clear,-157.88,Poor
928.73,34.96,38.94,12.12,4.29,35.4,1.63,2.0,69.9,Rural,Rain,-12.6,Excellent
1827.58,246.35,18.34,7.78,4.75,41.93,1.49,3.0,51.4,Urban,Fog,-103.52,Poor
2408.03,1360.18,32.22,12.14,2.82,29.83,1.62,5.0,37.7,Dense Urban,Rain,-152.52,Poor
2423.66,1150.42,47.43,13.65,2.85,30.88,1.27,3.0,30.6,Suburban,Clear,-73.69,Good
846.88,72.93,37.33,13.54,1.24,47.64,1.93,4.0,63.4,Urban,Clear,-57.07,Excellent
717.24,1841.5,47.7,2.65,4.41,41.75,1.53,13.0,57.3,Dense Urban,Clear,-150.33,Poor
2127.32,3950.66,18.58,3.58,1.95,45.25,2.34,6.0,63.3,Urban,Rain,-168.57,Poor
3517.78,190.27,41.85,13.33,2.41,36.95,1.39,5.0,56.5,Suburban,Fog,-66.26,Excellent
844.95,576.21,24.38,10.51,4.8,25.01,1.8,5.0,63.6,Dense Urban,Clear,-126.33,Poor
2092.67,96.34,18.59,17.09,3.98,47.0,2.14,5.0,40.9,Indoor,Clear,-111.78,Poor
837.49,90.29,21.01,3.66,3.82,20.08,2.18,6.0,51.1,Urban,Rain,-94.91,Fair
892.02,185.25,45.52,17.83,2.26,22.71,1.49,0.0,87.4,Rural,Clear,-13.84,Excellent
2619.23,34.05,28.68,4.14,0.72,19.06,2.44,3.0,60.4,Urban,Clear,-75.63,Good
912.09,725.56,48.8,2.5,1.74,38.58,2.43,3.0,76.7,Indoor,Clear,-131.88,Poor
884.99,27.98,21.16,16.38,2.16,33.47,1.74,5.0,28.6,Dense Urban,Clear,-71.71,Good
5812.69,10.33,36.14,10.06,3.99,32.96,1.8,6.0,44.7,Dense Urban,Clear,-63.36,Excellent
842.76,153.51,28.5,6.59,3.85,38.06,1.63,3.0,39.1,Urban,Storm,-86.1,Fair
853.47,16.08,23.51,11.15,4.6,43.13,1.71,3.0,30.8,Suburban,Clear,-33.88,Excellent
5792.22,,38.78,8.04,0.36,20.44,2.23,2.0,53.8,Suburban,Fog,-80.6,Good
2401.3,253.78,37.44,17.82,2.21,40.51,1.86,2.0,45.5,Suburban,Clear,-55.66,Excellent
713.79,23.47,18.57,14.38,4.15,30.85,2.36,2.0,51.0,Rural,Fog,-22.98,Excellent
2113.87,46.13,34.84,12.5,2.34,45.65,1.73,5.0,56.6,Indoor,Clear,-90.13,Fair
2415.19,11.64,22.43,7.15,1.16,11.6,2.1,1.0,46.8,Suburban,Clear,-44.35,Excellent
893.46,400.92,43.47,2.41,3.99,19.38,2.15,7.0,64.0,Urban,Clear,-101.31,Poor
,61.72,22.29,14.76,0.25,17.19,1.63,3.0,73.3,Urban,Storm,-90.67,Fair
2584.32,840.09,24.51,2.76,1.81,12.24,2.39,1.0,18.3,Suburban,Clear,-104.71,Poor
898.65,501.05,46.79,3.81,3.43,36.74,1.86,7.0,45.8,Indoor,Clear,-132.82,Poor
5004.99,101.93,23.36,11.42,0.8,41.61,1.86,1.0,71.3,Rural,Clear,-50.5,Excellent
2111.19,11.45,20.76,14.11,4.19,31.04,1.26,13.0,41.0,Dense Urban,Fog,-87.51,Fair
5824.72,73.13,34.92,8.54,1.99,43.35,2.3,8.0,86.1,Urban,Rain,-96.36,Fair
688.29,75.3,36.25,11.42,1.91,35.54,1.99,2.0,87.2,Suburban,Clear,-38.36,Excellent
1820.72,79.06,35.44,17.58,4.75,35.81,1.5,2.0,34.7,Suburban,Clear,-39.99,Excellent
3488.67,3743.82,30.58,6.5,0.73,19.31,1.61,0.0,46.6,Rural,Clear,-79.83,Good
5003.11,27.81,18.46,2.7,2.18,48.62,1.68,0.0,62.2,Rural,Fog,-50.51,Excellent
919.69,53.57,23.12,5.55,2.56,29.76,2.28,8.0,86.7,Urban,Clear,-86.8,Fair
5813.39,1764.49,19.75,9.14,0.48,48.52,2.25,1.0,64.4,Rural,Clear,-85.45,Fair
871.77,3140.31,46.9,14.44,1.58,26.12,1.9,5.0,60.9,Indoor,Clear,-157.05,Poor
2118.89,183.61,21.2,8.71,2.66,28.03,2.22,3.0,59.8,Suburban,Fog,-81.72,Good
1786.58,286.8,37.68,11.42,4.61,38.31,1.94,2.0,64.2,Indoor,Clear,-113.12,Poor
2129.58,13.89,21.4,11.05,2.35,42.13,1.39,3.0,55.6,Indoor,Clear,-78.08,Good
5826.22,1516.6,35.55,9.81,2.79,19.37,1.49,4.0,55.5,Suburban,Rain,-109.66,Poor
3495.81,402.44,19.79,4.54,3.38,49.77,1.62,5.0,51.5,Urban,Fog,-122.79,Poor
3472.83,196.26,21.79,3.09,0.73,11.56,1.5,4.0,54.1,Suburban,Fog,-101.14,Poor
888.21,65.56,21.74,5.25,0.74,12.01,2.37,4.0,50.9,Suburban,Clear,-69.12,Excellent
,157.66,20.33,6.32,2.39,14.59,1.45,2.0,83.1,Indoor,Clear,-141.95,Poor
2127.05,965.13,21.58,5.0,3.12,32.56,1.33,5.0,69.1,Indoor,Clear,-170.62,Poor
2619.9,16.52,22.42,5.08,1.59,35.47,2.29,2.0,55.2,Suburban,Clear,-51.89,Excellent
2593.8,233.28,45.8,11.73,0.41,45.99,1.38,1.0,93.9,Suburban,Rain,-57.16,Excellent
2573.39,12.4,30.58,9.27,3.78,27.96,1.21,5.0,18.3,Urban,Rain,-55.7,Excellent
2601.05,1214.19,18.87,6.0,3.5,41.36,2.08,0.0,47.7,Rural,Fog,-74.44,Good
2092.58,37.11,45.79,5.77,4.54,34.53,1.4,3.0,55.8,Urban,Rain,-53.03,Excellent
2577.38,2742.94,39.36,4.29,3.96,26.56,1.72,2.0,53.6,Suburban,Fog,-101.78,Poor
5776.35,192.74,29.64,13.07,3.7,32.95,1.62,3.0,66.4,Suburban,Fog,-79.11,Good
1779.18,171.45,36.66,9.61,2.61,18.59,2.45,1.0,67.7,Suburban,Clear,-60.05,Excellent
2382.35,93.88,22.39,12.63,4.69,40.54,1.33,1.0,62.2,Suburban,Fog,-63.66,Excellent
865.23,247.54,31.04,8.06,3.44,31.67,1.27,5.0,32.7,Urban,Clear,-93.31,Fair
1792.9,81.72,19.21,3.36,0.56,42.95,2.21,3.0,74.2,Urban,Clear,-93.22,Fair
3496.22,93.63,44.31,15.17,3.89,24.68,1.63,3.0,43.9,Urban,Rain,-66.92,Excellent
2605.9,33.73,31.59,2.67,1.12,17.64,1.93,5.0,54.9,Dense Urban,Rain,-94.79,Fair
927.61,85.45,43.92,7.88,4.04,29.37,1.21,1.0,63.9,Rural,Fog,-16.65,Excellent
2415.39,1551.65,19.66,11.36,4.95,29.66,2.49,4.0,10.0,Suburban,Clear,-109.05,Poor
,46.04,17.9,12.63,0.65,22.76,2.05,3.0,49.5,Indoor,Fog,-111.79,Poor
864.63,1646.56,29.66,9.71,0.4,34.18,2.05,2.0,14.2,Rural,Clear,-62.84,Excellent
713.16,2111.82,19.0,14.78,3.9,21.99,2.17,5.0,51.6,Dense Urban,Clear,-155.37,Poor
1811.41,628.66,44.83,9.67,3.99,33.71,1.67,0.0,14.7,Rural,Clear,-35.7,Excellent
2599.78,12.1,19.64,15.37,3.37,31.3,1.72,5.0,77.9,Suburban,Clear,-45.44,Excellent
1804.01,326.75,37.72,5.95,2.33,10.86,1.77,3.0,43.9,Indoor,Clear,-130.79,Poor
4997.69,1772.74,29.07,9.56,4.29,36.68,2.23,1.0,40.9,Suburban,Fog,-100.91,Poor
4993.7,97.1,20.94,2.49,3.31,26.39,1.31,1.0,97.9,Rural,Clear,-62.23,Excellent
2386.25,57.99,18.56,11.25,4.32,42.09,1.58,3.0,50.7,Suburban,Fog,-62.27,Excellent
1791.31,73.69,25.54,8.44,1.67,39.02,2.22,2.0,71.2,Suburban,Clear,-60.96,Excellent
695.71,138.63,20.82,12.9,1.71,41.63,1.29,7.0,31.7,Urban,Fog,-91.09,Fair
5004.76,15.47,35.56,13.88,3.05,20.53,2.43,5.0,33.9,Urban,Clear,-57.53,Excellent
4999.99,43.8,24.93,8.93,3.44,39.87,1.92,,51.5,Dense Urban,Clear,-109.45,Poor
2076.48,557.26,19.64,11.73,0.67,36.34,1.36,4.0,41.4,Indoor,Clear,-155.28,Poor
2390.4,188.46,23.42,13.71,0.79,46.8,1.46,7.0,42.2,Indoor,Clear,-131.77,Poor
3492.57,46.51,46.39,15.39,4.16,36.07,1.47,9.0,51.1,Dense Urban,Clear,-78.03,Good
2612.42,3253.98,23.85,3.68,2.87,14.5,1.44,6.0,39.0,Dense Urban,Storm,-190.18,Poor
839.97,62.76,38.26,10.77,1.15,31.56,1.87,4.0,22.0,Suburban,Clear,-44.16,Excellent
2570.48,22.34,32.23,16.8,1.67,35.6,2.25,7.0,62.0,Dense Urban,Clear,-70.99,Good
5775.06,34.52,29.34,6.54,4.09,46.81,1.41,5.0,52.3,Suburban,Fog,-64.01,Excellent
3499.82,63.16,48.1,12.06,1.06,21.26,1.27,6.0,42.7,Indoor,Clear,-92.92,Fair
2081.31,,42.06,6.52,3.02,24.45,1.24,5.0,87.9,Indoor,Fog,-126.74,Poor
2399.68,15.1,36.46,14.86,2.54,42.94,1.36,13.0,68.2,Dense Urban,Fog,-74.35,Good
904.45,2029.85,23.01,13.89,4.78,34.39,1.46,6.0,44.9,Dense Urban,Clear,-149.86,Poor
2626.01,2334.98,47.38,17.19,3.81,27.82,1.73,4.0,48.5,Indoor,,-150.19,Poor
909.33,72.31,19.5,13.18,3.58,38.89,2.17,6.0,10.0,Dense Urban,Clear,-94.46,Fair
1771.86,1237.5,39.48,9.83,3.76,11.2,1.23,6.0,34.8,Urban,Clear,-120.53,Poor
892.84,415.48,38.99,10.66,4.74,25.45,1.57,5.0,59.8,Indoor,Clear,-123.15,Poor
1817.61,1913.5,46.06,14.47,1.28,26.6,1.23,3.0,84.3,Suburban,Clear,-78.12,Good
1785.63,55.91,18.55,13.81,0.17,13.4,2.49,5.0,39.6,Indoor,Fog,-114.72,Poor
725.5,443.62,24.5,3.88,1.45,48.59,2.1,11.0,46.8,Dense Urban,Rain,-143.1,Poor
3501.74,15.71,16.86,6.79,4.56,49.14,1.46,3.0,54.3,Indoor,Rain,-90.8,Fair
2075.55,10.61,24.11,12.92,3.5,33.95,1.33,5.0,58.7,Suburban,Clear,-43.18,Excellent
5784.5,2295.0,44.76,3.61,0.78,23.37,1.57,4.0,31.7,Suburban,Rain,-111.41,Poor
874.38,62.37,21.88,12.56,1.7,35.98,2.16,2.0,29.3,Suburban,Clear,-54.03,Excellent
2629.49,159.28,40.92,15.82,3.01,47.08,2.5,9.0,98.0,Dense Urban,Clear,-99.57,Fair
871.78,42.22,45.01,7.88,0.81,44.95,1.55,4.0,22.4,Urban,Clear,-48.08,Excellent
2389.24,2325.29,20.66,5.49,2.99,22.91,2.26,0.0,80.6,Rural,Fog,-80.06,Good
2116.13,109.11,30.9,15.66,0.37,38.46,2.28,4.0,62.3,Suburban,Clear,-61.99,Excellent
2083.33,30.44,,9.7,3.63,16.16,2.08,11.0,52.8,Dense Urban,Storm,-82.87,Good
2593.07,437.48,42.5,15.32,1.5,36.92,1.87,3.0,,Urban,Storm,-94.36,Fair
5011.83,35.85,21.43,3.25,2.14,19.45,2.41,7.0,88.9,Urban,Clear,-98.35,Fair
1828.13,50.54,47.51,5.39,0.07,42.43,2.05,1.0,56.3,Rural,Fog,-18.36,Excellent
4996.35,654.42,42.47,2.02,3.22,37.89,1.88,6.0,64.8,Urban,Clear,-122.97,Poor
849.75,3880.65,22.09,9.17,3.43,10.45,1.99,4.0,88.3,Indoor,Fog,-186.89,Poor
883.21,1089.45,27.95,16.11,4.37,32.46,2.2,7.0,74.2,Indoor,Clear,-150.62,Poor
1794.19,21.63,23.38,12.32,3.64,28.1,1.37,5.0,20.7,Indoor,Clear,-84.81,Good
5773.78,69.76,38.22,2.29,3.38,47.55,2.28,5.0,21.0,Indoor,Rain,-114.17,Poor
871.52,1410.47,43.23,2.4,2.1,31.94,2.3,1.0,59.3,Suburban,Rain,-80.13,Good
1771.4,55.29,41.61,13.53,0.36,14.48,1.66,5.0,38.5,Suburban,Clear,-48.84,Excellent
2111.01,994.09,48.68,3.48,3.22,41.74,1.28,5.0,58.4,Urban,Clear,-108.17,Poor
4986.39,187.65,16.84,5.52,0.11,45.12,2.21,3.0,61.7,Suburban,Clear,-93.98,Fair
2098.57,2437.77,47.32,13.17,3.29,32.18,2.34,9.0,89.6,Dense Urban,Rain,-147.69,Poor
5786.89,93.18,46.33,5.98,0.37,45.02,1.95,6.0,47.7,Urban,Clear,-79.24,Good
3494.0,3329.51,30.7,9.84,0.3,22.44,2.17,4.0,50.8,Urban,Storm,-153.08,Poor
3502.81,125.79,18.82,8.32,2.84,21.68,2.19,4.0,31.8,Indoor,Clear,-137.76,Poor
3508.45,912.2,22.77,7.5,4.6,45.41,1.58,7.0,52.6,Dense Urban,Clear,-155.37,Poor
876.42,33.64,46.44,6.04,3.62,26.7,1.35,0.0,32.1,Rural,Fog,-4.56,Excellent
2089.93,270.76,19.87,8.52,3.5,49.77,2.34,1.0,64.9,Rural,Clear,-55.89,Excellent
2405.09,68.71,17.31,4.92,3.97,47.42,1.53,13.0,46.3,Dense Urban,Clear,-127.48,Poor
924.1,10.82,22.57,17.27,2.3,31.47,1.76,5.0,48.2,Suburban,Rain,-32.8,Excellent
837.41,151.42,23.98,7.06,3.65,41.38,2.34,3.0,70.3,Suburban,Clear,-66.09,Excellent
871.9,29.21,43.05,13.66,2.39,41.99,1.62,5.0,54.4,Urban,Storm,-41.51,Excellent
3527.45,3865.39,20.15,6.68,4.75,24.25,1.74,5.0,70.7,Urban,Fog,-160.97,Poor
2620.85,1521.8,48.53,6.2,3.56,28.46,1.24,7.0,41.0,Urban,Fog,-117.34,Poor
904.19,990.73,28.89,9.72,1.51,46.12,1.3,5.0,70.1,Dense Urban,Clear,-135.28,Poor
3513.33,167.31,35.55,13.72,1.83,30.32,,7.0,32.9,Urban,Clear,-93.7,Fair
2598.86,50.04,38.28,2.06,3.2,22.04,2.43,2.0,72.0,Indoor,Clear,-93.55,Fair
5005.84,75.07,43.69,4.74,2.37,15.12,1.36,9.0,40.9,Urban,Clear,-93.32,Fair
5828.47,35.61,35.49,14.39,0.78,27.06,2.38,9.0,32.0,Urban,Rain,-86.1,Fair
4985.07,308.7,21.63,7.65,3.17,27.99,1.35,5.0,57.8,Dense Urban,Clear,-137.3,Poor
867.55,1547.43,43.44,15.69,3.09,29.74,2.35,1.0,87.0,Rural,Clear,-36.74,Excellent
3500.37,32.05,18.65,4.13,0.08,40.16,2.36,7.0,55.0,Indoor,Rain,-119.86,Poor
1780.61,10.29,37.74,15.01,1.91,49.11,1.24,5.0,55.3,Suburban,Rain,-23.61,Excellent
2108.61,21.83,46.51,11.95,3.66,25.58,1.65,0.0,27.6,Rural,Fog,-1.53,Excellent
2617.55,175.41,36.87,4.7,0.9,42.4,1.48,2.0,98.0,Suburban,Fog,-67.33,Excellent
2604.13,11.23,30.58,2.2,4.26,35.2,2.48,6.0,30.1,Dense Urban,Clear,-68.4,Excellent
2120.25,122.58,23.94,16.1,2.84,43.99,1.58,0.0,60.3,Rural,Rain,-39.54,Excellent
5791.95,19.95,44.37,6.62,2.03,27.03,1.91,3.0,60.8,Suburban,Rain,-43.39,Excellent
874.83,19.54,37.16,5.86,4.93,28.59,1.75,5.0,51.9,Suburban,Clear,-34.01,Excellent
708.9,838.14,42.59,4.94,3.19,22.08,1.88,2.0,65.6,Rural,Clear,-44.45,Excellent
718.19,4984.4,46.36,7.68,4.63,38.01,2.08,2.0,70.8,Rural,Clear,-50.26,Excellent
4986.38,33.49,38.79,10.38,5.0,21.19,1.67,6.0,17.2,Urban,Clear,-65.21,Excellent
2096.77,41.65,30.94,9.64,2.3,26.37,2.36,2.0,88.2,Rural,Clear,-31.43,Excellent
2124.58,63.1,36.51,15.62,1.81,30.63,1.5,7.0,39.1,Indoor,Rain,-100.57,Poor
2573.05,1315.18,30.08,5.16,4.34,42.85,2.32,2.0,46.1,Rural,Clear,-69.42,Excellent
2094.24,231.95,25.5,13.94,0.05,35.95,1.93,2.0,38.9,Rural,Fog,-53.9,Excellent
2416.82,346.93,31.12,16.55,2.31,31.47,2.4,3.0,31.9,Suburban,Clear,-73.05,Good
714.63,298.54,30.23,2.59,3.22,13.08,2.29,5.0,80.2,Urban,Clear,-103.25,Poor
871.1,3387.95,24.71,14.02,4.05,12.74,2.18,11.0,48.7,Dense Urban,Storm,-178.28,Poor
5814.36,12.42,22.19,6.39,3.43,24.32,1.64,2.0,71.9,Rural,Clear,-41.93,Excellent
2126.83,26.68,37.49,9.16,0.1,10.97,1.48,2.0,72.7,Rural,Rain,-31.66,Excellent
849.9,107.48,22.81,2.98,3.37,19.0,2.38,1.0,84.9,Suburban,Clear,-67.82,Excellent
1807.46,207.58,20.98,6.71,3.26,48.04,1.39,7.0,29.1,Indoor,Clear,-142.69,Poor
1820.86,20.3,45.43,3.79,0.05,18.66,1.24,8.0,43.1,Urban,Clear,-63.35,Excellent
912.1,2574.18,45.87,5.73,1.5,41.98,2.29,8.0,64.0,Dense Urban,Fog,-143.86,Poor
876.12,675.34,22.29,2.52,2.35,36.36,2.26,5.0,75.2,Indoor,Clear,-156.05,Poor
3492.02,3281.68,21.74,17.02,3.16,15.02,2.39,8.0,35.9,Urban,Rain,-160.22,Poor
853.16,3460.94,27.26,16.33,3.4,18.16,2.17,9.0,32.8,Urban,Clear,-144.59,Poor
1815.28,241.72,23.27,12.42,2.72,11.2,2.29,3.0,67.9,Indoor,Clear,-132.92,Poor
2102.61,2005.6,47.55,7.2,4.97,11.21,1.37,0.0,56.0,Rural,Clear,-51.66,Excellent
2416.65,973.82,20.84,17.09,3.43,45.5,1.99,1.0,40.8,Rural,Clear,-60.57,Excellent
5020.26,93.97,33.85,17.55,0.83,49.19,2.39,8.0,25.7,Urban,Clear,-87.78,Fair
5785.91,594.52,27.98,14.71,3.64,47.16,2.38,4.0,34.1,Suburban,Rain,-93.79,Fair
906.97,3727.66,29.83,12.91,1.07,24.19,2.37,11.0,66.7,Dense Urban,Rain,-173.67,Poor
2403.43,1153.55,43.71,7.26,0.84,12.95,2.13,1.0,76.9,Suburban,Rain,-90.24,Fair
683.64,821.64,23.77,16.13,3.15,40.56,1.67,5.0,75.8,Indoor,Fog,-145.42,Poor
2599.39,39.7,45.99,10.0,2.57,21.4,1.45,10.0,35.5,Dense Urban,Storm,-87.35,Fair
852.91,1750.62,47.1,12.12,4.73,17.78,1.3,8.0,76.9,Dense Urban,Clear,-132.16,Poor
719.04,112.64,30.66,4.77,2.92,28.37,1.33,6.0,80.6,Urban,,-90.14,Fair
2597.66,483.47,29.81,2.34,2.61,13.23,1.41,6.0,62.5,Indoor,Clear,-158.79,Poor
824.85,674.78,23.81,17.8,0.68,10.99,1.93,4.0,57.6,Indoor,Rain,-144.9,Poor
2099.24,245.82,42.03,11.94,4.31,30.16,1.24,2.0,67.0,Suburban,Rain,-58.09,Excellent
870.28,27.98,43.96,12.96,1.58,35.16,1.43,2.0,23.8,Rural,Clear,-5.53,Excellent
3504.28,762.8,28.73,2.81,2.08,34.4,1.66,5.0,19.4,Indoor,Fog,-168.96,Poor
3489.13,46.48,43.73,8.74,2.51,11.01,2.04,2.0,53.3,Rural,Clear,-29.54,Excellent
2425.26,52.02,30.69,6.55,4.78,13.48,2.31,8.0,52.1,Urban,Clear,-85.84,Fair
4979.34,21.99,42.55,15.37,1.29,17.43,1.73,10.0,10.0,Dense Urban,Rain,-82.56,Good
2089.61,471.2,43.95,9.77,3.42,23.36,1.66,2.0,59.1,Rural,Clear,-39.74,Excellent
846.23,20.74,32.31,8.15,3.53,39.14,1.87,3.0,74.2,Suburban,Clear,-33.36,Excellent
864.28,85.45,35.47,4.37,0.12,11.01,1.98,7.0,81.9,Dense Urban,Rain,-105.46,Poor
920.14,2516.48,38.43,8.14,1.96,17.5,1.67,6.0,61.5,Dense Urban,Clear,-150.42,Poor
873.51,167.04,21.63,7.79,0.2,39.77,2.04,2.0,44.4,Suburban,Clear,-70.35,Good
1817.52,2595.62,19.69,14.59,0.73,25.56,1.72,4.0,79.1,Suburban,Clear,-112.84,Poor
913.23,213.71,24.2,15.56,0.39,28.18,1.45,2.0,78.7,Indoor,Clear,-117.2,Poor
2423.68,30.39,22.62,8.07,1.26,14.13,2.3,2.0,58.6,Rural,Clear,-44.11,Excellent
874.03,1117.61,24.88,8.56,3.47,21.88,1.47,5.0,69.1,Urban,Clear,-122.78,Poor
2616.65,89.94,41.89,17.6,0.74,23.58,2.23,4.0,69.5,Suburban,Rain,-53.17,Excellent
1781.41,4058.01,39.17,8.05,1.97,48.31,1.96,4.0,97.1,Urban,Rain,-136.48,Poor
2588.83,50.99,18.33,12.06,2.86,32.23,2.18,2.0,10.0,Suburban,Clear,-63.29,Excellent
2426.18,1655.58,46.13,4.16,1.02,15.32,1.21,5.0,72.0,Suburban,Rain,-103.14,Poor
5805.89,215.24,21.78,8.86,1.29,39.95,1.48,8.0,51.1,Dense Urban,Rain,-144.94,Poor
2102.33,1874.52,48.24,5.87,2.78,47.15,1.77,6.0,56.2,Urban,Clear,-119.78,Poor
924.94,31.19,22.66,5.89,3.5,11.44,2.33,6.0,70.9,Urban,Rain,-81.04,Good
2422.45,513.16,19.19,5.75,2.38,30.91,1.33,6.0,55.3,Indoor,Clear,-161.7,Poor
2613.65,20.21,21.68,9.6,1.82,26.18,1.94,9.0,60.3,Urban,Clear,-82.32,Good
2122.94,1493.01,31.1,6.71,4.25,34.86,2.29,9.0,51.1,Urban,Clear,-139.28,Poor
2376.83,43.25,45.5,15.07,4.17,14.29,1.22,12.0,65.6,Dense Urban,Clear,-84.56,Good
2115.45,142.57,35.51,9.18,1.36,16.07,1.25,5.0,63.3,Indoor,Clear,-118.6,Poor
1827.94,589.47,18.31,2.88,3.58,32.12,1.72,0.0,36.0,Rural,Clear,-67.2,Excellent
1772.94,195.29,24.91,9.02,3.12,29.48,1.32,2.0,64.6,Suburban,Clear,-71.0,Good
5783.38,1265.38,30.63,3.59,0.35,37.94,1.31,7.0,70.0,Dense Urban,Rain,-172.82,Poor
2617.64,720.03,37.26,4.35,0.32,38.76,1.48,3.0,60.3,Urban,Clear,-109.79,Poor
701.2,22.49,46.74,4.16,0.0,42.9,1.82,2.0,79.1,Rural,Clear,-7.59,Excellent
5775.2,1223.36,17.08,14.68,0.73,40.02,1.63,9.0,52.8,Urban,Clear,-151.93,Poor
3486.08,138.98,19.51,8.87,0.59,47.84,2.46,4.0,35.5,Suburban,Clear,-84.19,Good
689.44,410.52,42.55,2.02,0.51,33.93,1.78,3.0,57.6,Suburban,Clear,-67.33,Excellent
3489.26,38.42,21.47,10.19,2.02,40.86,1.95,5.0,54.2,Suburban,Rain,-70.96,Good
2422.66,138.65,40.8,5.22,3.61,46.57,1.69,7.0,26.4,Urban,Clear,-87.06,Fair
5809.72,1605.07,31.58,13.48,2.29,29.07,1.34,5.0,69.0,Dense Urban,Clear,-155.05,Poor
2114.1,3161.93,32.69,17.07,2.76,14.74,1.75,5.0,94.9,Indoor,Rain,-176.42,Poor
2370.81,3415.95,17.42,4.73,1.68,43.56,1.79,2.0,54.1,Rural,Storm,-97.46,Fair
1795.65,775.39,43.02,6.42,3.29,14.73,2.44,3.0,42.6,Suburban,Clear,-81.43,Good
1789.07,16.33,23.75,13.4,1.66,23.35,2.36,13.0,13.0,Dense Urban,Rain,-86.48,Fair
2621.12,156.55,21.31,12.12,1.55,41.35,1.21,4.0,62.8,Urban,Fog,-100.7,Poor
5027.23,33.2,33.75,15.25,4.72,18.41,1.56,5.0,74.0,Indoor,Rain,-90.63,Fair
4995.4,763.56,20.51,12.39,2.2,18.53,1.95,3.0,48.4,Indoor,Clear,-166.9,Poor
3528.38,27.26,22.67,5.06,2.23,43.11,2.12,2.0,52.2,Rural,Rain,-47.17,Excellent
2570.86,4349.6,22.58,15.37,0.36,23.61,1.78,2.0,20.3,Rural,Clear,-83.12,Good
2389.54,33.5,40.1,4.57,4.61,30.39,2.13,3.0,60.3,Urban,Clear,-56.77,Excellent
1816.5,13.88,42.68,3.34,1.84,20.48,2.13,4.0,32.1,Urban,Rain,-49.41,Excellent
3491.61,1891.07,46.67,17.03,3.4,24.61,2.12,5.0,66.4,Suburban,Rain,-91.17,Fair
1825.26,35.15,45.82,11.34,3.36,41.3,1.53,2.0,57.6,Suburban,Fog,-27.5,Excellent
883.11,11.61,23.36,7.3,4.43,44.46,1.21,3.0,50.8,Urban,Rain,-46.46,Excellent
5017.74,301.47,23.83,6.1,4.39,28.77,1.45,4.0,78.3,Suburban,Clear,-94.22,Fair
2382.1,4129.84,24.34,3.36,0.77,30.03,1.66,1.0,32.3,Rural,Rain,-89.73,Fair
1781.83,52.72,21.83,10.96,0.54,37.25,1.78,3.0,91.2,Indoor,Storm,-111.84,Poor
4996.74,126.8,20.23,15.92,4.45,21.33,1.32,4.0,64.3,Urban,Rain,-101.82,Poor
5826.7,43.66,37.28,12.88,1.37,40.27,2.1,5.0,54.6,Indoor,Clear,-94.64,Fair
1805.13,320.62,17.53,14.19,4.18,47.83,1.39,2.0,43.9,Rural,Rain,-55.65,Excellent
2408.1,74.34,18.57,11.57,2.04,16.85,1.57,1.0,73.7,Rural,Rain,-54.0,Excellent
2070.58,394.52,31.34,2.16,1.74,24.67,1.62,10.0,45.7,Dense Urban,Fog,-146.0,Poor
3473.4,195.06,42.31,9.12,0.89,15.31,1.96,5.0,79.3,Suburban,Clear,-71.19,Good
5774.02,3214.51,33.92,2.57,4.86,14.39,2.15,7.0,82.5,Indoor,Clear,-199.16,Poor
2419.18,643.22,31.44,3.3,0.32,33.58,1.6,6.0,38.3,Dense Urban,Clear,-144.51,Poor
3484.21,695.51,23.68,4.81,2.62,21.19,2.29,4.0,64.9,Suburban,Rain,-110.89,Poor
2389.73,205.57,45.27,16.23,3.59,20.44,1.66,3.0,25.5,Indoor,Clear,-100.35,Poor
5006.6,65.79,24.16,5.44,2.09,25.78,2.25,1.0,76.7,Rural,Fog,-54.92,Excellent
2105.04,70.37,46.28,9.23,1.48,37.64,1.41,2.0,63.0,Rural,Storm,-25.94,Excellent
1794.63,229.22,17.88,16.02,0.79,21.78,1.67,5.0,51.8,Suburban,Storm,-89.61,Fair
2070.26,32.96,44.0,12.85,0.98,31.23,1.96,5.0,16.5,Indoor,Rain,-76.8,Good
5796.98,22.77,45.1,4.12,4.72,42.27,1.86,4.0,67.2,Urban,Rain,-62.16,Excellent
2614.33,101.16,29.11,9.4,2.06,12.86,1.67,3.0,54.9,Urban,Clear,-84.82,Good
834.11,22.5,27.26,14.33,0.16,17.29,1.48,9.0,33.2,Urban,Fog,-69.81,Excellent
712.5,41.96,44.4,9.1,1.96,31.13,1.86,1.0,60.5,Rural,Clear,-7.41,Excellent
2370.91,277.98,45.64,5.48,3.05,20.97,1.32,4.0,83.7,Urban,Clear,-89.0,Fair
5024.48,1356.57,20.12,12.3,3.09,47.63,1.71,5.0,85.9,Urban,Storm,-146.37,Poor
2127.0,40.43,39.19,8.52,0.47,12.83,1.29,6.0,50.1,Urban,Clear,-70.58,Good
2370.15,1369.87,43.03,10.22,1.31,23.16,1.76,5.0,31.4,Urban,Rain,-121.52,Poor
3497.47,11.01,29.26,4.0,3.68,10.21,2.45,9.0,75.3,Urban,Clear,-79.21,Good
2394.83,4908.34,46.2,16.48,4.93,10.22,1.83,11.0,27.3,Dense Urban,Clear,-165.67,Poor
5820.51,248.43,36.44,16.74,2.56,12.71,1.96,4.0,35.9,Suburban,Clear,-80.36,Good
2602.44,192.49,22.63,6.85,0.43,26.37,1.85,9.0,69.7,Dense Urban,Clear,-134.92,Poor
3506.68,569.94,20.69,6.68,4.37,23.34,1.48,8.0,79.4,Urban,Clear,-138.04,Poor
3482.15,191.64,19.56,4.73,2.19,26.93,1.34,3.0,68.5,Indoor,Clear,-143.11,Poor
2574.62,126.25,44.17,11.37,3.67,24.63,1.63,1.0,50.7,Rural,Rain,-27.18,Excellent
711.54,100.29,43.67,5.18,1.22,13.0,1.87,13.0,68.4,Dense Urban,Clear,-105.92,Poor
2107.24,,30.73,11.83,4.36,34.24,2.11,1.0,78.3,Rural,Fog,-69.42,Excellent
,2114.24,29.08,17.13,1.33,23.13,2.04,3.0,65.5,Indoor,Clear,-156.31,Poor
2420.68,226.98,34.51,4.89,3.47,31.44,1.89,12.0,13.3,Dense Urban,Clear,-131.74,Poor
857.86,1809.51,44.75,5.61,2.0,42.05,1.66,,43.2,,Fog,-86.86,Fair
2402.3,25.26,35.88,3.46,1.83,46.43,1.54,8.0,74.4,Dense Urban,Rain,-84.8,Good
1824.84,268.51,37.44,7.04,0.95,44.92,2.17,2.0,41.9,Rural,Clear,-44.18,Excellent
718.08,164.06,35.78,16.11,4.2,24.65,2.36,7.0,74.0,Urban,Clear,-75.68,Good
872.95,75.31,17.8,2.26,2.2,17.06,2.02,4.0,63.9,Indoor,Clear,-119.98,Poor
2429.75,3011.91,41.28,12.18,2.08,32.38,1.33,0.0,62.2,Rural,Rain,-59.85,Excellent
694.21,1765.53,46.58,,0.55,44.88,2.23,4.0,79.8,Suburban,Clear,-78.15,Good
5013.02,2806.71,21.03,7.08,0.71,42.23,1.97,2.0,50.6,Suburban,Rain,-125.42,Poor
3511.28,518.12,19.24,4.76,1.85,28.26,2.05,7.0,70.1,Urban,Clear,-141.12,Poor
3480.45,103.61,29.4,15.32,0.22,41.0,2.1,13.0,52.1,Dense Urban,Clear,-119.93,Poor
858.19,1103.1,43.92,15.16,2.99,17.42,1.8,2.0,63.1,Suburban,Clear,-68.62,Excellent
3495.69,19.63,20.25,2.65,0.94,11.02,1.86,3.0,74.2,Suburban,Clear,-70.08,Good
2597.04,2006.49,44.78,11.23,3.64,46.54,1.61,5.0,38.3,Urban,Clear,-117.86,Poor
1780.81,11.96,22.76,8.64,3.24,47.98,2.01,4.0,59.9,Suburban,Clear,-42.93,Excellent
714.68,1615.59,21.75,2.1,2.36,39.05,1.84,11.0,34.1,Dense Urban,Clear,-171.12,Poor
2411.88,794.17,24.63,6.89,1.01,23.49,1.65,0.0,47.7,Rural,Rain,-72.25,Good
3501.94,17.33,36.53,5.01,3.87,13.36,1.5,10.0,46.1,Dense Urban,Clear,-84.48,Good
679.4,24.93,35.82,14.22,4.96,11.39,2.02,0.0,41.6,Rural,Fog,-3.42,Excellent
703.41,166.34,31.34,9.16,3.56,10.97,1.78,4.0,73.7,Urban,Clear,-83.07,Good
1776.01,64.47,39.17,14.77,3.63,21.74,1.46,4.0,55.4,Indoor,Clear,-89.24,Fair
2390.36,2191.78,43.27,17.5,0.98,20.78,2.21,6.0,98.0,Urban,Clear,-121.15,Poor
2092.34,33.15,41.49,8.42,2.01,20.33,1.9,0.0,56.4,Rural,Rain,-19.35,Excellent
2123.01,133.56,45.3,10.89,0.41,45.42,2.02,1.0,44.0,Rural,Clear,-22.97,Excellent
,50.47,37.57,17.57,0.41,16.94,1.93,5.0,71.6,Urban,Clear,-54.48,Excellent
705.91,22.04,23.33,4.66,2.23,14.72,2.01,8.0,65.3,Urban,Rain,-75.72,Good
722.49,50.24,42.39,2.87,1.25,26.18,1.32,4.0,75.4,Indoor,Clear,-86.26,Fair
695.55,2094.5,44.69,9.51,3.23,41.19,1.57,5.0,46.5,Indoor,Clear,-150.66,Poor
2623.02,853.32,44.34,9.81,4.66,28.9,2.21,7.0,48.3,Urban,Storm,-116.77,Poor
3478.19,2934.31,41.19,16.86,2.15,36.63,2.24,0.0,60.6,Rural,Clear,-54.01,Excellent
2091.89,124.12,22.84,9.29,0.63,36.1,1.27,8.0,52.5,Urban,Rain,-107.61,Poor
675.68,44.55,35.71,9.1,1.03,16.11,2.15,1.0,78.6,Rural,Rain,-19.48,Excellent
2103.66,11.78,44.44,9.97,2.29,39.64,1.5,1.0,32.5,Rural,Fog,-2.78,Excellent
5827.44,216.98,48.07,9.13,2.32,14.82,2.28,6.0,73.3,Indoor,Clear,-126.21,Poor
909.42,12.8,23.32,16.38,2.73,38.51,1.7,1.0,95.7,Rural,Clear,-7.49,Excellent
2107.56,10.27,44.68,11.88,4.51,46.94,1.59,11.0,73.0,Dense Urban,Clear,-52.48,Excellent
2386.69,428.64,23.94,14.74,4.56,,1.58,1.0,74.5,Suburban,Clear,-80.45,Good
1825.87,27.85,32.09,4.47,3.2,15.06,2.09,1.0,56.6,Rural,Clear,-29.24,Excellent
2098.29,324.21,46.51,16.02,0.77,49.52,2.08,4.0,32.9,Urban,Clear,-78.39,Good
2086.02,353.12,18.88,17.52,0.84,48.86,1.98,0.0,13.0,Rural,Clear,-50.14,Excellent
2129.26,898.71,23.46,17.31,1.5,29.47,2.44,12.0,64.8,Dense Urban,Clear,-159.67,Poor
3495.39,108.16,43.92,17.72,3.62,16.01,1.6,4.0,53.3,Indoor,Clear,-95.01,Fair
2392.29,800.19,44.54,13.16,4.2,35.53,2.0,8.0,30.5,Urban,Clear,-105.75,Poor
672.1,97.21,19.61,12.74,3.27,31.07,1.77,5.0,89.4,Suburban,Clear,-62.49,Excellent
680.7,18.36,43.09,3.08,4.22,25.56,1.94,7.0,46.1,Dense Urban,Clear,-57.62,Excellent
2118.55,68.65,35.2,6.53,1.2,39.24,1.39,4.0,57.7,Suburban,Clear,-57.4,Excellent
5798.96,10.48,46.37,14.59,3.4,19.56,2.39,5.0,58.8,Suburban,Clear,-27.82,Excellent
727.29,177.08,30.78,7.78,1.36,41.12,2.33,4.0,70.2,Suburban,Rain,-65.68,Excellent
675.03,995.58,36.68,11.93,3.28,35.99,2.44,7.0,65.3,Indoor,Clear,-141.47,Poor
2606.96,1312.23,19.76,11.38,0.14,14.65,2.16,0.0,36.0,Rural,Rain,-79.07,Good
2113.2,42.31,37.16,11.29,3.05,27.09,2.11,2.0,25.9,Rural,Fog,-24.48,Excellent
907.27,19.28,32.72,7.93,4.45,30.72,1.27,5.0,53.6,Suburban,Storm,-42.05,Excellent
901.79,31.66,30.69,16.16,1.31,29.13,1.77,4.0,48.0,Urban,Clear,-51.22,Excellent
2604.7,4518.68,23.02,5.98,4.32,28.74,1.25,1.0,70.4,Rural,Clear,-86.14,Fair
2411.37,69.56,29.44,14.33,0.27,41.64,2.41,5.0,40.8,Urban,Clear,-73.4,Good
2621.8,144.09,23.87,2.41,3.28,31.64,1.97,4.0,60.6,Indoor,Clear,-129.18,Poor
890.18,16.0,46.31,15.41,2.1,18.98,1.28,6.0,74.3,Urban,Clear,-30.87,Excellent
2397.58,1350.14,31.06,14.13,0.14,33.44,1.98,3.0,27.1,Suburban,Clear,-97.84,Fair
5008.15,162.35,28.36,17.66,3.21,21.67,2.04,4.0,63.2,Urban,Clear,-90.01,Fair
1788.85,17.21,46.18,3.93,0.8,17.81,2.47,,58.3,Dense Urban,Clear,-60.92,Excellent
1780.73,189.0,29.31,14.86,2.48,49.79,2.05,7.0,44.4,Urban,Clear,-92.48,Fair
877.97,841.6,43.56,6.94,1.23,35.32,2.25,4.0,22.6,Suburban,Rain,-78.33,Good
2581.68,189.11,43.08,5.97,0.62,23.24,2.21,1.0,10.0,Rural,Clear,-38.74,Excellent
683.96,4114.44,45.41,5.28,0.56,20.85,2.14,2.0,48.2,Suburban,Rain,-91.72,Fair
907.12,2252.13,30.81,13.49,3.15,26.57,1.34,5.0,59.1,Urban,Fog,-124.52,Poor
3474.64,245.16,38.06,17.08,0.99,40.93,1.63,8.0,63.5,Urban,Rain,-99.94,Fair
672.04,3454.63,42.95,12.43,1.55,40.52,2.18,8.0,44.0,Urban,Clear,-124.03,Poor
5773.84,1548.5,33.76,6.25,1.01,32.52,2.36,2.0,78.8,Indoor,Clear,-170.09,Poor
2077.4,98.62,23.96,8.4,0.63,42.83,1.41,5.0,76.5,Indoor,Clear,-121.36,Poor
1795.75,1207.85,39.38,5.86,0.01,31.13,1.2,7.0,46.4,Urban,Clear,-127.52,Poor
2419.76,231.89,18.74,3.12,2.41,41.87,2.31,0.0,50.7,Rural,Clear,-61.5,Excellent
2590.52,285.13,45.36,14.28,3.85,42.07,1.51,2.0,52.2,Rural,Rain,-31.08,Excellent
2095.65,254.18,38.21,3.67,0.35,32.5,1.88,4.0,57.6,Urban,Clear,-95.81,Fair
5006.02,1476.06,24.25,12.39,0.86,17.32,2.49,1.0,64.0,Rural,Clear,-78.5,Good
5788.13,3014.43,31.65,8.85,4.45,39.4,2.17,1.0,87.7,Rural,Rain,-80.79,Good
895.95,72.84,21.52,3.16,4.57,43.35,1.41,13.0,34.3,Dense Urban,Rain,-116.06,Poor
3493.18,540.16,40.7,6.82,4.81,31.26,2.4,0.0,47.2,Rural,Clear,-44.46,Excellent
1790.51,496.66,36.28,3.21,3.14,38.33,1.48,0.0,59.2,Rural,Clear,-47.92,Excellent
5793.3,2485.01,20.94,12.07,0.08,29.55,2.27,7.0,37.5,Indoor,Clear,-200.98,Poor
870.67,161.07,29.87,12.67,0.64,10.26,1.21,8.0,45.1,Urban,Clear,-97.81,Fair
923.18,32.6,20.55,16.32,1.1,41.25,1.51,9.0,92.7,Dense Urban,Fog,-85.65,Fair
3528.64,35.33,29.8,6.58,1.76,28.07,1.34,9.0,77.3,Urban,Clear,-87.67,Fair
3521.75,13.75,45.35,4.82,1.75,48.56,1.92,9.0,63.8,Urban,Clear,-55.83,Excellent
820.34,18.7,36.64,9.59,0.89,11.14,1.98,4.0,52.3,Urban,Clear,-48.47,Excellent
2415.05,65.01,28.32,15.03,0.88,44.75,2.12,2.0,37.4,Rural,Rain,-38.07,Excellent
1804.39,18.92,35.91,11.05,4.77,15.47,1.58,5.0,70.9,Indoor,Clear,-76.0,Good
2575.65,2244.14,36.9,17.1,0.45,13.22,2.43,6.0,72.6,Indoor,Clear,-171.08,Poor
2425.97,94.86,19.93,3.42,0.1,26.22,1.22,0.0,40.3,Rural,Clear,-56.37,Excellent
5816.57,98.74,23.85,13.51,0.12,17.26,1.62,12.0,66.5,Dense Urban,Clear,-132.77,Poor
5778.72,1107.87,42.57,12.61,2.79,36.22,1.28,3.0,24.6,Suburban,Clear,-88.42,Fair
2627.84,65.06,48.51,5.89,1.11,34.25,1.68,6.0,73.1,Dense Urban,Clear,-82.84,Good
2577.57,851.64,21.84,5.33,2.4,43.46,2.43,5.0,33.1,Dense Urban,Fog,-152.62,Poor
4997.28,1658.42,45.25,8.11,2.33,44.01,1.59,8.0,74.1,Urban,Clear,-131.09,Poor
829.54,93.78,20.3,7.16,4.52,21.69,1.6,12.0,73.0,Dense Urban,Clear,-122.93,Poor
3479.01,194.8,38.82,7.36,0.81,40.91,1.58,8.0,90.9,Dense Urban,Clear,-119.76,Poor
3528.07,74.08,42.04,13.56,1.56,47.63,2.27,3.0,71.3,Urban,Clear,-62.92,Excellent
854.33,138.71,21.88,3.44,3.4,22.82,1.97,2.0,93.2,Rural,Clear,-49.13,Excellent
4985.55,369.33,47.95,13.97,2.64,24.32,1.74,3.0,38.0,Urban,Clear,-87.31,Fair
2616.58,87.83,47.04,9.99,2.92,16.11,1.68,12.0,32.4,Dense Urban,Clear,-103.84,Poor
1822.51,178.93,31.61,4.78,2.33,49.84,2.09,5.0,58.5,Suburban,Storm,-79.63,Good
2125.06,218.42,46.47,12.71,4.1,48.15,2.48,3.0,26.4,Indoor,Clear,-96.51,Fair
2125.98,11.64,19.62,7.98,0.6,38.35,1.79,6.0,98.0,Urban,Fog,-67.08,Excellent
5824.33,27.65,34.99,4.13,4.76,10.95,1.49,2.0,82.0,Suburban,Rain,-58.93,Excellent
5808.34,289.17,23.21,11.41,0.91,30.52,1.72,3.0,40.4,Indoor,Clear,-145.46,Poor
4990.55,10.17,38.85,7.12,0.93,44.91,1.43,7.0,34.1,Urban,Clear,-53.6,Excellent
2625.53,795.42,24.87,6.54,1.16,13.56,2.06,2.0,54.9,Rural,Fog,-74.6,Good
827.35,2778.58,31.61,9.64,3.71,26.81,1.23,2.0,54.4,Suburban,Clear,-93.67,Fair
5780.13,1087.83,44.18,10.32,2.99,13.71,1.77,2.0,23.8,Rural,Clear,-59.35,Excellent
846.03,70.45,26.32,13.25,0.52,45.83,1.24,6.0,57.4,Indoor,Fog,-99.59,Fair
837.02,163.72,43.67,9.87,4.37,35.39,1.24,2.0,59.8,Suburban,Clear,-43.67,Excellent
706.94,570.51,43.35,10.54,4.94,34.81,1.69,4.0,95.2,Urban,Rain,-85.78,Fair
5824.32,686.24,21.59,11.13,2.49,22.67,2.18,2.0,62.9,Suburban,Clear,-103.06,Poor
2099.46,4347.45,45.33,16.84,0.11,26.31,2.07,6.0,76.5,Urban,Clear,-131.56,Poor
903.23,214.06,22.17,3.62,2.56,40.27,2.37,6.0,67.5,Urban,Rain,-105.98,Poor
695.39,47.15,38.51,12.61,2.9,13.56,1.76,5.0,65.7,Suburban,Rain,-40.89,Excellent
2112.45,94.96,36.33,2.6,0.98,37.89,1.41,0.0,41.7,Rural,Fog,-37.14,Excellent
3476.04,3087.78,43.63,6.15,0.17,29.88,1.3,10.0,34.3,Dense Urban,Storm,-178.15,Poor
5772.92,510.11,29.84,14.65,2.44,26.68,1.52,4.0,62.0,Suburban,Clear,-89.51,Fair
2408.48,2150.74,29.98,7.78,4.36,35.34,1.85,9.0,47.1,Dense Urban,Clear,-164.72,Poor
2602.09,900.09,30.5,2.43,1.24,10.7,1.56,3.0,36.2,Suburban,Clear,-107.64,Poor
4994.44,4033.37,47.38,10.21,1.85,31.25,2.19,5.0,59.1,Indoor,Clear,-176.92,Poor
5790.04,225.32,45.84,9.0,4.52,32.7,2.06,2.0,33.8,Indoor,Clear,-115.81,Poor
873.11,3662.4,24.34,16.83,3.05,14.47,1.76,5.0,85.2,Indoor,Clear,-181.09,Poor
5810.83,2460.32,21.56,17.08,2.85,14.68,2.13,7.0,44.4,Urban,Clear,-153.87,Poor
2395.29,1885.76,45.37,6.46,1.64,25.4,1.8,1.0,10.0,Rural,Rain,-60.29,Excellent
5796.72,3424.4,25.83,15.13,4.81,46.88,1.26,3.0,75.6,Urban,Clear,-146.59,Poor
873.61,262.07,24.12,10.24,3.49,34.39,2.16,2.0,88.0,Suburban,Clear,-66.08,Excellent
714.25,1011.28,19.35,10.64,0.51,32.37,2.06,2.0,51.7,Rural,Clear,-64.28,Excellent
4983.17,315.38,20.92,3.83,0.23,48.96,1.88,5.0,54.4,Urban,Clear,-128.04,Poor
2609.43,1244.82,21.56,15.38,3.08,31.55,1.39,8.0,46.7,Dense Urban,Clear,-157.8,Poor
827.94,1151.72,37.88,11.7,1.35,11.04,1.87,9.0,93.1,Urban,Clear,-121.83,Poor
4981.64,1114.06,37.3,17.28,0.54,43.47,1.54,6.0,52.3,Dense Urban,Clear,-139.61,Poor
862.85,143.34,14.82,14.53,3.66,48.27,2.46,3.0,31.1,Indoor,Fog,-114.93,Poor
2577.55,1409.8,35.55,9.47,4.33,48.82,1.8,12.0,42.0,Dense Urban,Storm,-163.44,Poor
886.81,2320.7,24.02,15.72,2.25,18.45,2.22,4.0,72.0,Urban,Rain,-128.7,Poor
723.88,521.47,35.52,7.09,1.51,31.73,1.94,4.0,78.0,Urban,Clear,-98.76,Fair
5014.3,168.69,43.77,15.81,0.68,26.26,2.27,3.0,72.0,Urban,Clear,-78.99,Good
5025.77,2008.59,31.33,3.85,3.39,27.64,1.8,5.0,47.4,Suburban,Clear,-119.53,Poor
872.91,1261.87,22.83,7.38,0.07,22.85,1.95,2.0,62.1,Rural,Rain,-70.98,Good
688.75,185.11,43.35,15.89,3.41,11.11,1.83,8.0,28.7,Urban,Clear,-76.29,Good
2607.94,367.32,41.89,2.38,4.78,18.05,2.43,5.0,49.1,Indoor,Clear,-136.49,Poor
692.72,709.61,47.03,15.9,1.95,13.53,1.37,5.0,38.6,Suburban,Clear,-64.22,Excellent
3511.83,720.71,21.89,2.64,3.64,29.43,1.65,6.0,98.0,Dense Urban,Clear,-153.43,Poor
5790.91,69.1,19.88,12.54,0.28,17.31,1.92,3.0,43.9,Urban,Clear,-96.72,Fair
3470.08,61.65,30.12,12.21,1.71,30.06,1.32,7.0,70.2,Urban,Rain,-86.16,Fair
875.64,2482.69,20.8,2.92,2.28,18.01,2.29,5.0,81.5,Urban,Clear,-146.2,Poor
866.26,3380.38,30.14,15.41,3.23,37.26,2.33,3.0,73.6,Suburban,Clear,-92.98,Fair
2575.04,121.66,22.76,3.37,1.5,46.76,1.47,5.0,42.9,Indoor,Fog,-128.67,Poor
705.97,2918.62,33.54,15.62,3.24,33.33,2.42,3.0,98.0,Suburban,Clear,-84.63,Good
2421.47,186.37,42.19,17.73,3.62,14.16,2.0,0.0,44.5,Rural,Clear,-24.81,Excellent
2114.47,28.27,31.57,12.75,0.78,16.31,1.97,3.0,50.2,Suburban,Clear,-45.55,Excellent
3494.81,950.65,44.51,16.88,4.21,42.72,1.65,9.0,91.3,Urban,Clear,-109.26,Poor
882.52,13.3,29.71,12.01,3.43,26.64,1.94,9.0,66.0,Urban,Clear,-53.1,Excellent
3525.35,20.3,30.18,17.7,4.95,37.26,1.54,1.0,56.8,Suburban,Clear,-28.22,Excellent
2603.98,3465.34,23.0,14.75,3.88,37.07,1.25,2.0,56.9,Indoor,Fog,-182.73,Poor
894.33,249.49,18.88,12.87,3.81,18.52,2.16,5.0,18.9,Urban,Storm,-105.03,Poor
1826.52,52.35,18.75,17.82,0.09,21.7,2.45,3.0,17.9,Indoor,Fog,-103.08,Poor
682.9,197.98,22.39,9.74,2.11,38.79,1.32,3.0,66.3,Urban,Clear,-88.62,Fair
2096.54,363.48,35.29,9.74,1.54,10.48,1.97,0.0,49.6,Rural,Clear,-48.7,Excellent
876.52,530.17,19.25,15.63,3.87,29.59,1.53,6.0,38.1,Dense Urban,Rain,-132.51,Poor
827.49,87.06,29.71,12.79,3.29,15.39,1.69,5.0,64.8,Suburban,Clear,-58.45,Excellent
2393.92,111.07,20.24,4.31,2.55,30.45,1.57,6.0,31.3,Urban,Fog,-107.39,Poor
2411.98,304.65,30.67,6.93,1.81,29.53,1.29,4.0,55.5,Urban,Fog,-108.52,Poor
690.33,491.3,22.71,11.36,0.5,32.15,2.48,2.0,41.7,Indoor,Clear,-131.19,Poor
861.38,3067.0,21.85,2.26,1.56,24.11,1.95,0.0,71.4,Rural,Rain,-79.25,Good
,114.48,37.64,10.17,3.02,19.17,1.93,7.0,49.0,Urban,Clear,-77.03,Good
2622.65,2294.85,47.19,5.74,1.47,28.8,1.95,2.0,75.1,Rural,Rain,-64.05,Excellent
1772.68,4793.65,36.27,5.79,0.58,28.64,1.31,1.0,46.6,Rural,Rain,-77.4,Good
716.42,82.22,21.53,16.33,0.08,28.68,1.71,9.0,35.7,Urban,Clear,-88.76,Fair
828.83,11.85,45.33,,4.54,31.35,2.4,6.0,55.8,Dense Urban,Rain,-45.74,Excellent
5811.9,427.74,45.73,16.37,1.12,29.34,1.92,2.0,75.5,Rural,Clear,-41.74,Excellent
892.3,2747.38,,10.54,4.66,23.66,1.72,1.0,34.2,Rural,Clear,-44.04,Excellent
2612.47,13.93,24.04,16.85,0.11,21.45,1.48,7.0,33.5,Urban,Clear,-62.48,Excellent
2082.83,34.05,23.0,13.67,2.13,39.36,1.52,2.0,37.9,Rural,Clear,-30.79,Excellent
858.7,668.21,48.85,8.62,2.47,31.73,2.25,4.0,88.5,Urban,Clear,-89.22,Fair
1777.53,1531.89,45.95,2.56,1.97,14.39,2.03,0.0,41.0,Rural,Clear,-55.64,Excellent
680.18,17.13,32.12,16.27,0.49,18.27,1.63,7.0,78.8,Dense Urban,Clear,-60.9,Excellent
3506.87,95.88,31.83,13.32,4.38,28.68,2.37,2.0,51.0,Suburban,Fog,-59.17,Excellent
1790.21,44.09,38.73,4.16,4.59,11.27,1.23,2.0,44.1,Suburban,Fog,-50.5,Excellent
2112.23,4019.51,46.48,16.96,3.77,15.04,2.19,2.0,69.3,Suburban,Clear,-84.04,Good
861.11,694.96,23.18,9.82,0.54,15.44,1.89,6.0,53.8,Urban,Clear,-120.79,Poor
5007.3,192.19,43.01,2.47,1.26,44.73,2.36,1.0,76.9,Rural,Clear,-45.61,Excellent
913.83,2125.51,47.28,6.73,1.47,25.26,2.34,3.0,40.6,Suburban,Fog,-81.2,Good
2417.64,282.58,21.82,15.76,4.72,44.46,1.61,2.0,59.7,Suburban,Clear,-71.96,Good
5024.69,2881.8,22.61,8.71,4.0,24.64,1.25,6.0,32.5,Indoor,Clear,-197.66,Poor
3474.83,44.11,22.5,14.92,2.18,38.28,2.33,11.0,24.0,Dense Urban,Clear,-104.3,Poor
2604.29,11.85,43.94,8.44,2.52,30.88,2.27,3.0,43.7,Suburban,Clear,-24.62,Excellent
5014.93,143.6,24.43,4.14,3.99,19.16,1.41,9.0,50.2,Urban,Clear,-117.97,Poor
833.02,35.59,18.17,5.11,0.31,46.09,1.89,11.0,47.1,Dense Urban,Storm,-111.57,Poor
5785.82,1801.41,36.35,16.1,1.96,45.03,1.69,8.0,28.5,Dense Urban,Clear,-155.4,Poor
2386.02,274.38,37.5,4.9,0.26,39.93,2.15,8.0,48.7,Dense Urban,Storm,-131.66,Poor
2104.34,60.13,19.94,16.97,4.56,36.56,2.33,5.0,48.3,Indoor,Clear,-100.46,Poor
891.97,1224.2,41.16,6.62,2.21,27.72,2.01,8.0,85.3,Dense Urban,Clear,-135.87,Poor
3509.97,264.27,38.14,,0.9,15.33,2.43,1.0,65.0,Rural,Clear,-38.29,Excellent
5806.61,227.52,31.62,3.55,4.9,26.82,1.27,5.0,18.6,Suburban,Storm,-96.8,Fair
2609.43,30.76,29.57,10.77,4.39,39.02,1.72,3.0,41.6,Urban,Clear,-59.53,Excellent
685.14,4853.51,38.19,,2.54,29.19,1.65,5.0,66.4,Indoor,Rain,-180.21,Poor
2116.04,600.72,46.04,6.11,4.62,49.31,1.53,5.0,44.9,Urban,Rain,-102.71,Poor
3509.84,2028.35,45.29,15.69,0.91,35.18,1.67,4.0,39.3,Indoor,Clear,-155.04,Poor
1777.84,1123.3,29.64,4.99,3.82,16.45,1.37,0.0,31.9,Rural,Clear,-63.79,Excellent
3482.01,227.72,35.34,16.26,3.87,13.13,1.85,1.0,56.0,Suburban,Rain,-67.07,Excellent
3488.06,10.62,23.35,11.44,2.96,18.6,1.62,2.0,90.8,Suburban,Clear,-41.84,Excellent
726.16,629.97,26.52,13.63,1.98,31.63,1.97,13.0,36.5,Dense Urban,Clear,-142.65,Poor
2389.58,18.7,48.01,7.75,1.4,48.67,1.75,9.0,78.3,Dense Urban,Clear,-61.45,Excellent
821.19,3935.19,29.99,17.76,3.22,49.53,1.21,3.0,63.6,Suburban,Fog,-94.17,Fair
2078.5,47.07,25.34,15.23,1.61,40.54,1.89,8.0,43.5,Urban,Clear,-79.26,Good
1771.93,98.04,44.75,16.59,0.65,19.69,1.92,10.0,64.9,Dense Urban,Storm,-97.25,Fair
4994.17,308.07,40.15,4.33,4.26,49.71,2.3,6.0,24.2,Indoor,Rain,-142.39,Poor
5017.83,227.27,24.59,6.27,4.0,47.54,1.58,1.0,68.3,Rural,Clear,-60.74,Excellent
2097.03,586.44,23.18,15.46,1.49,36.07,2.16,6.0,51.3,Urban,Clear,-121.13,Poor
2420.34,1301.67,35.7,12.71,0.04,10.63,2.34,11.0,53.5,Dense Urban,Rain,-162.65,Poor
2572.85,1108.81,46.14,8.16,1.19,20.0,2.1,2.0,55.7,Suburban,Clear,-81.29,Good
2598.18,2824.2,20.62,9.43,2.83,29.43,1.34,3.0,73.6,Suburban,Rain,-123.32,Poor
2617.22,185.48,21.81,9.02,3.44,21.91,1.75,0.0,38.4,Rural,Clear,-51.08,Excellent
3510.48,276.51,45.82,10.93,2.02,34.51,1.72,7.0,10.0,Dense Urban,Clear,-113.91,Poor
5821.17,2286.17,42.5,9.82,4.29,32.82,1.52,1.0,10.0,Rural,Fog,-61.73,Excellent
4986.43,57.81,38.19,9.28,1.31,49.31,1.64,4.0,47.5,Suburban,Clear,-56.96,Excellent
850.05,46.1,29.55,7.24,4.72,27.49,2.11,10.0,98.0,Dense Urban,Rain,-91.28,Fair
2110.61,10.58,27.45,9.18,3.24,11.18,1.69,10.0,47.2,,,-77.29,Good
2080.11,984.32,22.33,4.84,3.75,12.01,1.46,1.0,83.9,Rural,Clear,-73.24,Good
2418.95,717.42,41.58,5.05,2.7,16.33,2.24,6.0,40.6,Dense Urban,Clear,-128.68,Poor
2388.69,55.83,35.06,13.01,5.0,20.05,1.7,5.0,70.1,Urban,Clear,-69.01,Excellent
3475.6,22.42,44.77,17.43,0.82,36.8,1.75,1.0,42.6,Rural,Rain,-9.21,Excellent
2115.94,13.03,47.21,,2.27,37.11,1.31,7.0,,Indoor,Fog,-63.81,Excellent
912.3,,18.55,16.61,1.32,43.72,2.22,9.0,55.4,Urban,Storm,-109.31,Poor
2123.02,33.28,44.1,12.01,1.35,10.19,1.31,,59.3,Urban,Clear,-53.43,Excellent
5023.52,1384.7,22.85,17.25,4.06,37.14,1.94,4.0,59.5,Indoor,Rain,-173.63,Poor
1786.71,3665.33,21.01,8.32,2.87,32.46,2.19,5.0,76.7,Suburban,Clear,-123.15,Poor
708.48,1249.45,29.64,13.04,0.52,20.27,1.36,9.0,65.9,Dense Urban,Rain,-153.01,Poor
5829.95,1988.06,23.11,10.7,4.65,33.95,1.59,5.0,80.9,Indoor,Rain,-191.82,Poor
834.63,4721.92,30.46,17.64,0.72,15.86,2.49,1.0,80.8,Suburban,Clear,-92.92,Fair
2598.37,998.68,43.51,2.97,3.55,10.82,1.78,4.0,54.3,Urban,Clear,-118.45,Poor
5024.61,339.77,21.83,2.94,3.39,28.94,1.95,8.0,18.8,Urban,Storm,-139.98,Poor
876.18,1535.31,37.11,15.83,4.13,35.5,2.32,4.0,46.1,Urban,Clear,-98.15,Fair
1825.69,332.52,31.92,2.86,3.19,32.05,2.37,4.0,64.9,Urban,Clear,-105.68,Poor
899.29,147.01,19.85,16.52,1.91,41.58,1.64,3.0,57.5,Urban,Rain,-82.95,Good
873.58,12.24,20.49,3.5,1.01,19.42,2.3,7.0,89.6,Urban,Clear,-67.66,Excellent
857.28,543.73,44.23,3.8,2.7,23.68,1.62,1.0,81.5,Rural,Clear,-39.15,Excellent
860.29,2644.69,22.11,7.29,0.16,33.55,2.25,7.0,67.8,Indoor,Storm,-187.42,Poor
2116.38,742.67,38.23,13.63,2.62,25.51,2.23,4.0,60.4,Suburban,Rain,-81.4,Good
2374.03,123.25,24.18,11.23,0.86,41.05,1.95,6.0,49.0,Urban,Clear,-95.57,Fair
707.67,462.37,44.72,16.54,3.22,10.5,2.04,5.0,70.0,Urban,Fog,-86.05,Fair
5025.44,,20.4,12.07,2.06,40.8,1.94,2.0,54.2,Suburban,Fog,-108.92,Poor
2627.37,1155.21,30.56,11.53,3.8,42.53,1.34,1.0,32.7,Rural,Clear,-60.02,Excellent
728.1,211.68,33.44,11.13,2.95,38.03,1.77,2.0,78.2,Rural,Rain,-32.26,Excellent
5008.75,94.66,46.22,8.5,2.49,31.99,1.36,1.0,16.3,Suburban,Clear,-50.85,Excellent
708.0,117.79,20.92,12.23,3.29,19.78,1.27,6.0,41.0,Dense Urban,Clear,-102.07,Poor
2403.15,2821.11,40.88,17.57,1.11,15.84,1.84,1.0,46.9,Rural,Clear,-55.36,Excellent
2106.45,28.74,20.9,17.55,4.62,45.69,1.54,3.0,36.1,Indoor,Fog,-78.2,Good
2406.73,2133.81,23.15,3.77,0.35,49.99,1.66,5.0,36.5,Urban,Clear,-149.66,Poor
5772.54,33.66,48.07,9.29,1.72,16.6,2.02,2.0,58.4,Indoor,Clear,-79.34,Good
5775.33,4440.09,29.38,11.48,0.29,25.29,1.81,12.0,,Dense Urban,Clear,-198.79,Poor
907.16,162.2,37.27,13.45,2.93,19.15,1.94,3.0,64.8,Suburban,Clear,-50.63,Excellent
2388.85,953.91,30.51,6.81,1.9,18.2,2.08,3.0,56.8,Urban,Clear,-121.55,Poor
5788.09,930.16,41.79,17.73,0.28,38.12,2.07,2.0,56.3,Indoor,Storm,-145.75,Poor
3481.61,1216.29,19.47,8.64,3.33,47.43,2.1,2.0,67.2,Rural,Rain,-80.91,Good
5018.06,1350.69,46.13,6.57,4.79,25.93,1.79,4.0,35.7,Indoor,Clear,-156.86,Poor
2127.86,12.75,19.47,14.48,0.53,43.63,2.12,6.0,14.9,Indoor,Fog,-84.27,Good
907.67,54.67,38.01,11.41,1.1,44.98,1.55,4.0,69.5,Suburban,Clear,-38.94,Excellent
2426.73,41.68,23.13,16.47,1.36,37.52,2.19,4.0,51.1,Urban,Clear,-72.96,Good
5023.03,768.21,43.12,3.7,3.4,41.16,2.23,4.0,64.6,Suburban,Clear,-90.58,Fair
5783.08,698.64,44.08,2.87,1.93,13.59,2.37,4.0,10.0,Suburban,Rain,-100.56,Poor
2579.21,63.34,19.38,17.09,3.77,41.64,2.43,5.0,43.1,Suburban,Storm,-69.56,Excellent
3482.7,1385.94,23.06,9.14,2.31,15.99,1.88,13.0,51.3,Dense Urban,Clear,-181.68,Poor
2375.77,69.35,44.3,5.46,0.12,38.97,1.89,5.0,57.8,Suburban,Clear,-54.85,Excellent
1804.97,84.25,37.08,13.89,0.87,48.23,1.69,2.0,75.5,Rural,Rain,-28.42,Excellent
2086.96,119.26,34.23,17.96,1.6,21.38,2.21,2.0,42.3,Rural,Clear,-33.2,Excellent
2124.78,1022.41,30.08,17.98,3.17,29.2,1.55,0.0,12.9,Rural,Rain,-51.44,Excellent
5006.8,10.76,43.1,17.41,3.4,28.86,2.03,8.0,36.1,Dense Urban,Clear,-54.1,Excellent
2391.58,2795.91,47.35,4.51,3.2,17.58,1.93,7.0,48.1,Urban,Clear,-132.54,Poor
3529.08,737.62,19.49,15.61,0.31,10.75,1.56,0.0,63.1,Rural,Clear,-70.82,Good
727.19,383.01,41.53,3.99,1.85,40.52,1.54,6.0,61.9,Indoor,Clear,-125.17,Poor
3516.72,43.71,44.54,7.71,3.18,45.64,1.41,3.0,31.6,Suburban,Clear,-41.91,Excellent
2417.5,1318.49,,4.85,3.2,20.73,2.15,3.0,74.9,Indoor,Rain,-176.35,Poor
5828.64,2267.93,30.43,7.7,2.9,36.9,2.27,5.0,24.1,Urban,Fog,-149.14,Poor
2106.03,225.77,39.09,5.97,2.13,34.48,1.44,5.0,98.0,Dense Urban,Clear,-109.04,Poor
2122.8,61.57,45.3,16.35,0.04,22.98,2.38,2.0,50.5,Indoor,Clear,-76.12,Good
823.89,106.44,41.88,17.8,2.8,20.93,1.47,3.0,31.2,Indoor,Clear,-81.38,Good
5003.24,132.88,44.77,4.78,1.31,44.81,1.34,3.0,45.9,Urban,Clear,-84.07,Good
3500.15,66.94,36.81,4.07,1.76,25.9,2.34,2.0,35.0,Rural,Fog,-40.89,Excellent
4972.26,835.94,46.92,4.63,2.99,49.88,2.4,4.0,36.4,Indoor,Rain,-149.82,Poor
675.22,83.85,34.9,11.05,2.39,43.28,1.41,1.0,69.5,Suburban,Storm,-41.53,Excellent
871.31,1646.04,23.68,16.11,2.16,43.37,1.43,5.0,75.8,Suburban,Rain,-97.22,Fair
4987.64,178.44,43.61,13.93,2.03,18.71,1.58,8.0,47.6,Urban,Clear,-93.94,Fair
673.21,498.36,28.31,8.75,3.82,26.59,1.28,9.0,50.9,Dense Urban,Clear,-129.29,Poor
2395.39,3618.22,35.36,,2.47,14.88,1.75,3.0,30.2,Urban,Rain,-133.87,Poor
2118.76,159.91,37.67,10.62,3.1,25.05,2.13,7.0,76.0,Dense Urban,Fog,-106.71,Poor
5806.83,28.82,23.11,14.56,0.47,49.92,1.31,2.0,44.1,Rural,Rain,-45.23,Excellent
5010.43,304.95,36.56,10.0,3.05,35.29,1.59,8.0,74.2,Dense Urban,Clear,-127.58,Poor
4971.89,219.03,20.49,12.66,0.29,23.42,1.66,4.0,58.7,Urban,Clear,-112.73,Poor
920.37,1294.7,29.09,8.02,3.86,21.68,2.42,5.0,44.5,Suburban,Clear,-93.94,Fair
2378.77,2097.26,37.35,2.84,0.05,18.55,2.17,1.0,32.7,Suburban,Clear,-103.54,Poor
3488.16,838.18,36.06,11.8,3.72,14.42,1.68,9.0,89.1,Urban,Fog,-128.72,Poor
5801.01,4187.23,19.61,6.62,2.65,16.78,1.47,13.0,65.0,Dense Urban,Storm,-224.01,Poor
725.8,53.28,49.67,10.81,3.54,24.65,2.33,13.0,54.0,Dense Urban,Clear,-78.11,Good
5829.89,44.22,43.16,12.42,1.22,27.14,1.57,9.0,76.1,Urban,Clear,-76.49,Good
1816.96,61.12,20.65,9.23,2.63,25.29,2.01,2.0,58.7,Rural,Clear,-41.5,Excellent
863.76,646.78,30.96,4.51,4.22,16.09,2.1,9.0,47.1,Urban,Clear,-119.5,Poor
2601.66,42.42,21.69,14.88,1.06,21.2,2.23,7.0,25.2,Urban,Rain,-85.22,Fair
3509.94,17.32,31.01,4.76,0.13,27.77,2.0,0.0,28.7,Rural,Clear,-30.79,Excellent
828.67,4353.54,42.73,4.07,3.76,13.36,1.72,5.0,71.4,Urban,Storm,-136.84,Poor
686.15,70.65,44.62,7.08,3.52,12.01,1.39,6.0,43.0,Urban,Clear,-65.26,Excellent
5029.08,39.83,35.66,2.93,0.75,41.76,1.46,4.0,35.7,Urban,Clear,-78.63,Good
5828.78,92.95,22.72,7.65,1.71,17.99,1.96,0.0,68.9,Rural,Rain,-59.06,Excellent
839.38,26.77,45.45,14.12,2.09,22.13,1.83,5.0,47.6,Suburban,Clear,-26.85,Excellent
5784.46,12.49,36.16,14.64,0.19,14.01,1.7,7.0,45.3,Urban,Rain,-65.65,Excellent
5783.77,66.71,44.82,9.31,1.91,17.38,1.89,9.0,26.7,Dense Urban,Clear,-99.62,Fair
5799.09,81.64,44.38,4.94,0.47,43.46,2.32,0.0,30.9,Rural,Rain,-38.17,Excellent
883.43,1544.93,31.9,17.58,4.97,46.96,1.26,4.0,54.6,Suburban,Clear,-79.57,Good
2408.91,149.89,18.82,15.18,4.91,26.48,1.38,8.0,52.6,Urban,Fog,-108.78,Poor
5774.49,973.81,35.62,2.08,2.83,18.51,1.2,6.0,47.0,Urban,Clear,-140.73,Poor
5776.22,967.53,46.12,11.71,2.4,37.8,1.62,6.0,85.8,Urban,Clear,-114.53,Poor
2586.62,1347.31,46.62,17.12,4.83,18.16,1.42,3.0,54.0,Urban,Clear,-99.11,Fair
866.65,3013.2,46.11,16.87,3.34,37.24,1.56,4.0,61.6,Urban,Clear,-102.8,Poor
689.4,221.71,30.52,8.39,0.66,37.43,1.3,4.0,29.1,Suburban,Clear,-68.15,Excellent
898.25,19.08,48.38,11.78,1.06,41.99,1.65,1.0,50.9,Rural,Fog,6.33,Excellent
709.4,12.72,19.67,11.86,3.28,20.17,1.72,11.0,49.6,Dense Urban,Rain,-80.46,Good
867.31,31.95,24.21,13.68,4.74,22.83,2.4,2.0,43.3,Suburban,Storm,-40.93,Excellent
688.43,1729.89,37.78,17.06,1.66,20.07,1.94,5.0,96.5,Suburban,Clear,-82.52,Good
3513.86,354.94,23.14,9.46,0.58,35.57,2.3,5.0,50.4,Indoor,Clear,-151.92,Poor
2387.16,23.89,21.14,2.99,3.8,49.04,2.01,5.0,59.7,Suburban,Clear,-60.28,Excellent
2408.67,22.8,21.85,13.55,1.03,26.8,1.78,8.0,65.8,Urban,Clear,-78.02,Good
4997.05,2547.65,44.55,17.14,0.48,23.47,2.36,0.0,51.3,Rural,Fog,-54.5,Excellent
2125.6,253.25,30.65,15.93,3.45,33.2,2.2,5.0,53.9,Suburban,Storm,-75.98,Good
2128.93,29.1,20.54,2.39,2.73,24.14,1.24,2.0,70.5,Rural,Rain,-49.23,Excellent
916.45,2632.05,37.77,16.12,2.2,14.47,1.49,4.0,27.3,Indoor,Clear,-158.64,Poor
2124.93,,28.31,4.36,0.27,29.8,2.5,13.0,85.6,Dense Urban,Fog,-170.84,Poor
828.19,194.75,32.28,17.66,0.07,33.44,2.2,5.0,62.0,Suburban,Rain,-64.02,Excellent
2409.27,179.97,45.41,13.86,2.08,27.3,1.74,5.0,84.5,Indoor,Clear,-105.67,Poor
5781.9,653.83,39.18,4.02,3.01,40.59,1.97,7.0,67.6,Indoor,Clear,-159.13,Poor
2386.62,81.86,19.68,3.61,4.38,37.11,2.2,1.0,19.1,Suburban,Clear,-68.26,Excellent
901.37,4997.21,45.62,6.45,2.98,28.38,1.71,3.0,37.0,Urban,Storm,-129.05,Poor
2614.52,1310.66,21.3,5.67,2.44,47.97,1.26,5.0,46.5,Suburban,Clear,-115.86,Poor
5013.29,536.95,43.44,2.06,0.88,33.48,2.0,13.0,24.9,Dense Urban,Clear,-153.35,Poor
2122.17,716.83,19.9,16.25,0.79,24.4,1.35,,50.8,Rural,Clear,-67.66,Excellent
903.56,4879.78,22.39,4.02,3.06,25.0,1.52,0.0,30.6,Rural,Fog,-82.4,Good
3525.58,10.69,,17.83,1.77,10.87,1.88,2.0,48.2,Indoor,Clear,-47.17,Excellent
,11.52,26.54,6.22,0.78,36.86,2.24,7.0,37.0,Urban,Clear,-53.81,Excellent
5820.94,1314.52,43.49,11.19,1.99,39.8,1.49,4.0,50.5,Suburban,Clear,-93.36,Fair
1783.77,36.74,21.2,13.17,3.68,18.92,1.45,8.0,78.1,Urban,Clear,-80.04,Good
1801.89,706.71,31.77,6.82,0.39,40.73,1.75,9.0,39.3,Dense Urban,Fog,-146.81,Poor
3514.17,228.3,47.65,9.3,0.67,37.1,1.38,2.0,58.6,Rural,Storm,-42.17,Excellent
728.57,72.46,41.62,14.37,2.93,12.18,1.52,9.0,36.3,Urban,Clear,-68.93,Excellent
870.7,42.11,20.37,3.03,2.75,20.63,1.59,11.0,65.1,Dense Urban,Clear,-109.06,Poor
839.63,1248.57,44.91,7.79,0.77,50.0,2.21,1.0,41.3,Suburban,Clear,-69.86,Excellent
1790.54,28.94,28.43,14.64,3.01,10.32,2.06,12.0,62.6,Dense Urban,Storm,-99.59,Fair
2387.31,26.82,19.26,7.31,3.16,46.81,1.67,6.0,16.0,Urban,Clear,-76.68,Good
869.05,155.87,23.14,2.95,0.41,42.69,2.43,3.0,27.6,Suburban,Storm,-78.27,Good
1772.7,20.99,21.39,5.0,3.63,39.1,1.56,7.0,64.5,Indoor,Clear,-95.95,Fair
3491.57,538.79,31.39,12.83,0.56,32.26,1.86,7.0,79.5,Urban,Clear,-118.65,Poor
5812.7,4756.63,46.03,17.48,3.79,20.15,2.0,7.0,73.8,Urban,Clear,-140.35,Poor
694.4,1043.75,35.68,5.66,1.21,16.54,2.44,1.0,59.1,Rural,Clear,-54.17,Excellent
2578.64,424.73,18.81,10.28,1.13,12.29,2.31,2.0,41.4,Suburban,Clear,-97.99,Fair
706.65,116.18,38.95,5.85,3.35,32.46,1.69,4.0,29.3,Suburban,Clear,-52.13,Excellent
2401.36,4640.39,36.58,16.77,3.31,45.22,1.85,0.0,51.1,Rural,Clear,-58.35,Excellent
5028.91,2371.05,30.92,16.4,1.35,16.1,1.79,3.0,32.8,,Storm,-112.38,Poor
3514.91,1639.65,22.99,8.26,4.83,19.59,1.6,8.0,44.8,Urban,Clear,-148.31,Poor
929.17,41.76,40.37,2.59,1.94,15.96,1.83,4.0,63.2,Indoor,Clear,-84.77,Good
881.18,21.55,38.12,11.72,2.02,34.92,1.32,4.0,42.3,Indoor,Rain,-64.21,Excellent
3515.7,30.22,31.61,12.04,1.0,40.5,1.27,3.0,45.4,Indoor,,-89.69,Fair
5003.1,49.91,25.76,11.88,0.29,43.64,1.29,4.0,49.9,Suburban,Storm,-72.98,Good
912.75,16.62,17.15,6.74,4.1,19.47,1.38,11.0,63.0,Dense Urban,Fog,-92.12,Fair
698.05,2499.34,18.26,2.38,1.67,38.02,1.57,8.0,47.6,Dense Urban,Storm,-179.82,Poor
2082.74,31.61,37.96,2.51,2.45,28.01,2.03,5.0,78.4,Indoor,Rain,-91.84,Fair
2572.74,40.89,19.1,14.46,3.92,49.58,2.29,4.0,69.8,Indoor,Fog,-99.32,Fair
2120.3,2495.24,17.85,10.5,0.54,38.11,2.22,1.0,78.8,Rural,Rain,-83.68,Good
5818.89,3854.78,46.16,6.34,3.09,14.11,1.62,2.0,61.9,Indoor,Clear,-177.6,Poor
4979.75,39.68,22.33,16.63,1.82,22.17,1.26,0.0,85.5,Rural,Clear,-37.46,Excellent
3508.71,62.23,18.09,16.15,4.18,37.09,1.27,9.0,58.2,Urban,Clear,-96.94,Fair
714.26,1443.62,45.88,15.06,1.95,37.93,2.24,12.0,64.6,Dense Urban,Rain,-138.4,Poor
5003.46,4156.36,30.85,11.95,4.77,25.68,2.33,8.0,22.0,Urban,Clear,-155.85,Poor
3489.03,566.83,20.26,11.84,1.87,21.9,2.41,1.0,62.0,Suburban,Fog,-96.08,Fair
1822.86,156.5,30.27,,0.16,20.23,2.46,13.0,66.6,Dense Urban,Storm,-135.11,Poor
2408.55,661.71,20.67,4.93,2.74,22.93,2.3,4.0,62.5,Urban,Clear,-129.0,Poor
5013.21,1276.33,20.46,13.64,0.65,13.49,1.66,9.0,71.4,Dense Urban,Clear,-174.09,Poor
5809.13,20.14,45.92,10.33,0.7,24.58,1.82,0.0,60.9,Rural,Clear,-15.28,Excellent
2413.28,149.57,43.36,10.74,2.41,16.51,2.28,2.0,52.4,Rural,Clear,-35.47,Excellent
678.7,2059.84,29.43,13.01,1.44,18.82,2.37,4.0,80.6,Urban,Clear,-124.72,Poor
2625.36,801.53,28.76,7.95,2.72,19.23,1.67,3.0,32.6,Urban,Rain,-124.44,Poor
2587.15,26.0,35.88,13.27,3.3,16.89,2.02,0.0,69.9,Rural,Storm,-24.56,Excellent
720.19,1092.19,36.56,5.97,4.5,30.1,1.43,4.0,53.8,Indoor,Clear,-149.25,Poor
5023.6,633.0,44.37,15.85,1.44,36.52,1.2,0.0,62.8,Rural,Clear,-41.49,Excellent
909.07,51.79,39.29,17.78,2.55,44.8,1.66,0.0,43.8,Rural,Clear,-5.73,Excellent
5005.9,84.81,21.99,11.47,3.81,30.95,2.4,5.0,66.4,Dense Urban,Clear,-113.01,Poor
2376.54,70.56,43.66,8.11,2.91,12.1,2.05,2.0,34.8,Suburban,Rain,-50.54,Excellent
1796.17,4794.55,28.59,6.61,1.81,23.16,2.36,5.0,46.6,Suburban,Clear,-119.32,Poor
706.7,31.32,43.99,16.28,0.43,31.21,1.67,3.0,59.7,Indoor,Clear,-57.71,Excellent
674.91,1732.08,44.95,7.23,0.95,38.67,1.26,4.0,38.3,Suburban,Rain,-82.87,Good
3476.69,270.5,21.55,15.02,0.18,19.11,1.67,1.0,75.8,Rural,Rain,-61.71,Excellent
1829.61,2379.59,37.27,8.54,3.07,40.23,1.76,2.0,75.2,Indoor,Rain,-163.46,Poor
4989.93,4466.98,41.3,16.08,2.53,39.4,2.07,5.0,42.7,Urban,Fog,-133.83,Poor
890.98,3925.86,30.41,8.91,1.5,39.95,2.46,4.0,68.6,Suburban,Fog,-104.49,Poor
5785.09,2021.17,42.03,11.25,4.75,36.61,1.6,1.0,43.9,Rural,Clear,-58.97,Excellent
5808.76,130.68,37.27,3.96,2.51,19.29,2.18,5.0,85.0,Suburban,Clear,-81.22,Good
848.38,53.97,44.18,17.61,4.95,33.45,2.35,7.0,10.1,Indoor,Clear,-69.81,Excellent
2617.43,72.83,43.55,11.01,1.84,21.05,1.52,6.0,70.6,Urban,Storm,-80.24,Good
5800.75,579.16,50.0,11.91,3.11,46.65,2.21,3.0,71.8,Urban,Rain,-96.45,Fair
1770.92,83.69,23.1,4.01,1.55,12.08,2.44,2.0,41.5,Suburban,Storm,-79.77,Good
698.96,149.19,46.2,13.05,4.66,37.08,2.21,2.0,62.9,Suburban,Clear,-32.89,Excellent
4973.31,16.41,45.26,8.82,1.28,44.84,1.72,2.0,42.4,Suburban,Clear,-29.77,Excellent
2119.61,1204.86,27.55,8.77,0.98,23.4,1.96,2.0,41.8,Rural,,-74.05,Good
676.82,19.99,23.54,9.57,3.18,20.14,2.17,3.0,74.6,Indoor,Clear,-76.28,Good
4983.02,81.21,21.06,10.57,1.63,14.47,2.25,1.0,84.6,Suburban,Rain,-79.53,Good
2597.6,392.25,36.56,14.86,4.36,30.73,2.12,5.0,37.3,Suburban,Fog,-71.9,Good
681.71,271.41,43.17,7.47,0.61,17.55,2.47,5.0,75.5,Urban,Clear,-84.92,Good
902.35,2573.55,43.64,16.09,0.31,33.56,2.32,3.0,73.4,Urban,Clear,-104.68,Poor
697.64,599.49,44.72,3.77,0.14,32.9,1.48,7.0,24.3,Dense Urban,Fog,-120.69,Poor
5827.15,1347.75,45.18,10.49,1.52,15.19,2.5,0.0,41.9,Rural,Rain,-61.61,Excellent
675.3,65.92,20.06,12.85,4.03,37.67,2.12,5.0,35.6,Suburban,Clear,-56.24,Excellent
3504.6,22.75,44.45,17.53,4.61,46.69,2.39,4.0,56.7,Suburban,Clear,-23.83,Excellent
2413.22,1014.44,37.22,8.37,4.52,47.24,1.85,5.0,40.2,Urban,Rain,-115.26,Poor
2377.66,25.97,21.7,12.86,4.66,15.96,2.36,7.0,55.0,Indoor,Rain,-98.63,Fair
5008.19,1783.98,20.41,14.58,1.49,42.93,2.48,5.0,73.2,Suburban,Clear,-116.66,Poor
5021.85,3508.94,22.9,15.32,2.76,39.91,2.27,2.0,64.6,Indoor,Clear,-185.91,Poor
867.25,58.02,23.51,16.67,1.75,48.45,2.24,0.0,41.9,Rural,Clear,-19.99,Excellent
726.11,1132.22,17.85,7.53,3.53,19.86,1.48,9.0,73.2,Dense Urban,Rain,-162.35,Poor
863.24,151.48,31.43,15.48,4.54,33.05,1.38,6.0,73.4,Dense Urban,Storm,-95.7,Fair
2593.64,64.12,35.2,17.31,0.82,31.44,2.2,3.0,74.4,Suburban,Clear,-45.59,Excellent
2425.23,145.76,25.33,9.51,2.41,43.14,2.12,1.0,72.2,Rural,Clear,-43.12,Excellent
683.52,556.68,44.16,13.06,2.24,13.03,2.01,8.0,31.3,Urban,Clear,-96.78,Fair
905.02,4642.66,43.83,7.17,4.54,30.9,1.78,8.0,71.3,Urban,Fog,-138.89,Poor
2415.94,64.54,30.9,6.1,4.43,28.02,1.28,5.0,48.4,Indoor,Rain,-108.09,Poor
3522.34,804.12,20.0,6.45,4.31,49.36,1.94,7.0,47.9,Urban,Clear,-137.99,Poor
1824.99,80.13,21.82,2.82,3.73,42.84,1.89,1.0,54.7,Suburban,Clear,-65.84,Excellent
5775.1,47.7,35.59,11.25,4.59,48.22,2.13,3.0,56.0,Indoor,Clear,-90.15,Fair
5813.56,507.37,32.63,15.79,4.98,37.81,1.32,9.0,18.4,Urban,Storm,-123.73,Poor
3482.25,1134.21,37.15,6.59,0.65,19.55,1.72,2.0,64.6,Rural,Rain,-70.06,Good
2116.75,863.38,44.33,2.51,4.56,36.53,1.75,7.0,57.2,Indoor,Rain,-158.25,Poor
5012.04,3499.54,43.78,6.53,2.76,43.39,1.8,8.0,58.8,Urban,Clear,-145.87,Poor
3480.88,19.49,37.51,14.35,1.34,21.8,1.24,5.0,26.0,Suburban,Storm,-46.88,Excellent
2419.97,287.9,19.51,9.16,2.85,33.33,1.96,9.0,38.3,Dense Urban,Clear,-143.97,Poor
2097.71,60.95,41.65,14.27,2.48,14.07,1.45,4.0,47.0,Indoor,Clear,-89.87,Fair
5002.63,1603.03,24.1,5.47,2.7,15.86,2.39,5.0,62.1,Suburban,Rain,-124.53,Poor
2428.28,14.7,31.42,12.27,1.86,25.93,2.02,3.0,71.5,Suburban,Rain,-39.08,Excellent
859.4,29.82,43.48,13.7,3.23,30.76,2.28,9.0,41.1,Urban,Rain,-48.66,Excellent
5805.31,1212.5,43.11,14.95,3.39,27.14,1.84,6.0,70.8,Urban,Clear,-120.99,Poor
671.01,90.61,41.83,12.94,0.31,11.49,1.68,10.0,42.0,Dense Urban,Clear,-92.35,Fair
2581.95,692.08,23.72,16.57,3.85,42.26,1.54,6.0,45.4,Indoor,Rain,-156.55,Poor
2571.59,4953.78,29.05,4.02,2.73,21.85,1.72,0.0,51.9,Rural,Clear,-84.31,Good
2390.0,174.23,28.09,10.81,4.37,46.54,2.4,5.0,44.6,Suburban,Clear,-71.46,Good
690.67,274.48,31.69,9.2,3.25,19.5,2.4,2.0,61.4,Rural,Fog,-41.37,Excellent
2101.82,4289.25,41.46,17.99,4.97,36.58,2.42,1.0,40.9,Suburban,Clear,-83.26,Good
5011.39,1033.94,43.15,10.79,3.71,28.28,2.2,5.0,64.6,Suburban,Clear,-88.46,Fair
880.76,,31.96,12.96,2.21,10.82,1.43,5.0,56.4,Dense Urban,Clear,-75.09,Good
2606.1,1481.77,20.38,16.7,1.19,34.37,2.13,7.0,29.4,Dense Urban,Clear,-161.09,Poor
5025.02,246.77,45.42,4.28,3.17,11.27,1.64,5.0,72.5,Urban,Clear,-102.41,Poor
5781.1,1333.79,18.36,7.43,2.49,12.15,1.75,3.0,62.7,Urban,Fog,-151.34,Poor
2409.55,412.55,28.91,7.17,2.16,36.46,1.8,7.0,59.4,Dense Urban,Rain,-137.71,Poor
1772.74,41.07,49.34,3.87,4.14,29.89,1.53,6.0,43.8,Urban,Clear,-57.56,Excellent
2601.87,1578.15,45.85,10.96,4.59,45.29,1.47,2.0,24.6,Rural,Rain,-50.72,Excellent
2114.49,10.13,43.54,6.9,2.28,28.12,1.33,3.0,61.9,Suburban,Clear,-22.01,Excellent
2572.04,2493.26,47.19,4.64,0.15,49.48,1.77,3.0,98.0,Suburban,Clear,-92.46,Fair
3490.02,1619.58,22.03,2.35,4.4,10.83,1.97,1.0,10.0,Rural,Clear,-85.92,Fair
3522.68,4153.16,21.61,2.4,0.22,46.88,2.35,7.0,73.4,Dense Urban,Rain,-196.17,Poor
883.53,12.47,46.56,8.25,2.25,18.78,1.22,9.0,32.9,Urban,Rain,-44.47,Excellent
3513.37,151.76,31.13,11.77,1.66,17.58,1.26,4.0,66.9,Urban,Clear,-95.15,Fair
2406.73,28.61,21.91,5.4,1.8,29.43,2.17,5.0,34.2,Suburban,Rain,-70.27,Good
5779.82,102.18,30.67,16.56,3.2,36.09,2.23,4.0,67.6,Urban,Clear,-81.75,Good
2614.5,93.55,42.99,5.36,4.28,34.98,1.24,9.0,78.7,Urban,Clear,-85.38,Fair
5001.92,410.01,31.69,6.33,3.6,24.14,2.19,5.0,56.0,Suburban,Clear,-93.63,Fair
5776.72,151.57,36.19,6.87,2.18,34.59,1.93,0.0,64.7,Rural,Clear,-44.72,Excellent
5826.96,4036.95,40.05,4.52,3.86,28.04,1.62,3.0,,Suburban,Clear,-113.4,Poor
3499.52,56.2,30.51,17.99,3.23,18.33,2.05,7.0,39.9,Dense Urban,Clear,-92.73,Fair
2414.7,134.96,45.81,13.47,2.46,11.47,1.6,7.0,52.5,Urban,Clear,-81.43,Good
833.06,778.12,45.64,6.81,1.67,36.13,1.77,3.0,65.5,Urban,Fog,-94.16,Fair
1778.23,55.77,29.99,17.57,2.44,33.99,1.83,5.0,80.9,Urban,Fog,-66.53,Excellent
2114.48,898.55,42.06,12.16,3.93,30.15,1.58,4.0,43.5,Suburban,Clear,-79.01,Good
3510.43,818.08,44.0,14.31,3.43,28.07,1.63,0.0,64.4,Rural,Clear,-40.32,Excellent
2386.45,836.2,19.98,7.5,4.04,30.17,2.36,6.0,48.1,Indoor,Clear,-172.57,Poor
2114.78,663.76,48.92,5.47,4.92,14.51,1.73,0.0,67.4,Rural,Clear,-39.43,Excellent
850.3,1608.06,42.35,9.2,4.85,37.26,1.56,2.0,69.3,Suburban,Clear,-75.26,Good
3490.92,4844.97,45.82,8.67,4.59,44.41,1.86,1.0,52.6,Rural,Clear,-63.02,Excellent
2117.21,14.1,42.35,17.75,3.77,14.58,1.37,5.0,63.4,Urban,Clear,-34.55,Excellent
707.01,219.68,48.8,4.32,4.97,40.82,1.93,2.0,25.3,Indoor,Clear,-96.46,Fair
900.44,1564.88,34.83,4.16,2.37,26.75,2.29,3.0,66.3,Suburban,Clear,-93.68,Fair
5016.39,10.0,20.14,11.94,0.72,41.53,1.83,8.0,62.5,Urban,Clear,-72.14,Good
852.69,296.04,23.47,10.99,4.04,30.17,1.22,2.0,75.8,Indoor,Storm,-126.25,Poor
2126.31,603.64,18.31,10.74,0.87,18.86,2.37,6.0,18.3,Urban,Clear,-131.46,Poor
2419.08,32.92,26.96,8.59,2.57,26.44,2.18,1.0,52.9,Rural,Clear,-31.69,Excellent
691.49,120.73,35.6,7.78,4.51,14.88,2.46,4.0,30.8,Indoor,Fog,-102.49,Poor
847.9,1351.15,46.05,3.39,3.92,10.69,2.25,5.0,31.6,Suburban,Clear,-90.31,Fair
5827.44,15.13,45.53,14.68,1.58,11.22,2.32,3.0,14.9,Indoor,Clear,-67.21,Excellent
2423.71,23.12,29.44,9.14,1.17,48.4,2.39,1.0,60.1,Rural,Fog,-26.1,Excellent
881.47,1614.15,30.22,16.36,3.04,49.6,1.53,7.0,43.1,Indoor,Rain,-157.01,Poor
836.46,1527.64,36.48,9.93,3.78,11.58,2.48,3.0,57.2,Indoor,Rain,-154.05,Poor
2091.87,392.18,29.92,16.46,3.82,17.59,1.53,8.0,57.6,Dense Urban,Clear,-125.82,Poor
3522.79,132.82,38.62,16.78,3.83,29.5,2.47,9.0,63.5,Dense Urban,Rain,-104.44,Poor
3525.65,19.28,45.37,10.95,0.01,35.8,2.23,6.0,67.5,Indoor,Rain,-77.67,Good
868.14,1548.98,16.02,14.76,3.51,16.9,2.15,2.0,81.1,Suburban,Clear,-99.53,Fair
3486.54,44.92,29.95,3.66,3.29,18.5,1.5,3.0,53.8,Indoor,Fog,-106.51,Poor
5023.22,2915.24,20.09,3.88,2.01,30.56,1.6,4.0,48.0,Urban,Clear,-161.55,Poor
871.97,1241.55,46.29,13.2,4.99,11.98,1.4,3.0,31.9,Suburban,Rain,-69.6,Excellent
695.37,16.54,22.73,2.81,2.24,31.34,1.58,1.0,64.9,Rural,Clear,-26.01,Excellent
5792.66,,35.71,13.38,0.35,45.32,2.4,8.0,38.9,Dense Urban,Clear,-139.94,Poor
2402.11,3053.11,19.63,5.69,0.3,49.48,1.8,7.0,58.7,Urban,Fog,-159.47,Poor
3503.64,2359.66,32.65,5.76,2.13,31.64,2.44,9.0,94.9,Dense Urban,Clear,-173.19,Poor
1783.52,452.29,45.94,7.76,3.08,24.81,1.97,1.0,24.3,Suburban,Clear,-62.39,Excellent
882.27,29.11,46.98,16.79,5.0,40.75,1.22,1.0,32.4,Rural,Storm,3.21,Excellent
918.21,685.41,18.45,13.37,2.18,46.08,1.64,5.0,56.9,Urban,Clear,-114.89,Poor
874.57,627.91,36.56,14.02,2.87,29.33,1.64,8.0,32.5,Urban,Clear,-103.27,Poor
2099.6,388.13,21.5,14.53,4.22,43.81,1.75,8.0,79.1,Urban,Clear,-117.79,Poor
831.5,52.15,44.94,15.31,3.55,27.08,2.07,0.0,35.1,Rural,Clear,-0.06,Excellent
4989.17,2690.75,34.67,4.73,4.56,28.0,1.55,2.0,53.5,Rural,Rain,-82.31,Good
2386.64,227.22,43.56,17.07,3.2,33.11,1.73,3.0,63.6,Suburban,Clear,-53.54,Excellent
5812.51,63.37,46.51,8.35,4.69,27.29,2.5,5.0,28.0,Urban,Fog,-70.6,Good
2397.36,48.85,30.41,10.99,3.21,20.05,1.67,3.0,55.8,Urban,Rain,-73.81,Good
1787.97,57.34,16.48,14.96,0.64,44.97,1.86,7.0,82.1,Urban,Rain,-92.6,Fair
2419.88,175.58,19.97,15.64,1.72,48.17,1.87,3.0,65.0,Suburban,Rain,-76.87,Good
825.15,41.98,23.18,10.1,2.32,31.79,1.45,12.0,47.2,Dense Urban,Clear,-96.93,Fair
5015.98,249.16,18.62,10.72,4.0,41.56,1.84,5.0,68.7,Indoor,Clear,-144.5,Poor
3484.9,32.98,42.04,8.55,1.49,19.09,1.49,7.0,10.0,Urban,Clear,-69.22,Excellent
875.08,53.86,45.36,2.79,2.46,37.75,1.34,7.0,43.5,Indoor,Rain,-87.57,Fair
2370.33,21.04,35.42,12.36,1.12,22.33,2.25,4.0,24.7,Suburban,Clear,-39.98,Excellent
2403.4,92.17,35.16,12.84,1.87,16.89,2.13,4.0,59.5,Urban,Clear,-75.41,Good
907.34,124.65,37.0,9.57,1.4,29.49,1.55,2.0,56.3,Indoor,Storm,-98.24,Fair
854.64,122.92,43.14,2.77,4.7,11.23,1.37,4.0,36.7,Indoor,Clear,-105.11,Poor
3518.9,904.59,19.24,11.05,4.52,21.66,2.48,2.0,75.4,Rural,Clear,-74.35,Good
876.73,201.64,36.0,3.65,3.65,18.96,2.39,4.0,15.0,Urban,Fog,-85.38,Fair
2394.93,741.99,45.96,9.26,0.61,29.86,1.67,2.0,87.3,Rural,Clear,-48.4,Excellent
921.82,12.29,23.58,14.77,4.71,29.84,2.04,2.0,74.8,Suburban,Rain,-26.49,Excellent
2623.32,150.78,35.53,5.63,0.78,37.24,1.57,7.0,56.8,Urban,Clear,-97.23,Fair
699.9,17.47,20.61,16.7,0.27,14.86,1.69,4.0,44.0,,Clear,-74.01,Good
1803.48,176.68,46.33,13.33,0.22,27.65,1.9,3.0,49.4,Indoor,Clear,-98.09,Fair
2415.83,457.51,37.84,6.12,1.4,11.79,1.55,3.0,60.8,Suburban,Clear,-86.15,Fair
2116.78,1413.76,45.68,5.68,0.81,42.03,1.31,3.0,41.5,Suburban,Fog,-90.33,Fair
2623.28,305.51,25.16,3.19,0.85,45.71,2.14,3.0,51.7,Urban,Clear,-108.51,Poor
870.63,105.75,44.03,15.98,1.42,49.63,1.45,0.0,61.0,Rural,Clear,-7.36,Excellent
2094.87,51.73,44.05,3.01,,30.77,1.59,5.0,66.2,Urban,Rain,-68.09,Excellent
3508.99,3838.04,17.88,12.02,4.52,43.96,2.44,1.0,81.5,Rural,Rain,-88.52,Fair
1798.99,34.29,43.14,,4.53,28.36,1.98,1.0,83.9,Rural,Clear,-6.26,Excellent
827.08,13.02,42.24,6.08,3.91,18.12,1.5,5.0,52.9,Suburban,Fog,-28.38,Excellent
5019.3,21.86,35.71,8.09,3.3,43.56,1.57,4.0,23.2,Suburban,Storm,-52.63,Excellent
3506.11,4923.07,36.06,6.7,2.95,11.86,1.49,10.0,54.2,Dense Urban,Clear,-189.75,Poor
2573.48,2789.91,42.92,14.83,4.97,33.76,2.33,5.0,81.0,Dense Urban,Clear,-141.25,Poor
3510.61,73.18,20.69,17.93,1.56,47.46,2.24,0.0,52.5,Rural,Clear,-37.34,Excellent
3486.99,10.24,31.47,17.53,3.67,20.85,1.91,1.0,86.6,Suburban,Storm,-32.21,Excellent
3474.16,1176.7,24.4,3.11,0.32,20.1,1.37,5.0,30.1,Urban,Clear,-146.48,Poor
2406.4,64.73,46.44,12.85,0.44,14.19,2.16,2.0,63.1,Rural,Clear,-21.8,Excellent
713.93,11.48,23.08,11.36,2.93,30.13,2.3,6.0,63.1,Urban,Clear,-48.45,Excellent
2401.04,170.75,19.51,16.88,4.29,35.48,1.89,5.0,89.2,Urban,Clear,-95.46,Fair
870.34,139.57,45.63,11.25,4.51,30.42,1.47,7.0,55.9,Urban,Clear,-70.41,Good
3504.61,94.71,28.83,9.32,0.14,23.53,2.1,3.0,63.5,Indoor,Rain,-119.14,Poor
2070.4,579.99,42.36,9.18,1.42,27.18,1.62,6.0,68.5,Urban,Fog,-107.01,Poor
5825.58,910.94,23.53,15.66,4.28,43.35,2.39,6.0,33.3,Indoor,Clear,-163.2,Poor
2386.04,323.01,45.31,12.75,2.75,47.76,2.28,2.0,43.1,Rural,Rain,-35.53,Excellent
2422.26,10.91,45.78,3.18,0.83,23.03,1.73,2.0,61.4,Indoor,Fog,-62.07,Excellent
5770.73,11.49,41.79,16.94,2.28,35.48,1.25,1.0,58.4,Suburban,Clear,-17.94,Excellent
2075.83,2397.73,24.45,12.86,3.94,42.99,2.43,4.0,49.1,Suburban,Rain,-107.83,Poor
1797.08,31.86,34.0,4.48,3.89,35.36,2.44,1.0,62.8,Rural,Clear,-24.45,Excellent
1815.52,118.68,44.56,9.51,4.29,45.55,1.83,4.0,58.1,Suburban,Clear,-49.46,Excellent
5026.55,19.03,43.85,6.01,0.11,36.56,1.21,6.0,74.0,Urban,Clear,-62.39,Excellent
3501.27,41.58,23.99,11.46,1.54,19.88,2.14,4.0,44.1,Urban,Clear,-81.02,Good
841.33,204.15,22.29,10.9,1.52,34.13,1.56,1.0,60.9,Suburban,Fog,-70.92,Good
2072.67,43.22,30.48,17.52,1.3,32.34,2.17,6.0,47.2,Indoor,Clear,-93.67,Fair
1805.02,600.96,26.12,,2.18,23.55,1.24,3.0,44.5,Urban,Rain,-124.34,Poor
2592.8,98.03,41.74,9.21,2.07,13.25,2.0,3.0,80.5,Suburban,Fog,-56.53,Excellent
724.55,1342.91,35.5,4.93,2.0,43.29,2.42,8.0,74.0,Urban,Clear,-122.58,Poor
3498.8,421.35,30.12,2.35,2.18,41.69,1.88,8.0,57.0,Dense Urban,Clear,-145.46,Poor
3515.93,48.47,45.29,14.45,1.56,11.14,2.43,2.0,44.0,Rural,Clear,-22.16,Excellent
920.89,1519.85,23.27,14.12,4.91,39.02,2.14,9.0,81.1,Dense Urban,Clear,-151.25,Poor
825.9,3278.5,46.07,16.95,2.85,36.23,1.98,1.0,91.3,Rural,Clear,-39.32,Excellent
2596.45,21.09,37.25,11.41,2.32,24.56,2.3,6.0,26.2,Urban,Fog,-57.98,Excellent
923.62,641.8,44.49,6.09,1.2,41.59,2.4,2.0,42.6,Rural,Fog,-38.76,Excellent
5795.47,504.08,37.27,7.81,1.28,43.15,2.32,0.0,44.0,Rural,Rain,-60.47,Excellent
3503.91,642.0,42.41,11.67,3.8,44.45,2.39,4.0,50.4,Urban,Clear,-97.76,Fair
5822.39,12.14,24.98,12.06,2.08,13.09,1.28,2.0,47.0,Suburban,Clear,-48.89,Excellent
2383.96,11.91,24.2,2.68,1.63,25.11,1.48,1.0,52.0,Suburban,Clear,-45.28,Excellent
5823.67,62.47,35.01,16.57,0.93,11.21,1.55,1.0,68.0,Suburban,Clear,-53.31,Excellent
693.82,16.46,22.58,16.82,4.97,39.22,2.45,7.0,48.8,,Rain,-72.26,Good
905.58,97.28,20.79,14.78,1.81,26.87,2.39,3.0,46.3,Urban,Clear,-76.01,Good
689.68,2262.75,28.53,6.0,0.96,39.98,2.25,7.0,52.6,Dense Urban,Clear,-154.89,Poor
2601.63,90.49,21.38,7.57,3.69,41.76,2.24,9.0,59.7,Urban,Rain,-106.51,Poor
2372.96,114.89,36.31,13.24,4.52,12.64,1.78,1.0,56.9,Rural,Rain,-35.36,Excellent
873.92,52.73,37.52,6.89,3.78,47.75,1.33,6.0,61.1,Urban,Clear,-63.24,Excellent
1794.88,137.37,38.56,8.2,1.86,29.88,2.07,2.0,54.1,Suburban,Clear,-58.08,Excellent
2590.1,1420.57,43.35,12.69,3.66,48.69,1.88,4.0,43.3,Urban,Clear,-108.63,Poor
856.95,1748.04,23.69,2.54,1.6,15.45,1.73,5.0,61.2,Urban,Fog,-143.73,Poor
2372.27,136.91,41.98,4.21,2.44,24.02,1.67,4.0,23.8,Indoor,Clear,-109.76,Poor
2580.06,117.79,31.11,2.58,0.51,28.33,1.41,9.0,66.1,Urban,Storm,-113.89,Poor
882.58,33.61,,6.25,1.43,47.6,1.73,8.0,72.8,Dense Urban,Clear,-68.35,Excellent
896.43,4296.55,45.42,9.7,2.54,14.2,2.4,1.0,33.2,Rural,Clear,-56.29,Excellent
1784.81,69.08,25.04,15.51,0.37,31.92,1.46,2.0,73.5,Rural,Clear,-36.11,Excellent
2378.26,84.1,24.07,4.86,3.67,15.31,1.98,0.0,84.1,Rural,Rain,-48.68,Excellent
905.85,144.6,40.4,7.71,2.06,18.94,2.01,4.0,37.6,Indoor,Clear,-102.93,Poor
1814.63,16.48,38.05,2.15,2.65,34.31,1.7,1.0,60.2,Rural,Fog,-21.35,Excellent
2411.12,77.04,21.77,9.42,2.3,21.21,1.55,2.0,47.2,Indoor,Rain,-114.41,Poor
836.57,3248.03,23.68,2.41,3.55,21.47,1.4,13.0,51.4,Dense Urban,Clear,-191.36,Poor
2421.27,15.88,43.82,7.16,3.18,36.8,1.74,2.0,44.4,Suburban,Clear,-23.74,Excellent
856.71,44.57,37.4,15.29,3.53,42.33,,7.0,30.1,Dense Urban,Clear,-66.0,Excellent
856.88,38.7,45.47,16.98,1.16,11.36,1.25,9.0,83.4,Urban,Clear,-54.85,Excellent
882.77,43.1,41.83,7.88,3.14,18.98,2.4,4.0,53.8,Suburban,Clear,-38.87,Excellent
884.53,3771.2,23.89,6.53,2.6,31.07,1.2,4.0,57.2,Indoor,Clear,-186.22,Poor
698.49,817.28,22.92,14.14,0.37,46.38,1.26,1.0,69.0,Rural,Storm,-56.82,Excellent
5784.27,3037.32,45.69,13.17,0.28,24.84,2.07,0.0,65.4,Rural,Fog,-63.94,Excellent
1811.28,2063.79,44.11,8.05,2.9,21.55,2.22,2.0,45.2,Suburban,Clear,-89.93,Fair
4988.51,485.48,39.86,16.49,2.92,13.76,1.79,4.0,45.7,Urban,Clear,-102.96,Poor
5779.11,324.27,43.41,9.26,3.86,18.38,1.62,5.0,49.8,Suburban,Clear,-77.81,Good
4979.1,236.62,27.29,16.97,3.82,29.88,2.13,9.0,76.3,Dense Urban,Rain,-134.59,Poor
4977.63,726.15,20.66,16.14,2.28,21.76,2.33,0.0,46.8,Rural,Fog,-67.09,Excellent
846.39,783.8,43.1,17.17,2.14,33.75,1.61,5.0,43.5,Urban,Clear,-93.26,Fair
1770.18,414.88,47.54,3.74,1.94,22.07,2.0,7.0,43.5,Indoor,Fog,-134.11,Poor
3502.54,162.81,46.2,6.27,4.71,19.54,2.37,2.0,55.8,Indoor,Clear,-107.06,Poor
2387.9,664.95,43.77,7.94,3.45,35.78,2.06,5.0,61.6,Dense Urban,Clear,-125.47,Poor
703.15,26.48,45.91,13.89,1.74,39.04,1.31,1.0,98.0,Suburban,Clear,-12.11,Excellent
2426.13,308.02,38.44,6.7,3.52,46.78,1.41,2.0,32.1,Rural,Rain,-46.0,Excellent
5022.14,252.1,23.92,5.31,2.7,32.62,2.24,6.0,32.8,Urban,Clear,-119.8,Poor
5004.59,277.38,18.47,7.5,2.88,47.91,1.82,0.0,86.2,Rural,Clear,-65.67,Excellent
1795.08,239.16,23.67,6.98,4.57,18.65,1.5,6.0,11.0,Dense Urban,Rain,-129.41,Poor
911.9,1059.1,27.69,15.03,3.03,31.15,1.31,5.0,74.5,Suburban,Rain,-90.3,Fair
1825.39,1107.77,20.67,17.84,4.53,28.46,1.3,5.0,40.5,Indoor,Storm,-163.94,Poor
899.37,77.54,22.58,6.86,2.65,37.71,1.87,4.0,52.2,Suburban,Clear,-64.51,Excellent
1775.96,88.44,46.24,2.83,3.83,19.27,2.16,4.0,52.1,Urban,Rain,-71.39,Good
1815.97,11.08,23.49,13.55,2.64,15.21,1.74,0.0,84.5,Rural,Clear,-19.46,Excellent
2070.63,20.22,30.42,9.69,2.83,27.55,1.72,6.0,48.1,Indoor,Rain,-83.92,Good
715.88,51.05,39.13,8.94,2.15,37.23,1.2,11.0,71.2,Dense Urban,Storm,-90.39,Fair
875.09,1165.81,46.05,7.62,3.29,38.72,1.67,3.0,45.9,Urban,Clear,-95.3,Fair
1776.4,1423.9,46.28,9.53,0.34,36.96,1.44,2.0,39.4,Rural,Clear,-52.5,Excellent
866.9,46.71,44.99,4.18,3.42,35.91,1.72,6.0,42.3,Urban,Clear,-56.78,Excellent
5011.37,2225.58,22.85,11.79,2.61,16.4,1.26,9.0,45.8,Dense Urban,Rain,-183.58,Poor
2603.71,103.28,19.97,16.88,3.62,41.67,1.92,5.0,28.7,Indoor,Rain,-114.49,Poor
5819.24,1425.34,42.23,16.71,0.05,32.41,1.95,9.0,49.2,Urban,Fog,-131.22,Poor
2421.08,181.98,45.31,13.81,1.46,12.73,2.3,5.0,81.5,Suburban,Rain,-63.53,Excellent
847.45,838.08,37.68,8.23,2.84,20.21,1.42,7.0,69.9,Indoor,Rain,-147.6,Poor
5829.78,91.55,45.69,16.74,2.32,20.64,1.99,3.0,54.2,Urban,Clear,-66.87,Excellent
2091.45,15.51,40.38,12.56,0.55,15.31,,1.0,62.9,Rural,Rain,-15.7,Excellent
2580.29,48.49,31.68,10.06,0.27,15.64,2.39,2.0,47.9,Indoor,Clear,-97.46,Fair
1820.76,761.07,47.22,6.55,2.02,45.65,1.43,2.0,56.6,Indoor,Clear,-129.45,Poor
2094.93,3002.88,44.72,14.08,2.08,27.99,2.02,5.0,62.4,Suburban,Fog,-93.38,Fair
2122.47,496.3,32.02,14.76,1.9,26.57,1.4,2.0,28.1,Rural,Clear,-52.08,Excellent
873.67,1189.55,37.29,10.94,4.7,42.4,1.45,2.0,64.6,Rural,Rain,-47.32,Excellent
2376.66,10.92,37.39,6.58,1.03,24.56,2.13,7.0,64.2,Urban,Fog,-52.33,Excellent
3472.42,1125.61,21.51,8.23,3.58,22.72,2.29,0.0,41.8,Rural,Clear,-73.4,Good
706.12,1799.25,21.18,11.97,0.91,18.23,1.67,5.0,44.7,Indoor,Clear,-169.48,Poor
869.91,129.94,22.47,5.57,0.22,13.5,2.24,0.0,74.5,Rural,Rain,-49.89,Excellent
4994.16,215.28,22.91,9.54,3.11,17.95,2.09,4.0,77.9,Indoor,Clear,-141.34,Poor
2375.44,13.85,38.38,2.67,4.22,42.74,1.67,6.0,47.2,Dense Urban,Rain,-65.74,Excellent
5792.41,29.6,36.19,14.88,1.65,32.56,1.56,4.0,67.6,Indoor,Storm,-97.64,Fair
2590.88,14.2,44.93,8.11,2.72,33.54,2.15,0.0,85.0,Rural,Storm,-11.87,Excellent
2608.61,941.76,19.35,9.12,3.15,24.7,2.29,1.0,59.1,Rural,Clear,-72.97,Good
5009.13,1441.48,43.7,16.17,3.34,29.66,1.32,6.0,29.9,Indoor,Clear,-157.7,Poor
2576.18,19.65,22.9,8.34,3.02,36.36,1.81,0.0,45.6,Rural,Clear,-32.19,Excellent
1795.21,3071.57,27.82,9.6,4.48,26.66,1.56,3.0,25.7,Suburban,Fog,-106.68,Poor
2408.55,1844.41,18.12,6.73,0.91,23.25,,1.0,80.1,Suburban,Clear,-113.03,Poor
885.53,359.23,20.2,14.91,3.71,20.06,1.44,6.0,95.9,Urban,Clear,-105.62,Poor
1794.42,4368.88,20.25,8.98,4.73,18.46,2.26,5.0,62.9,Dense Urban,Rain,-183.39,Poor
2606.82,2408.54,23.04,9.71,1.75,32.82,2.09,12.0,37.4,Dense Urban,Storm,-191.71,Poor
844.17,39.89,29.29,9.88,3.89,12.89,2.46,2.0,73.0,Suburban,Clear,-42.89,Excellent
2571.85,3757.63,24.18,12.82,3.07,16.4,1.63,5.0,37.4,Urban,Clear,-150.08,Poor
2383.36,156.87,20.55,10.66,1.38,33.66,2.39,5.0,93.1,Dense Urban,Rain,-123.43,Poor
1816.56,26.18,30.5,8.96,2.02,42.27,1.31,0.0,38.8,Rural,Fog,-20.8,Excellent
684.91,34.68,20.56,12.48,4.38,20.6,2.34,5.0,58.4,Suburban,Clear,-48.44,Excellent
3519.06,702.46,45.4,12.2,2.4,10.38,1.27,2.0,73.1,Suburban,Clear,-78.07,Good
4998.01,4627.97,41.46,13.37,1.47,36.73,1.43,8.0,58.4,Urban,Clear,-149.3,Poor
3498.38,159.14,19.37,9.51,4.98,11.61,2.24,7.0,19.4,Indoor,Rain,-148.08,Poor
2116.23,352.27,36.5,17.69,1.51,23.28,2.42,5.0,64.4,Indoor,Rain,-130.53,Poor
2593.0,64.62,47.89,11.21,0.21,27.99,1.97,5.0,38.8,Dense Urban,Clear,-76.35,Good
2084.31,1913.66,45.44,14.77,1.0,40.23,2.32,2.0,59.8,Suburban,Clear,-78.97,Good
1776.3,20.46,18.81,9.45,4.83,40.92,1.36,5.0,30.4,Indoor,Clear,-88.08,Fair
1810.31,372.79,45.84,7.39,1.55,26.69,2.32,12.0,59.5,Dense Urban,Clear,-128.53,Poor
898.2,382.11,30.16,10.39,4.3,44.95,1.57,4.0,67.7,Indoor,Clear,-123.23,Poor
5818.56,10.07,47.79,11.24,4.36,25.29,2.42,3.0,76.1,Indoor,Clear,-52.68,Excellent
2597.46,3455.81,22.43,6.94,0.11,28.98,1.76,4.0,71.9,Suburban,Clear,-127.83,Poor
844.89,,41.97,14.07,3.67,25.86,2.21,2.0,85.1,Rural,Clear,-50.55,Excellent
4987.93,182.68,41.64,8.84,2.72,34.77,2.11,8.0,67.8,Urban,Rain,-103.27,Poor
831.97,908.83,22.48,12.57,3.12,26.13,1.22,5.0,49.6,Indoor,Rain,-153.7,Poor
2419.83,1952.76,46.85,6.61,2.19,47.26,1.48,2.0,57.8,Rural,Clear,-54.75,Excellent
825.71,20.65,23.57,9.75,0.63,43.62,1.94,5.0,70.0,Urban,Fog,-59.06,Excellent
1824.13,16.92,43.9,7.64,0.69,25.58,1.49,2.0,23.3,Rural,Fog,-16.02,Excellent
2571.61,725.15,46.0,8.7,0.13,10.96,2.23,1.0,15.3,Suburban,Clear,-77.05,Good
5801.34,323.63,23.21,12.82,1.31,31.84,2.27,8.0,61.3,Urban,Rain,-132.02,Poor
5773.5,681.81,47.18,4.5,3.28,19.69,1.23,2.0,97.8,Rural,Clear,-54.65,Excellent
5016.78,349.79,43.84,5.93,1.41,22.81,1.98,2.0,77.3,Indoor,Storm,-141.72,Poor
882.69,913.08,37.52,7.76,1.9,28.35,2.49,0.0,49.1,Rural,Clear,-46.04,Excellent
703.96,26.19,23.02,6.37,2.94,42.19,1.89,5.0,75.1,Suburban,Fog,-52.19,Excellent
5824.99,38.19,36.47,4.79,,39.92,2.3,2.0,49.5,Suburban,Clear,-48.11,Excellent
5808.96,43.62,46.64,15.07,4.3,32.3,1.34,0.0,39.1,Rural,Clear,-14.53,Excellent
,133.1,20.13,4.6,1.8,39.13,2.15,2.0,29.3,Rural,Storm,-53.0,Excellent
717.8,1122.1,49.2,12.27,3.64,22.29,1.47,2.0,52.7,Rural,Rain,-34.1,Excellent
2596.49,1753.54,21.58,9.22,1.73,29.71,1.57,5.0,39.4,Dense Urban,Rain,-164.02,Poor
670.79,121.08,44.99,4.62,3.55,12.84,1.84,,72.5,Rural,Rain,-21.67,Excellent
699.21,421.61,35.25,6.74,4.66,12.1,2.42,6.0,24.2,Dense Urban,Rain,-121.93,Poor
5818.75,62.61,45.4,3.75,1.68,16.42,2.09,2.0,68.5,Suburban,Rain,-61.1,Excellent
2095.8,192.36,21.38,3.53,2.48,40.04,2.4,4.0,38.2,Indoor,Fog,-135.63,Poor
865.51,3463.29,19.31,7.74,1.24,46.88,2.16,7.0,58.8,Urban,Clear,-153.85,Poor
2612.33,53.31,28.55,14.08,2.61,34.69,2.18,1.0,41.9,Suburban,Clear,-47.59,Excellent
1797.41,1338.56,42.51,8.36,2.59,11.62,2.31,8.0,74.5,Urban,Clear,-122.63,Poor
2389.4,13.0,42.53,11.1,4.06,34.93,1.63,1.0,50.0,Rural,Fog,-5.41,Excellent
5013.59,85.47,43.22,4.05,3.91,21.01,2.23,4.0,70.4,Suburban,Rain,-66.72,Excellent
892.14,599.83,42.69,16.1,2.07,45.16,2.3,5.0,60.3,Suburban,Rain,-66.08,Excellent
2580.21,1242.81,41.65,7.29,0.86,39.23,2.16,8.0,74.2,Urban,Rain,-131.47,Poor
4989.25,396.54,47.82,5.03,1.27,24.46,2.09,1.0,45.1,Rural,Rain,-52.59,Excellent
2122.61,2218.22,23.6,7.66,2.51,27.62,1.44,9.0,83.8,Urban,Clear,-153.5,Poor
5787.0,1641.63,22.18,17.51,4.85,38.74,2.45,6.0,44.8,Urban,,-140.77,Poor
2084.1,464.12,18.67,12.08,3.39,47.14,1.57,13.0,57.1,Dense Urban,Clear,-155.37,Poor
2078.01,87.01,27.8,3.94,1.34,21.93,1.74,1.0,53.4,Rural,Fog,-47.86,Excellent
4973.31,95.86,20.69,4.59,4.96,40.82,1.29,5.0,70.1,Indoor,Rain,-136.53,Poor
2628.6,457.22,38.57,14.2,4.18,37.52,1.23,5.0,84.5,Urban,Rain,-99.42,Fair
5002.21,591.58,38.41,15.53,2.21,19.57,1.42,2.0,54.0,Suburban,Clear,-78.51,Good
3513.78,116.14,36.12,3.32,3.42,19.99,2.01,2.0,74.4,Rural,Rain,-51.17,Excellent
3516.38,118.27,39.05,6.7,0.58,18.53,1.58,9.0,33.4,Urban,Rain,-103.08,Poor
891.14,30.0,46.93,2.76,4.91,16.94,2.34,3.0,60.8,,Rain,-46.25,Excellent
1817.93,10.02,20.3,3.99,0.81,22.42,1.23,2.0,87.6,Rural,Storm,-41.42,Excellent
5027.69,176.02,24.29,4.2,4.26,15.17,1.45,5.0,56.8,Suburban,Fog,-96.35,Fair
2614.51,1747.49,30.93,9.0,2.38,20.07,1.31,2.0,62.8,Rural,Rain,-75.96,Good
912.7,1171.85,20.23,2.2,3.74,24.44,1.33,6.0,77.3,Indoor,Clear,-174.06,Poor
1795.93,4815.21,42.64,13.41,1.65,32.26,1.51,3.0,44.6,Suburban,Storm,-101.57,Poor
3520.48,640.78,29.84,8.45,2.54,27.45,2.32,6.0,97.0,Urban,Clear,-123.4,Poor
825.33,42.79,20.59,8.42,2.98,22.71,2.31,5.0,50.3,Urban,Clear,-73.65,Good
864.98,673.2,35.8,17.39,2.06,14.65,1.63,2.0,62.5,Rural,Clear,-39.73,Excellent
3491.72,1722.02,25.7,7.3,2.33,32.43,1.3,9.0,22.7,Urban,Rain,-154.49,Poor
903.96,537.07,28.76,2.66,4.88,43.6,2.09,3.0,77.2,Urban,Clear,-107.29,Poor
3523.58,199.6,34.22,8.48,2.27,34.59,2.11,6.0,61.0,Urban,Clear,-99.76,Fair
2406.3,467.03,24.36,9.47,0.8,32.68,2.4,7.0,52.5,Dense Urban,Clear,-142.6,Poor
5771.53,11.74,43.37,9.53,2.43,25.33,2.39,5.0,35.5,Suburban,Clear,-37.26,Excellent
2413.36,51.94,23.46,9.42,4.53,31.25,1.54,2.0,94.6,Rural,Rain,-46.27,Excellent
5025.74,26.65,19.76,7.35,1.26,36.84,2.35,1.0,65.8,Rural,Rain,-48.68,Excellent
5008.52,130.56,31.37,10.74,1.53,21.62,1.89,8.0,89.5,Urban,Fog,-104.39,Poor
921.69,2572.05,25.29,15.93,1.35,48.14,2.39,5.0,61.0,Urban,Clear,-127.85,Poor
5819.52,32.16,,7.73,1.86,10.87,2.08,13.0,61.5,Dense Urban,Clear,-104.32,Poor
3521.68,15.54,37.95,10.56,2.36,23.41,1.8,1.0,60.9,Rural,Rain,-19.71,Excellent
840.65,1249.94,21.68,15.56,1.67,49.28,1.95,2.0,43.1,Rural,Clear,-57.25,Excellent
698.45,2200.11,29.13,8.38,0.93,42.43,1.51,6.0,46.0,Urban,Rain,-128.47,Poor
920.88,271.78,48.26,,1.7,12.23,1.94,3.0,56.9,Urban,Rain,-82.66,Good
724.62,103.83,44.67,8.92,2.08,24.42,1.55,7.0,91.2,Dense Urban,Clear,-84.6,Good
1778.81,145.21,35.14,10.07,2.45,37.5,1.77,5.0,10.6,Suburban,Rain,-69.09,Excellent
5780.89,600.62,48.39,15.9,3.28,32.04,1.59,0.0,80.2,Rural,Fog,-36.8,Excellent
2090.81,1751.95,18.22,15.65,3.69,47.37,1.78,4.0,36.3,Indoor,Clear,-173.27,Poor
716.22,32.46,41.97,14.3,4.13,41.56,,1.0,53.3,Suburban,Rain,-15.89,Excellent
2122.5,2723.76,21.03,8.12,1.25,36.38,1.94,9.0,44.8,Urban,Clear,-159.59,Poor
904.81,594.67,38.56,6.43,3.08,34.21,1.26,2.0,68.5,Rural,Clear,-44.68,Excellent
4976.8,983.16,20.15,9.06,0.92,49.94,2.11,4.0,84.4,Suburban,Clear,-111.87,Poor
688.22,17.16,29.06,7.11,3.1,30.08,2.06,3.0,69.7,Indoor,Clear,-65.83,Excellent
3521.42,3010.13,19.61,17.68,4.6,10.2,1.32,2.0,38.8,Rural,Clear,-85.65,Fair
2090.85,266.43,22.43,3.35,4.36,39.7,1.61,9.0,59.9,Dense Urban,Clear,-139.68,Poor
676.17,94.91,38.26,10.09,3.04,30.96,1.53,4.0,72.4,Urban,Clear,-63.02,Excellent
2588.12,119.32,42.39,8.15,1.38,43.71,1.8,8.0,62.3,Dense Urban,Clear,-102.73,Poor
2118.4,61.79,45.02,14.36,0.69,28.01,1.7,1.0,70.4,Rural,Storm,-21.94,Excellent
3499.61,27.53,43.78,11.54,2.23,16.5,2.28,4.0,77.2,Urban,Clear,-54.45,Excellent
2580.29,12.4,19.11,2.96,1.99,36.24,1.71,0.0,45.0,Rural,Rain,-34.69,Excellent
3488.76,51.72,45.82,12.77,3.37,46.6,1.35,4.0,55.6,Urban,Storm,-64.03,Excellent
2127.21,218.95,21.3,9.88,0.53,13.62,1.57,4.0,63.2,Suburban,Fog,-88.94,Fair
695.92,630.33,43.38,11.86,0.23,17.27,1.38,0.0,71.3,Rural,Clear,-35.16,Excellent
846.5,953.41,47.47,3.46,3.63,19.14,1.62,4.0,58.2,Indoor,Clear,-140.49,Poor
2079.18,405.06,44.5,10.16,3.01,15.63,2.31,0.0,24.8,Rural,Clear,-38.05,Excellent
1788.27,20.57,35.04,10.45,1.77,32.52,1.89,1.0,56.2,Suburban,Rain,-31.02,Excellent
3518.88,146.13,45.35,4.34,3.72,13.06,1.67,1.0,51.5,Suburban,Clear,-61.12,Excellent
2117.17,632.86,31.27,11.83,2.22,49.38,2.37,3.0,43.2,Urban,Clear,-104.63,Poor
4996.13,1013.47,21.54,16.54,3.96,16.75,1.8,2.0,35.9,Suburban,Clear,-98.15,Fair
873.62,75.13,30.76,2.41,4.19,11.99,2.15,7.0,33.4,Dense Urban,Rain,-104.79,Poor
1792.82,3205.05,24.97,6.05,3.73,23.36,1.46,5.0,46.2,Suburban,Rain,-123.12,Poor
3521.86,1401.88,21.33,7.27,4.67,29.04,1.68,2.0,42.4,Rural,Clear,-79.62,Good
821.89,1989.74,19.48,10.71,0.36,43.0,1.86,6.0,49.4,Urban,Rain,-138.66,Poor
1790.83,629.48,21.4,13.84,0.63,34.67,1.87,3.0,49.0,Urban,Clear,-115.39,Poor
3521.3,130.84,41.08,12.58,3.96,49.34,2.24,5.0,31.9,Suburban,Clear,-57.52,Excellent
2424.08,3321.18,45.79,9.39,3.65,26.0,1.95,3.0,10.3,Suburban,Rain,-96.45,Fair
3515.39,2710.03,44.35,17.36,2.13,13.75,2.37,4.0,81.2,Urban,Clear,-122.17,Poor
2410.19,1721.99,35.8,7.47,2.66,46.44,2.39,6.0,61.2,Indoor,Rain,-169.86,Poor
5018.93,2541.71,45.77,14.54,1.02,32.97,1.76,0.0,41.0,Rural,Rain,-55.98,Excellent
5012.45,2977.87,25.1,15.22,1.7,30.44,2.09,2.0,55.1,Suburban,Rain,-118.31,Poor
5785.25,1033.7,43.73,3.62,0.39,28.04,2.22,5.0,86.5,Indoor,Storm,-176.5,Poor
847.97,34.73,46.04,2.7,0.17,17.51,1.67,2.0,83.1,Suburban,Fog,-34.31,Excellent
2409.64,284.13,18.12,17.78,3.29,24.71,1.57,3.0,22.8,Suburban,Fog,-83.58,Good
855.27,459.78,29.17,7.74,2.96,23.02,2.34,5.0,51.6,Urban,Clear,-104.13,Poor
923.11,1222.68,24.39,12.69,3.5,24.29,1.97,0.0,60.8,Rural,Storm,-58.48,Excellent
1798.43,216.96,18.73,2.47,1.93,21.04,1.45,0.0,83.0,Rural,Fog,-62.21,Excellent
2580.68,242.23,22.6,14.22,4.03,30.02,1.95,0.0,34.3,Rural,Clear,-48.86,Excellent
2082.87,4864.07,46.21,7.63,1.88,40.03,1.49,5.0,54.2,Dense Urban,Rain,-160.35,Poor
5020.76,166.15,24.05,11.3,1.54,48.4,1.8,0.0,37.2,Rural,Rain,-52.93,Excellent
870.52,22.43,36.18,2.77,2.99,14.7,2.08,8.0,47.7,Urban,Fog,-62.98,Excellent
2622.15,823.03,47.89,3.73,2.73,45.08,2.28,3.0,56.3,Suburban,Rain,-78.89,Good
3473.34,95.17,42.33,15.17,3.61,23.78,1.72,2.0,38.0,Rural,Rain,-31.01,Excellent
5793.5,46.86,30.73,10.87,2.29,30.75,1.33,1.0,47.2,Suburban,Clear,-56.74,Excellent
918.01,496.82,19.72,14.43,4.74,14.63,2.21,2.0,56.8,Suburban,Rain,-81.51,Good
3494.46,3765.39,31.11,4.58,2.45,15.49,2.06,9.0,72.8,Urban,Fog,-166.1,Poor
719.34,69.87,26.04,7.24,0.08,42.62,2.01,13.0,39.0,Dense Urban,Clear,-115.64,Poor
2376.02,101.1,45.58,15.62,2.89,30.55,1.6,8.0,62.5,Urban,Clear,-73.6,Good
2100.69,180.44,45.98,11.38,3.81,19.65,1.26,1.0,52.9,Suburban,Fog,-50.45,Excellent
5804.95,719.24,22.35,12.71,2.5,46.94,1.97,1.0,70.3,Suburban,Clear,-94.39,Fair
3523.45,117.13,19.12,5.3,1.54,44.51,2.21,10.0,23.0,Dense Urban,Clear,-134.48,Poor
5775.62,140.38,41.95,10.89,2.75,25.15,1.59,0.0,35.6,Rural,Clear,-35.44,Excellent
4990.32,779.33,45.97,13.74,3.38,18.09,2.09,0.0,40.5,Rural,Clear,-44.06,Excellent
2109.56,4558.79,44.83,4.76,3.13,24.19,1.37,6.0,28.6,Urban,Clear,-140.38,Poor
3528.8,71.49,41.88,6.79,2.04,37.72,2.15,6.0,57.4,Urban,Storm,-85.82,Fair
720.9,380.0,25.25,2.14,1.91,23.07,2.31,4.0,54.2,Urban,Rain,-111.33,Poor
2420.79,1393.39,32.08,17.41,4.05,29.02,1.71,1.0,61.7,Rural,Clear,-53.98,Excellent
701.03,37.37,22.47,16.33,1.31,47.98,1.38,5.0,57.6,Indoor,Clear,-86.13,Fair
3503.86,1616.66,46.97,3.48,1.92,47.7,1.83,2.0,94.0,Indoor,Clear,-153.92,Poor
5821.51,90.77,44.69,15.32,3.31,28.15,1.96,4.0,69.4,Urban,Clear,-68.08,Excellent
2622.18,19.94,44.1,10.74,2.07,45.98,1.35,5.0,66.2,Suburban,Clear,-31.9,Excellent
5018.14,11.67,34.65,17.43,1.98,25.43,1.45,7.0,51.6,Dense Urban,Clear,-64.6,Excellent
919.11,12.28,46.96,10.15,0.62,29.28,1.28,8.0,87.9,Urban,Rain,-39.27,Excellent
5822.78,1421.72,21.9,5.31,2.57,18.5,2.3,8.0,49.3,Dense Urban,Clear,-180.37,Poor
2376.83,663.19,30.25,15.7,4.95,19.88,1.69,1.0,66.7,Suburban,Clear,-75.23,Good
2587.56,1385.5,21.29,17.01,4.28,37.81,1.92,9.0,48.7,Urban,Rain,-142.38,Poor
3528.57,1076.92,37.67,10.49,3.92,41.17,2.1,2.0,59.7,Rural,Clear,-57.4,Excellent
2602.69,106.72,18.84,8.52,2.42,32.83,1.53,8.0,65.1,Urban,,-106.19,Poor
1780.59,3297.53,24.51,14.4,4.11,35.61,2.2,1.0,73.3,Rural,Rain,-70.99,Good
2600.18,2341.79,31.42,3.35,4.56,22.45,1.41,2.0,33.9,Suburban,Storm,-112.18,Poor
2608.75,87.13,18.51,15.48,1.09,46.04,2.49,3.0,58.1,Indoor,Clear,-110.95,Poor
5019.69,1219.4,21.21,15.77,2.48,37.68,1.81,7.0,35.8,Dense Urban,Clear,-158.93,Poor
2118.73,1630.17,45.78,6.73,4.28,44.79,1.84,2.0,48.0,Suburban,Rain,-84.41,Good
2372.95,208.14,22.61,2.18,4.11,40.89,1.92,4.0,57.0,Suburban,Clear,-86.07,Fair
2397.21,21.14,46.59,2.16,4.42,28.74,1.58,0.0,60.7,Rural,Clear,-10.4,Excellent
821.23,79.73,30.54,17.65,4.79,36.93,1.79,9.0,54.2,Dense Urban,Clear,-84.93,Good
723.29,4664.14,21.33,14.49,1.44,15.58,1.25,0.0,35.9,Rural,Rain,-70.65,Good
680.43,855.63,18.73,7.74,2.93,24.62,2.29,2.0,70.6,Rural,Clear,-63.96,Excellent
2607.49,1232.88,43.85,16.23,0.8,33.97,2.42,6.0,22.1,Urban,Rain,-114.23,Poor
2104.24,2892.39,18.26,16.28,2.63,16.93,1.69,3.0,61.2,Indoor,Rain,-185.73,Poor
5007.53,35.26,45.73,16.53,0.37,42.85,2.3,6.0,57.4,Indoor,Fog,-82.89,Good
3503.8,4108.6,22.83,10.03,2.1,25.12,2.04,5.0,56.3,Indoor,Clear,-201.93,Poor
862.94,250.29,38.46,15.13,2.6,46.7,1.59,1.0,81.9,Rural,Fog,-22.38,Excellent
857.57,1022.97,30.01,2.6,3.48,43.06,1.49,7.0,59.2,Indoor,Clear,-157.88,Poor
1775.42,72.25,19.61,4.56,1.07,20.81,1.94,1.0,90.5,Rural,Storm,-57.08,Excellent
5792.01,77.46,45.14,12.12,4.39,10.37,1.54,11.0,84.4,Dense Urban,Clear,-102.97,Poor
702.8,93.44,19.36,3.66,0.14,12.67,2.09,8.0,43.3,Urban,Clear,-105.59,Poor
839.51,86.98,42.29,2.69,3.07,13.18,1.54,4.0,55.6,Suburban,Fog,-56.18,Excellent
715.62,14.75,34.19,3.73,4.56,21.67,2.31,12.0,46.4,Dense Urban,Clear,-73.37,Good
2089.07,68.47,22.67,9.27,4.33,10.84,2.33,1.0,81.0,Suburban,Fog,-63.83,Excellent
5819.72,558.81,44.59,9.81,2.62,28.65,1.84,1.0,66.0,Rural,Clear,-49.5,Excellent
2578.8,2718.93,22.62,16.82,0.72,33.33,1.96,2.0,33.4,Suburban,Clear,-108.2,Poor
2116.16,12.96,23.36,8.75,0.49,41.33,1.67,9.0,72.6,Dense Urban,Clear,-83.4,Good
831.01,11.09,35.37,10.23,3.56,,2.34,3.0,57.3,Suburban,Fog,-17.84,Excellent
1801.68,397.07,28.77,15.06,0.62,11.07,2.35,2.0,73.0,Suburban,Fog,-79.9,Good
2389.23,773.39,27.6,15.04,0.3,49.36,2.01,4.0,29.6,Suburban,Rain,-92.78,Fair
908.24,438.14,42.24,7.23,2.24,32.88,1.36,3.0,53.3,Urban,Clear,-87.21,Fair
3482.76,4228.78,44.58,13.59,0.92,36.07,1.87,2.0,63.4,Rural,Clear,-61.88,Excellent
5817.72,41.47,46.22,16.17,4.04,19.0,,10.0,43.9,Dense Urban,Clear,-85.93,Fair
904.42,199.01,22.26,15.17,2.71,29.0,2.41,2.0,64.7,Rural,Storm,-45.95,Excellent
927.44,2964.78,48.01,7.25,4.28,23.77,2.41,5.0,44.9,Suburban,Rain,-89.36,Fair
862.71,464.09,28.06,13.84,1.95,26.15,2.21,1.0,58.9,Suburban,Clear,-68.45,Excellent
3506.44,361.11,45.73,13.8,,24.67,1.22,2.0,71.4,Rural,Fog,-36.39,Excellent
2119.75,3293.91,21.2,5.87,4.89,16.57,1.73,5.0,62.2,Dense Urban,Clear,-175.62,Poor
883.18,82.17,39.76,12.72,2.76,23.17,2.41,5.0,26.8,Urban,Clear,-62.02,Excellent
907.96,26.56,47.25,3.41,0.94,39.57,1.69,9.0,83.9,Urban,Rain,-58.18,Excellent
693.42,22.32,44.42,6.39,0.27,20.87,1.99,1.0,72.2,Suburban,Clear,-24.23,Excellent
2114.63,1652.76,37.55,2.45,4.59,39.69,2.28,10.0,61.6,Dense Urban,Clear,-158.07,Poor
2571.47,2055.31,34.78,4.09,2.55,28.61,1.46,9.0,92.5,Urban,Clear,-147.77,Poor
895.66,42.78,19.8,3.7,1.01,48.9,1.46,3.0,54.1,Indoor,Clear,-97.67,Fair
709.1,171.25,,17.15,1.87,24.43,2.4,5.0,70.8,Indoor,Rain,-101.31,Poor
2097.64,378.88,31.11,4.62,4.65,48.55,2.29,3.0,17.9,Urban,Clear,-104.47,Poor
2584.28,23.73,21.48,3.16,4.8,12.01,1.77,8.0,85.5,Dense Urban,Rain,-101.95,Poor
1797.86,1953.95,46.03,14.0,1.03,13.93,2.39,1.0,70.1,Rural,Rain,-51.1,Excellent
920.98,135.06,29.66,12.38,2.53,20.39,1.93,6.0,86.3,Dense Urban,Clear,-101.95,Poor
832.41,2140.37,38.15,12.18,4.03,45.27,1.48,1.0,43.3,Rural,Clear,-45.92,Excellent
3492.03,1125.7,22.34,16.27,3.61,39.33,1.66,4.0,97.9,Suburban,Clear,-101.17,Poor
5029.42,62.53,22.01,12.66,3.28,20.95,2.26,3.0,71.0,Suburban,Clear,-70.95,Good
3524.77,859.04,46.15,12.69,4.14,10.3,1.91,0.0,72.4,Rural,Clear,-42.84,Excellent
2372.04,998.02,49.39,9.31,4.07,42.81,1.23,1.0,38.0,Suburban,Clear,-66.66,Excellent
3501.82,69.2,18.21,11.05,3.02,44.13,1.86,7.0,65.8,Urban,Clear,-99.7,Fair
1773.92,48.4,46.03,14.26,2.46,20.42,1.22,5.0,61.8,Dense Urban,Clear,-65.23,Excellent
725.43,1668.81,23.75,7.75,4.09,10.95,1.41,4.0,58.1,Suburban,Clear,-105.79,Poor
1796.49,675.65,24.64,2.58,3.82,48.84,2.05,0.0,64.5,Rural,Rain,-63.9,Excellent
3495.11,991.03,46.0,8.82,0.98,24.89,2.01,7.0,23.9,Dense Urban,Clear,-143.01,Poor
2586.38,69.97,38.76,8.03,2.52,19.1,1.9,0.0,74.9,Rural,Clear,-30.16,Excellent
5804.13,889.57,42.38,4.91,2.96,48.69,2.01,5.0,38.8,Urban,Rain,-121.74,Poor
5778.7,847.02,20.82,13.34,,39.7,1.74,6.0,55.0,Urban,Rain,-139.12,Poor
917.94,79.34,43.62,14.87,2.39,16.7,1.21,6.0,50.6,Urban,Clear,-63.81,Excellent
699.47,53.7,29.86,4.54,1.37,28.31,2.06,7.0,55.3,Indoor,Rain,-103.45,Poor
903.99,145.99,43.49,9.7,0.96,26.86,2.14,9.0,27.9,Dense Urban,Rain,-98.28,Fair
5020.45,988.07,35.69,7.22,4.66,25.66,1.93,3.0,25.5,Suburban,Clear,-96.08,Fair
4981.11,33.3,19.55,11.09,2.75,36.97,1.99,11.0,47.9,Dense Urban,Clear,-109.72,Poor
680.51,2288.8,44.07,3.5,1.26,15.18,1.44,4.0,22.0,Suburban,Clear,-93.54,Fair
845.25,48.86,22.34,16.95,2.11,27.64,1.53,0.0,35.0,Rural,Clear,-20.85,Excellent
2417.17,1845.64,31.71,3.02,0.15,31.57,1.9,4.0,66.1,Suburban,Clear,-109.58,Poor
2573.51,26.33,43.63,15.16,0.02,34.91,1.57,2.0,48.2,Rural,Clear,-12.91,Excellent
5817.71,990.21,46.46,5.11,1.71,16.01,1.49,5.0,49.8,Indoor,Clear,-160.56,Poor
3500.05,327.48,43.6,14.33,3.54,43.26,2.21,2.0,84.3,Rural,Fog,-35.93,Excellent
903.71,609.9,30.48,6.51,3.66,32.26,2.0,0.0,10.0,Rural,Storm,-49.68,Excellent
703.86,4257.61,29.91,14.64,0.02,48.34,1.33,7.0,45.4,Urban,Fog,-138.28,Poor
2573.37,13.86,43.81,16.65,3.42,24.69,2.29,7.0,58.1,Urban,Fog,-41.49,Excellent
2384.99,25.26,25.07,16.97,3.79,46.6,1.89,7.0,63.3,Dense Urban,Clear,-76.86,Good
5815.32,16.35,36.39,15.82,1.16,13.88,2.18,2.0,27.7,Indoor,Clear,-71.86,Good
2394.74,252.63,22.53,8.81,0.77,48.84,1.91,11.0,62.0,Dense Urban,Clear,-141.71,Poor
2403.63,1468.09,24.38,8.86,3.53,41.08,1.82,3.0,46.7,Suburban,Clear,-102.49,Poor
1826.69,14.06,36.09,17.24,2.84,27.38,2.12,5.0,82.6,Urban,Rain,-43.71,Excellent
672.78,1269.39,46.13,16.26,1.98,13.03,1.82,5.0,72.2,Urban,Clear,-98.29,Fair
4996.98,147.5,20.01,9.76,2.89,42.21,2.03,3.0,49.7,Urban,Clear,-97.53,Fair
4991.68,3474.46,42.54,8.37,4.05,26.87,1.94,2.0,54.4,Suburban,Rain,-105.41,Poor
826.39,107.87,21.96,3.51,0.47,35.33,2.13,0.0,60.6,Rural,Clear,-44.0,Excellent
3527.05,4543.6,43.5,7.78,2.56,27.55,2.22,2.0,58.6,Rural,Fog,-70.03,Good
1827.69,317.71,31.35,9.54,1.38,19.07,2.12,6.0,54.0,Indoor,Clear,-139.51,Poor
2088.69,4698.53,21.43,15.29,1.42,13.15,2.4,4.0,50.5,Urban,Fog,-153.8,Poor
5026.8,507.51,39.02,7.18,3.87,49.52,2.42,2.0,94.1,Suburban,Clear,-78.38,Good
4972.11,86.05,22.48,6.84,3.25,20.19,1.34,3.0,72.3,Suburban,Clear,-80.06,Good
878.85,1473.59,38.41,2.42,4.44,28.04,1.99,5.0,61.2,Suburban,Fog,-93.81,Fair
1820.16,206.2,23.37,2.63,1.83,32.84,1.96,5.0,67.1,Suburban,Clear,-90.33,Fair
4982.86,68.15,29.96,14.93,2.53,41.22,1.26,12.0,40.6,Dense Urban,Clear,-113.27,Poor
5805.97,195.44,21.02,4.63,0.72,20.96,1.7,8.0,50.7,Urban,Storm,-138.77,Poor
717.9,2255.62,22.11,17.46,4.26,40.68,1.54,0.0,32.6,Rural,Clear,-53.7,Excellent
4989.16,947.27,20.7,2.96,3.09,15.01,1.75,7.0,54.3,Dense Urban,Clear,-171.63,Poor
2091.23,29.44,20.51,14.9,4.55,42.7,2.2,8.0,34.7,Urban,Clear,-72.92,Good
2407.74,1833.79,18.86,3.84,3.16,46.15,1.58,5.0,48.6,Urban,Clear,-145.84,Poor
678.83,146.01,36.51,12.16,0.67,46.13,2.4,5.0,50.3,Suburban,Rain,-53.55,Excellent
2577.09,16.74,30.16,14.11,2.82,11.71,2.34,4.0,42.8,Indoor,Fog,-79.71,Good
2584.99,24.96,25.69,5.62,4.75,29.92,2.02,5.0,71.9,Suburban,Clear,-57.75,Excellent
2614.48,15.09,38.03,10.98,0.84,45.6,2.48,2.0,98.0,Indoor,Clear,-58.22,Excellent
3492.0,670.02,44.33,14.49,1.64,41.71,1.22,2.0,24.8,Rural,Clear,-45.02,Excellent
5800.44,49.56,42.8,4.73,3.23,45.23,1.66,2.0,70.7,Rural,Rain,-37.33,Excellent
4981.73,18.2,22.98,10.36,2.85,38.62,1.52,4.0,53.3,Urban,Clear,-68.6,Excellent
3481.65,97.04,27.48,10.52,0.92,44.07,1.38,2.0,32.1,Rural,Clear,-47.65,Excellent
5809.03,2187.34,41.44,14.28,0.8,12.4,2.2,2.0,39.8,Indoor,Rain,-172.16,Poor
2576.5,497.64,18.45,7.78,0.73,17.91,1.86,7.0,57.7,Urban,Rain,-137.81,Poor
2610.07,205.26,20.98,12.32,2.68,38.95,2.4,6.0,56.2,Urban,Clear,-104.28,Poor
2394.04,952.51,30.77,17.2,4.56,42.56,1.72,5.0,61.8,Urban,Fog,-112.87,Poor
3510.28,16.03,33.0,13.34,2.51,17.32,2.45,4.0,38.5,Urban,Clear,-53.08,Excellent
692.9,2413.09,38.47,2.29,2.05,42.19,2.03,9.0,18.6,Urban,Rain,-135.65,Poor
2420.76,30.18,44.22,4.41,1.05,19.14,1.68,3.0,56.9,Indoor,Clear,-82.75,Good
2073.33,11.42,45.32,8.37,4.43,36.57,2.04,6.0,76.1,Urban,Clear,-38.42,Excellent
5823.6,95.06,24.37,8.47,4.93,30.71,2.35,3.0,31.3,Urban,Storm,-100.47,Poor
686.12,14.38,28.36,7.29,3.55,40.77,1.27,0.0,69.2,Rural,Clear,-8.39,Excellent
2572.55,28.24,28.74,9.09,2.58,27.32,1.77,5.0,58.5,Urban,Storm,-75.52,Good
853.74,987.5,20.82,17.09,4.57,18.12,1.27,9.0,82.3,Urban,Fog,-128.45,Poor
4983.46,123.7,19.69,14.87,2.63,42.9,2.01,2.0,64.5,Suburban,Clear,-73.72,Good
4997.55,10.44,36.06,4.22,1.73,47.07,1.22,5.0,91.6,Urban,Rain,-60.74,Excellent
918.14,546.36,36.83,9.11,0.93,34.97,1.87,13.0,78.6,Dense Urban,Rain,-139.01,Poor
5017.49,809.98,24.98,12.91,0.69,44.59,1.46,10.0,18.4,Dense Urban,Clear,-160.32,Poor
2106.02,2718.77,47.92,4.62,2.25,10.88,1.46,7.0,43.7,Indoor,Clear,-172.6,Poor
5828.67,26.14,23.64,2.81,1.95,31.81,2.16,7.0,20.5,Urban,Clear,-88.25,Fair
3497.83,2058.09,36.47,17.32,1.04,25.42,1.42,2.0,80.8,Rural,Clear,-60.99,Excellent
672.36,818.05,46.78,14.55,2.54,38.46,1.27,9.0,50.4,Urban,Fog,-94.88,Fair
919.17,332.05,41.71,16.16,3.64,23.15,1.7,1.0,62.2,Rural,Clear,-24.34,Excellent
2083.28,50.88,44.75,14.5,3.08,10.54,1.78,6.0,19.9,Urban,Storm,-64.93,Excellent
880.57,172.07,24.43,12.86,3.87,28.9,1.66,5.0,21.6,Indoor,Clear,-119.81,Poor
824.2,34.29,48.9,14.24,4.05,33.78,1.87,0.0,45.8,Rural,Clear,8.48,Excellent
5789.67,865.04,28.8,10.4,0.68,37.11,1.67,6.0,52.4,Dense Urban,Clear,-150.46,Poor
4989.57,792.44,21.61,6.11,4.96,43.32,1.58,5.0,37.9,Suburban,Rain,-113.21,Poor
2088.17,32.88,43.83,3.51,0.82,49.99,1.86,6.0,51.2,Dense Urban,Rain,-76.25,Good
905.59,48.06,36.59,11.56,3.69,40.5,1.24,1.0,57.8,Rural,Clear,-12.42,Excellent
865.09,2704.42,21.5,5.51,2.85,22.22,1.23,1.0,63.0,Rural,Rain,-80.47,Good
5826.27,187.53,21.98,15.17,2.59,47.61,2.34,10.0,48.8,Dense Urban,Rain,-135.43,Poor
1775.64,307.22,22.55,10.56,4.51,37.13,2.06,5.0,71.7,Urban,Clear,-106.25,Poor
679.02,3866.35,20.09,17.93,3.95,45.79,1.65,5.0,70.1,Indoor,Rain,-181.0,Poor
1805.39,36.2,24.32,8.17,0.28,26.63,1.66,3.0,85.9,Suburban,Clear,-58.49,Excellent
2075.89,492.73,29.22,8.71,3.14,15.68,1.66,6.0,86.9,Urban,Rain,-120.63,Poor
2592.25,1227.56,23.33,6.31,2.47,37.27,2.32,4.0,47.4,Urban,Clear,-135.88,Poor
1807.47,72.8,45.92,6.58,2.07,15.43,2.46,1.0,30.9,Rural,Clear,-24.68,Excellent
5816.83,68.15,45.84,9.64,0.17,44.8,1.59,2.0,49.0,Rural,Clear,-29.69,Excellent
2583.06,2633.23,48.74,3.03,4.39,35.67,2.11,11.0,63.8,Dense Urban,Clear,-161.44,Poor
5810.08,18.55,17.99,15.33,1.64,27.7,1.52,9.0,49.9,Urban,Rain,-88.76,Fair
1808.75,26.59,36.99,3.58,5.0,15.14,2.16,5.0,50.6,Indoor,Clear,-86.88,Fair
2621.58,128.57,20.08,16.5,4.08,21.25,2.44,0.0,57.0,Rural,Fog,-44.33,Excellent
1788.82,1428.35,43.96,8.38,4.01,21.31,1.25,1.0,46.7,Rural,Clear,-50.67,Excellent
2615.01,169.05,18.35,9.36,2.96,11.85,1.28,1.0,41.0,Rural,Clear,-59.2,Excellent
3515.12,53.73,,17.43,4.15,15.85,2.24,6.0,35.1,Indoor,Clear,-108.31,Poor
1784.35,136.26,22.11,13.82,1.26,34.34,1.79,11.0,73.7,Dense Urban,Storm,-132.76,Poor
5807.27,159.33,26.62,6.46,2.96,11.53,1.92,2.0,51.9,Indoor,Rain,-141.27,Poor
5010.51,916.68,31.74,6.89,2.92,28.96,1.71,4.0,65.7,Indoor,Fog,-164.12,Poor
4986.47,2211.72,34.8,4.4,2.15,33.82,1.27,4.0,54.7,Suburban,Clear,-113.32,Poor
897.11,73.63,20.6,12.22,2.83,19.86,1.72,6.0,41.0,Indoor,Storm,-112.57,Poor
3496.15,817.2,38.42,12.57,3.78,49.8,1.39,12.0,46.7,Dense Urban,Clear,-146.56,Poor
866.41,781.68,19.5,16.23,0.94,28.31,1.62,2.0,24.0,Suburban,Storm,-88.03,Fair
820.04,1174.81,19.55,6.55,4.88,40.16,1.42,6.0,60.3,Urban,Clear,-129.9,Poor
5800.06,356.95,19.58,3.08,2.34,18.9,2.31,7.0,90.0,Urban,Storm,-149.54,Poor
831.06,10.96,24.61,5.52,3.46,11.37,1.53,2.0,59.8,Suburban,Clear,-36.07,Excellent
5008.81,589.07,42.17,17.41,4.53,12.93,1.96,4.0,72.1,Suburban,Clear,-79.16,Good
2110.82,449.34,23.89,17.81,4.84,,2.48,13.0,30.7,Dense Urban,Clear,-140.75,Poor
1800.07,447.17,35.29,7.65,2.93,22.16,2.49,4.0,16.1,Suburban,Rain,-80.15,Good
702.52,57.44,43.5,9.84,4.8,17.67,2.05,4.0,47.4,Suburban,Clear,-33.94,Excellent
2588.9,18.37,44.35,15.54,2.88,23.39,1.6,4.0,98.0,,Clear,-57.28,Excellent
3488.8,32.44,39.11,9.64,1.28,14.86,1.86,3.0,20.1,Indoor,Clear,-82.76,Good
2114.71,38.33,20.68,17.34,2.76,45.45,1.86,1.0,77.2,Rural,Fog,-28.22,Excellent
4977.9,29.41,36.55,15.4,0.59,22.18,2.34,1.0,60.9,Rural,Fog,-27.02,Excellent
1816.29,45.71,25.4,13.86,3.63,39.25,2.13,1.0,66.1,Suburban,Clear,-43.77,Excellent
2409.3,15.32,38.38,12.06,1.17,46.57,2.35,5.0,59.1,Urban,Rain,-47.91,Excellent
923.07,53.32,45.7,5.3,2.08,47.44,1.22,1.0,43.5,Suburban,Clear,-29.78,Excellent
2385.61,4934.72,20.01,4.93,1.88,32.64,2.47,9.0,47.4,Urban,Clear,-173.03,Poor
850.37,240.0,20.45,15.87,1.18,23.05,2.09,2.0,70.1,Rural,Clear,-48.32,Excellent
2072.34,85.03,22.44,5.85,3.6,46.25,2.41,5.0,72.7,Suburban,Clear,-72.96,Good
2424.75,880.18,30.82,5.9,1.59,48.9,2.23,5.0,24.5,Suburban,Clear,-96.22,Fair
2410.52,184.95,30.74,15.54,4.71,40.11,2.12,1.0,56.3,Suburban,Clear,-57.49,Excellent
2107.37,12.01,21.33,2.74,0.03,33.14,1.29,2.0,48.7,Rural,Clear,-40.27,Excellent
2613.96,300.18,45.27,13.48,2.27,16.65,1.39,4.0,29.7,Urban,Rain,-91.83,Fair
2387.06,66.17,19.32,11.85,2.32,35.07,1.47,8.0,79.8,Urban,Clear,-96.48,Fair
906.23,348.02,36.62,2.61,2.92,19.41,1.84,4.0,47.7,Suburban,Clear,-75.52,Good
918.06,29.34,37.4,4.9,0.6,17.13,2.21,2.0,57.6,Rural,Clear,-24.01,Excellent
2575.42,200.63,43.27,6.8,4.3,26.02,1.51,1.0,79.1,Suburban,Clear,-56.84,Excellent
5827.53,33.31,35.92,5.63,1.11,25.99,2.47,1.0,72.4,Suburban,Clear,-52.07,Excellent
3523.51,64.05,22.01,4.71,1.91,30.32,2.06,3.0,81.3,Suburban,Fog,-75.33,Good
2627.78,715.55,23.01,15.66,2.82,25.4,2.16,6.0,33.3,Dense Urban,Rain,-143.7,Poor
5818.5,41.16,,16.8,0.02,11.52,2.37,6.0,86.3,Indoor,Storm,-121.82,Poor
4987.66,133.61,32.16,4.8,3.11,29.26,1.87,6.0,43.5,Urban,Storm,-107.3,Poor
2404.89,15.75,44.41,11.25,1.02,22.04,1.39,1.0,37.1,Suburban,Clear,-24.66,Excellent
827.21,715.53,29.26,8.93,3.8,33.64,1.76,9.0,65.7,Urban,Fog,-116.96,Poor
2615.25,284.83,29.37,8.02,1.44,26.76,1.89,4.0,46.6,Indoor,Clear,-136.09,Poor
2579.22,1571.8,30.47,17.25,3.01,26.19,2.46,7.0,70.1,Indoor,Clear,-168.88,Poor
922.01,278.07,21.09,2.73,2.5,44.24,1.29,5.0,39.7,Dense Urban,Storm,-130.67,Poor
4984.43,4823.4,46.22,17.6,4.41,39.65,1.63,2.0,57.3,Indoor,Storm,-171.71,Poor
4979.62,44.75,36.17,7.08,1.78,41.67,2.17,2.0,88.2,Indoor,Clear,-94.02,Fair
1774.25,1006.75,45.48,11.11,2.51,35.37,2.12,5.0,65.0,Suburban,Clear,-78.91,Good
2112.68,146.84,29.34,16.9,2.68,45.2,2.29,7.0,53.1,Urban,Clear,-86.92,Fair
831.17,103.45,24.11,12.32,0.55,35.26,2.44,4.0,61.4,Urban,Clear,-79.68,Good
831.86,942.7,29.94,14.27,2.72,11.15,1.93,5.0,10.0,Urban,Clear,-113.32,Poor
880.18,3793.32,22.9,,2.45,30.1,2.31,9.0,50.5,Urban,Clear,-160.91,Poor
1788.35,1094.66,21.01,11.12,0.85,32.98,2.45,12.0,30.1,Dense Urban,Clear,-168.74,Poor
926.47,77.8,45.31,6.97,3.11,45.65,1.37,10.0,49.1,Dense Urban,Clear,-84.5,Good
849.2,237.78,46.46,8.71,2.56,30.63,1.96,1.0,31.9,Suburban,Fog,-47.68,Excellent
2085.65,38.55,22.27,5.8,0.71,19.45,1.79,6.0,60.2,Urban,Clear,-87.52,Fair
2580.22,472.07,39.22,11.85,3.14,28.02,2.2,4.0,15.1,Urban,Clear,-100.11,Poor
1771.13,122.06,46.74,10.57,2.35,26.91,1.46,5.0,53.3,Urban,Fog,-69.09,Excellent
2391.9,41.28,43.26,4.05,4.53,32.27,2.32,8.0,81.2,Urban,Rain,-73.18,Good
876.6,11.4,44.54,13.67,2.69,20.59,1.78,12.0,74.0,Dense Urban,Rain,-53.65,Excellent
3471.62,3143.57,46.48,6.55,1.22,23.2,1.68,3.0,53.2,Suburban,Clear,-101.02,Poor
2576.18,16.32,26.69,11.39,3.7,48.44,2.13,4.0,74.9,Urban,Clear,-53.66,Excellent
5789.11,77.41,20.0,15.89,2.12,29.53,1.63,6.0,53.0,Indoor,Clear,-123.6,Poor
715.05,32.66,44.72,8.36,4.17,,2.36,3.0,55.5,Suburban,Clear,-21.85,Excellent
4974.02,215.59,43.66,12.23,2.25,48.46,2.34,1.0,36.5,Rural,Clear,-35.13,Excellent
1810.72,33.59,23.66,15.8,1.05,42.4,1.24,10.0,50.8,Dense Urban,Clear,-91.98,Fair
707.23,970.54,45.46,11.96,2.49,25.82,1.44,12.0,75.6,Dense Urban,Clear,-131.81,Poor
2622.92,,19.46,17.73,0.52,17.93,2.16,4.0,68.1,Urban,Clear,-77.16,Good
831.04,31.66,30.74,3.3,1.97,42.17,1.9,0.0,90.2,Rural,Fog,-22.15,Excellent
867.66,38.49,44.7,7.8,2.83,34.63,1.31,4.0,72.4,Suburban,Rain,-35.67,Excellent
5821.89,63.55,29.14,13.24,3.09,22.72,1.73,10.0,34.9,Dense Urban,Rain,-114.91,Poor
928.59,539.86,43.02,9.81,1.88,42.35,1.25,10.0,14.4,Dense Urban,Clear,-124.62,Poor
2418.51,36.79,21.86,6.14,0.78,33.02,1.54,2.0,65.7,Suburban,Fog,-62.92,Excellent
877.43,759.94,30.12,7.35,1.6,41.24,1.43,2.0,68.0,Suburban,Storm,-86.71,Fair
876.83,144.88,43.1,13.59,2.54,30.29,2.27,2.0,55.6,Rural,Clear,-18.15,Excellent
718.9,34.02,44.41,14.58,2.73,34.5,2.31,4.0,86.7,Suburban,Clear,-18.68,Excellent
682.74,44.45,32.54,12.16,4.21,24.6,2.27,4.0,59.2,Suburban,Clear,-36.72,Excellent
2079.91,265.01,21.66,16.22,0.27,23.84,1.23,7.0,74.5,Urban,Clear,-113.73,Poor
2126.18,105.17,38.83,10.35,2.68,38.83,2.17,0.0,61.0,Rural,Clear,-26.33,Excellent
679.34,243.51,40.82,15.18,0.93,25.3,1.99,7.0,59.1,,Clear,-80.28,Good
1816.63,1560.01,30.53,3.72,4.42,26.22,2.09,9.0,78.8,Urban,Clear,-142.92,Poor
894.32,13.3,44.59,17.77,3.43,21.92,1.26,1.0,97.7,Rural,Clear,9.13,Excellent
2413.43,115.44,24.16,15.99,1.35,41.87,1.47,5.0,53.9,Suburban,Clear,-71.41,Good
5775.51,132.21,43.48,16.3,2.91,43.12,1.47,13.0,67.9,Dense Urban,Rain,-115.32,Poor
2613.5,47.56,43.78,16.08,4.33,16.29,1.41,2.0,64.5,Suburban,Rain,-36.64,Excellent
5800.71,155.82,28.93,15.48,0.73,37.45,1.95,2.0,50.5,Indoor,Clear,-119.75,Poor
874.02,338.32,18.44,3.36,1.59,19.82,1.63,0.0,39.6,Rural,Clear,-59.53,Excellent
881.3,379.13,29.04,16.57,2.39,19.75,1.8,9.0,77.0,Urban,Clear,-107.01,Poor
3476.56,642.48,43.46,4.7,1.24,17.62,2.13,7.0,85.3,Urban,Rain,-125.63,Poor
1781.77,16.11,45.64,15.89,0.67,18.88,1.91,12.0,56.2,Dense Urban,Storm,-70.51,Good
4974.71,174.4,30.38,10.94,0.95,25.82,1.79,5.0,47.1,Urban,Fog,-104.35,Poor
2128.81,1108.6,21.46,6.53,1.66,21.71,2.38,0.0,76.8,Rural,Clear,-73.23,Good
877.37,169.1,42.99,7.04,3.8,18.26,2.03,6.0,37.5,Dense Urban,Clear,-91.96,Fair
4982.05,591.34,48.09,6.32,4.91,35.12,2.09,2.0,63.6,Indoor,Clear,-130.71,Poor
2418.58,392.29,20.5,13.61,1.08,41.8,1.43,12.0,63.5,Dense Urban,Fog,-151.47,Poor
4984.81,179.58,23.59,13.77,4.07,27.32,1.98,5.0,57.5,Suburban,Clear,-82.17,Good
2083.34,16.33,43.6,8.84,2.23,10.31,1.87,1.0,77.1,Rural,Rain,-15.29,Excellent
860.34,511.75,19.23,8.84,0.59,33.95,2.43,0.0,62.7,Rural,Clear,-54.32,Excellent
2593.93,277.1,48.45,5.41,2.99,43.16,2.16,10.0,55.7,Dense Urban,Clear,-119.63,Poor
870.13,10.36,23.54,8.37,1.96,34.54,2.29,1.0,45.0,Suburban,Clear,-27.41,Excellent
2608.3,36.17,30.27,12.6,1.54,43.81,2.06,4.0,52.4,Urban,Rain,-66.84,Excellent
2087.29,14.65,38.03,12.0,1.86,10.46,1.62,11.0,47.6,Dense Urban,Rain,-74.87,Good
3505.88,345.98,31.41,4.08,2.56,18.94,2.06,4.0,50.6,Urban,Clear,-112.75,Poor
5021.99,10.99,18.13,13.7,2.49,36.05,2.46,7.0,69.8,Urban,Clear,-66.96,Excellent
2091.87,1877.88,20.08,17.84,1.98,25.04,1.62,3.0,42.6,Suburban,Rain,-104.53,Poor
5014.19,3607.03,33.35,14.97,0.54,17.9,1.42,4.0,71.3,Suburban,Fog,-117.6,Poor
844.95,4295.94,25.48,2.13,2.59,46.61,1.61,5.0,74.3,Suburban,Clear,-119.42,Poor
852.58,40.88,45.84,15.15,4.49,26.14,2.21,4.0,86.4,Urban,Clear,-39.46,Excellent
5814.02,216.96,38.09,2.48,1.98,43.77,1.31,7.0,67.8,Urban,Rain,-113.79,Poor
2373.63,2542.36,19.51,4.15,2.71,48.63,2.41,5.0,62.5,Suburban,Storm,-130.21,Poor
2097.3,716.3,43.53,5.88,3.17,11.09,2.13,2.0,71.7,Rural,Rain,-54.51,Excellent
825.71,64.02,36.31,9.87,2.14,47.92,1.99,9.0,68.1,Urban,Rain,-72.6,Good
913.5,1781.6,19.29,15.51,3.98,38.81,1.43,3.0,72.4,Suburban,Clear,-98.84,Fair
2606.47,354.03,29.11,15.02,0.17,41.07,1.91,3.0,30.2,Urban,Rain,-104.82,Poor
4989.62,933.7,45.52,7.96,0.59,17.41,1.22,2.0,36.5,Rural,Clear,-59.33,Excellent
5774.58,4134.35,36.28,9.58,0.14,17.06,1.94,7.0,40.3,Indoor,Clear,-197.29,Poor
2125.55,4923.2,38.71,4.73,4.69,28.93,1.59,7.0,85.4,,Clear,-190.33,Poor
2088.9,230.41,29.35,17.23,0.49,16.11,1.9,8.0,10.9,Dense Urban,Rain,-122.02,Poor
836.52,26.47,42.18,6.37,4.05,38.68,1.67,1.0,78.3,Suburban,Rain,-21.91,Excellent
676.06,470.08,46.58,5.28,0.48,46.11,1.77,9.0,53.5,Urban,Clear,-98.19,Fair
2104.64,546.69,21.05,17.8,2.19,48.05,1.93,4.0,57.0,Urban,Clear,-110.65,Poor
2385.94,350.11,31.0,5.39,2.72,22.13,2.44,8.0,60.4,Dense Urban,Fog,-139.42,Poor
870.57,137.75,45.8,4.91,3.94,30.68,2.48,2.0,14.8,Suburban,Rain,-45.98,Excellent
2110.97,371.2,36.17,17.73,0.78,17.58,2.0,6.0,43.6,Urban,Rain,-99.4,Fair
2570.23,276.29,21.85,3.23,3.25,,1.38,9.0,64.7,Dense Urban,Clear,-144.93,Poor
5003.94,3545.66,22.96,2.53,4.34,21.06,1.26,1.0,72.1,Suburban,Fog,-127.39,Poor
5783.91,1822.46,42.95,9.29,4.74,30.64,2.49,10.0,72.3,Dense Urban,Fog,-164.77,Poor
1770.92,115.49,29.89,6.75,4.92,20.58,2.02,4.0,57.0,Urban,Clear,-84.45,Good
1807.16,347.34,44.31,15.92,4.64,10.72,1.98,5.0,82.5,Urban,Rain,-88.06,Fair
4982.29,337.1,18.74,13.76,1.74,20.61,1.25,2.0,54.0,Suburban,Fog,-94.43,Fair
2623.98,239.01,38.7,10.65,0.98,15.4,2.42,11.0,62.2,Dense Urban,Rain,-128.77,Poor
904.4,14.35,36.95,2.16,2.11,11.58,1.41,7.0,67.3,Urban,Clear,-58.35,Excellent
2582.55,838.05,27.92,6.25,1.07,28.89,1.9,10.0,44.5,Dense Urban,Clear,-162.31,Poor
878.75,941.19,29.2,16.25,4.64,35.65,1.59,4.0,64.2,Suburban,Clear,-80.79,Good
2102.79,202.68,21.36,5.97,2.3,46.2,1.7,1.0,50.9,Suburban,Clear,-78.18,Good
1779.93,2712.18,43.12,2.44,1.55,18.24,1.63,1.0,51.2,Rural,Clear,-65.78,Excellent
5801.03,4524.56,21.81,5.7,4.6,13.04,1.54,7.0,64.0,Urban,Rain,-181.46,Poor
727.56,1563.25,28.64,14.11,1.49,39.13,1.54,8.0,67.6,Dense Urban,Clear,-144.48,Poor
4995.45,3193.56,46.44,15.76,2.48,30.7,1.31,7.0,57.3,Urban,Clear,-132.29,Poor
895.52,206.9,37.07,6.56,2.29,46.6,1.23,6.0,54.7,Urban,Clear,-87.12,Fair
697.67,2934.34,21.81,5.72,4.19,28.67,1.73,3.0,64.7,Suburban,Clear,-110.65,Poor
2586.81,3338.95,21.75,15.4,,44.71,1.31,4.0,59.2,Indoor,Rain,-188.8,Poor
2579.71,481.94,,5.14,1.76,12.6,1.65,0.0,39.4,Rural,Rain,-59.71,Excellent
,25.51,43.75,7.81,0.62,49.76,1.51,0.0,75.1,Rural,Rain,-2.31,Excellent
723.65,25.77,27.89,8.09,2.7,26.49,1.85,10.0,41.4,Dense Urban,Clear,-81.45,Good
864.14,188.25,47.04,8.34,3.33,44.68,2.02,5.0,76.8,Suburban,Clear,-52.4,Excellent
2075.77,966.74,46.62,3.2,1.29,11.46,,2.0,67.2,Rural,Storm,-64.87,Excellent
844.05,225.55,31.43,15.5,3.32,17.5,1.8,4.0,66.3,Suburban,Rain,-64.47,Excellent
3470.32,1441.35,22.54,5.44,2.31,33.52,2.49,2.0,78.9,Rural,Clear,-83.02,Good
688.48,1195.74,19.55,7.87,0.22,10.61,1.77,4.0,63.0,Urban,Rain,-131.64,Poor
3510.16,35.44,19.56,12.2,0.22,32.37,1.74,3.0,98.0,Suburban,Clear,-63.73,Excellent
4987.41,22.82,39.15,14.86,0.3,20.83,1.94,2.0,55.2,Suburban,Rain,-41.98,Excellent
3520.43,803.57,30.42,11.39,2.08,31.21,1.24,12.0,16.3,Dense Urban,Storm,-162.86,Poor
5798.64,73.23,17.76,7.79,4.1,39.95,1.84,13.0,48.9,Dense Urban,Clear,-136.23,Poor
5810.15,3264.47,20.97,2.08,1.61,35.07,1.25,5.0,85.2,Urban,,-168.0,Poor
723.03,2208.39,29.31,9.92,3.14,39.8,1.56,3.0,98.0,Indoor,Clear,-159.9,Poor
1810.97,165.15,38.63,11.0,4.22,23.89,2.21,1.0,98.0,Suburban,Clear,-49.5,Excellent
3523.84,368.78,20.81,7.75,2.8,38.66,1.47,4.0,86.1,Suburban,Clear,-96.24,Fair
1818.48,1933.34,31.86,12.07,4.62,,1.84,5.0,57.5,Dense Urban,Storm,-152.61,Poor
3504.02,2248.02,31.56,14.61,1.53,30.33,2.1,4.0,52.5,Suburban,Clear,-104.24,Poor
3487.83,318.61,21.41,2.57,2.54,35.05,2.47,4.0,95.8,Indoor,Clear,-155.19,Poor
5787.89,4199.18,47.7,14.98,2.73,30.15,2.03,3.0,68.2,Suburban,Rain,-101.69,Poor
1822.52,254.73,24.22,11.45,0.88,27.85,2.35,2.0,50.4,Rural,Rain,-54.29,Excellent
1773.23,12.91,18.96,7.21,2.5,22.64,1.47,1.0,75.3,Suburban,Rain,-50.64,Excellent
726.49,330.14,18.28,13.1,3.26,34.07,1.3,0.0,32.1,Rural,Storm,-48.11,Excellent
889.62,1250.6,28.75,13.26,0.5,21.85,1.84,9.0,39.2,Urban,Fog,-126.57,Poor
914.33,4553.13,44.1,14.13,3.21,10.02,1.94,12.0,29.0,Dense Urban,Clear,-166.18,Poor
2089.8,19.25,19.66,8.6,2.63,12.5,1.62,1.0,59.4,Suburban,Clear,-51.66,Excellent
2127.2,154.52,42.98,11.22,1.86,45.18,2.13,5.0,74.3,Suburban,Clear,-58.59,Excellent
4972.19,383.13,22.6,9.62,1.91,43.85,1.92,,64.0,Urban,Rain,-135.06,Poor
3491.2,2393.56,24.84,7.82,4.28,48.3,1.97,9.0,29.6,Urban,Clear,-154.81,Poor
3522.05,855.39,36.82,4.07,4.82,27.88,2.37,7.0,61.8,Urban,Rain,-128.61,Poor
686.44,42.08,42.45,16.7,1.77,20.85,1.42,2.0,44.3,Suburban,Clear,-21.25,Excellent
2086.54,2086.73,44.97,4.04,2.29,49.95,1.62,4.0,33.6,Indoor,Clear,-160.49,Poor
3523.93,620.54,36.86,12.38,2.41,34.33,2.19,2.0,33.1,Rural,Clear,-51.4,Excellent
919.83,2606.16,45.62,8.4,3.27,46.32,1.84,9.0,77.3,Urban,Clear,-123.57,Poor
2076.35,1786.28,45.27,15.14,1.2,24.29,2.35,9.0,62.4,Urban,Clear,-122.57,Poor
3504.81,22.33,23.43,9.54,1.78,40.9,1.4,1.0,75.5,Suburban,Clear,-51.01,Excellent
3483.4,3910.94,36.5,4.98,0.7,41.19,1.79,,98.0,Suburban,Fog,-113.09,Poor
4982.91,168.32,19.51,4.41,0.04,36.32,2.2,8.0,59.1,Urban,Clear,-125.52,Poor
2106.92,4486.21,22.18,8.26,0.94,19.71,2.02,0.0,80.9,Rural,Rain,-85.57,Fair
1777.43,31.97,30.07,10.56,0.23,43.27,1.39,5.0,49.1,Suburban,Clear,-49.31,Excellent
1798.19,1384.02,42.33,12.07,1.21,28.77,2.11,4.0,53.5,Indoor,Clear,-144.85,Poor
2585.35,66.51,35.51,15.58,1.8,40.16,1.91,,62.7,Dense Urban,Clear,-89.05,Fair
2121.24,13.21,20.3,7.99,0.32,31.69,2.46,4.0,58.1,Suburban,Storm,-56.13,Excellent
2103.27,4818.21,42.16,14.5,4.8,14.26,2.02,2.0,64.1,Rural,Clear,-58.97,Excellent
832.91,65.95,36.45,5.6,0.67,27.49,1.62,5.0,29.8,Suburban,Clear,-53.45,Excellent
2125.59,16.49,41.72,16.05,4.28,25.16,1.9,2.0,77.3,Suburban,Rain,-21.26,Excellent
919.37,2101.15,37.3,3.56,3.57,47.07,1.37,2.0,44.3,Rural,Rain,-60.97,Excellent
2385.92,146.56,44.05,14.86,3.85,43.48,2.17,2.0,56.8,Suburban,Clear,-41.91,Excellent
5027.66,359.61,30.62,6.29,1.11,22.69,2.32,4.0,61.1,Indoor,Clear,-149.23,Poor
3486.06,4550.55,19.18,12.51,4.7,34.41,1.96,6.0,83.1,Indoor,Fog,-206.71,Poor
2087.56,198.34,38.07,,1.15,27.66,1.94,4.0,72.1,Suburban,Storm,-73.72,Good
5793.16,15.17,46.73,11.25,0.11,36.25,1.34,2.0,48.6,Suburban,Clear,-31.43,Excellent
5779.89,733.65,20.16,17.69,0.77,27.35,1.43,7.0,16.1,Indoor,Clear,-170.1,Poor
2111.22,827.73,47.27,11.58,1.75,26.29,2.45,9.0,69.5,Dense Urban,Fog,-132.29,Poor
3503.44,33.43,45.34,5.44,0.4,41.1,1.72,7.0,82.8,Dense Urban,Clear,-81.76,Good
1823.67,296.52,21.9,8.57,4.06,47.99,2.21,6.0,38.9,Urban,Clear,-112.25,Poor
4984.45,99.2,35.03,3.55,2.8,11.81,2.36,3.0,65.3,Urban,Rain,-101.17,Poor
1780.21,13.64,22.09,7.37,4.63,10.86,1.32,2.0,65.5,Rural,Clear,-33.68,Excellent
891.52,69.34,36.28,6.69,2.94,30.89,2.36,7.0,79.5,Indoor,Storm,-102.16,Poor
828.77,2849.71,43.96,12.3,0.32,38.9,1.42,7.0,45.7,Indoor,Clear,-161.92,Poor
5026.77,64.62,29.22,16.62,2.68,46.64,2.2,4.0,73.3,Suburban,Clear,-60.75,Excellent
913.05,40.0,29.16,6.5,0.39,21.65,1.55,0.0,50.1,Rural,Clear,-28.42,Excellent
5017.77,3463.34,18.9,15.56,4.69,29.08,2.3,8.0,36.9,Urban,Rain,-162.55,Poor
714.88,107.62,20.45,16.02,3.28,43.08,1.8,2.0,41.9,Indoor,Storm,-102.92,Poor
2384.57,3455.74,43.95,12.12,1.74,23.65,1.8,6.0,55.9,Urban,Rain,-133.86,Poor
2078.44,2375.34,28.18,13.18,3.05,12.63,1.96,2.0,67.2,Indoor,Clear,-170.94,Poor
2095.77,186.11,45.23,14.77,3.76,43.9,2.31,8.0,60.5,Urban,Clear,-82.51,Good
869.74,109.4,34.16,7.95,4.7,20.67,1.59,6.0,49.1,Urban,Clear,-78.85,Good
689.83,23.53,26.41,17.78,3.13,49.53,2.47,5.0,49.9,Dense Urban,Rain,-58.02,Excellent
1770.57,32.69,46.73,8.11,3.37,20.13,2.28,7.0,30.6,Indoor,Rain,-85.58,Fair
2109.6,42.4,20.47,3.36,2.01,35.1,1.7,7.0,19.1,Dense Urban,Rain,-106.21,Poor
3482.0,185.98,43.26,13.73,1.12,47.17,1.24,5.0,32.5,Indoor,Fog,-114.11,Poor
2102.57,101.0,22.38,7.36,1.76,20.47,1.43,5.0,27.9,Suburban,Clear,-79.08,Good
870.89,1446.15,43.49,2.44,3.31,27.05,1.92,1.0,87.6,Rural,Fog,-49.18,Excellent
900.53,63.2,33.88,4.87,4.36,27.2,2.28,2.0,64.1,Rural,Rain,-30.15,Excellent
2593.62,139.88,28.31,7.91,3.33,31.27,2.43,1.0,71.7,Rural,Clear,-45.7,Excellent
2122.82,21.44,33.82,5.4,4.78,24.77,1.69,7.0,61.8,Dense Urban,Clear,-75.6,Good
5813.31,53.95,42.08,4.18,3.36,31.33,1.25,3.0,44.3,Suburban,Clear,-57.8,Excellent
2072.16,1298.22,23.87,4.6,3.15,35.12,2.12,4.0,48.6,Suburban,Clear,-108.31,Poor
2417.37,809.92,20.44,12.02,0.06,22.13,1.61,5.0,18.1,Indoor,Fog,-170.12,Poor
717.47,121.78,47.54,4.05,3.05,34.91,1.97,7.0,42.7,Indoor,Rain,-102.4,Poor
859.8,361.9,37.56,14.53,0.36,18.29,1.72,2.0,40.1,Rural,Clear,-35.92,Excellent
5025.76,172.6,22.39,15.47,2.61,20.42,2.02,5.0,18.7,Urban,Rain,-110.89,Poor
1818.2,2607.19,45.21,13.58,2.93,13.13,1.52,5.0,67.3,Suburban,Clear,-91.63,Fair
2083.13,116.21,20.66,5.92,3.23,44.41,1.4,5.0,50.2,Suburban,Clear,-81.66,Good
2392.89,889.13,43.7,11.22,4.36,27.14,1.42,3.0,78.7,Suburban,Clear,-76.74,Good
691.0,38.89,15.23,2.98,2.36,21.67,2.39,7.0,77.8,Urban,Clear,-91.74,Fair
2400.29,148.46,37.59,17.08,2.4,36.84,2.33,4.0,92.7,Indoor,Storm,-107.94,Poor
1827.22,268.32,20.35,2.12,2.74,24.52,2.31,3.0,78.1,Urban,Fog,-111.92,Poor
856.94,19.16,22.35,5.54,1.67,29.81,2.0,13.0,61.4,Dense Urban,Clear,-98.2,Fair
2088.78,384.97,24.04,3.33,1.36,24.68,1.73,1.0,53.0,Rural,Clear,-63.3,Excellent
2126.49,355.63,23.46,17.92,0.53,20.86,1.49,5.0,44.4,Suburban,Clear,-89.24,Fair
862.02,26.82,19.53,2.65,4.2,48.79,2.05,7.0,79.6,Dense Urban,Fog,-87.84,Fair
2385.96,4958.21,41.78,2.03,0.21,10.38,1.62,5.0,35.5,Suburban,Clear,-122.1,Poor
3524.39,17.77,42.58,3.61,4.91,22.93,1.97,1.0,54.4,Rural,Storm,-24.88,Excellent
890.65,2608.54,24.43,16.1,1.45,36.6,1.67,,56.9,Indoor,Rain,-168.62,Poor
5800.97,212.12,43.7,8.41,3.51,28.48,1.22,2.0,55.6,Rural,Clear,-43.25,Excellent
2598.75,39.91,24.4,17.12,3.66,29.85,2.01,8.0,21.8,Urban,Rain,-80.32,Good
3525.42,20.16,23.16,17.35,1.99,33.3,2.49,2.0,54.5,Suburban,Fog,-43.37,Excellent
685.94,772.17,44.65,13.62,2.05,40.49,1.82,3.0,50.2,Suburban,Rain,-58.48,Excellent
3490.0,1087.02,38.74,4.7,2.99,14.1,1.4,2.0,78.0,Indoor,Clear,-156.06,Poor
1809.61,657.05,21.61,17.54,0.35,12.4,2.17,4.0,77.2,Urban,Clear,-117.61,Poor
3523.2,135.9,43.28,9.01,0.11,23.35,1.86,4.0,38.4,Indoor,Clear,-108.33,Poor
4976.89,29.23,30.83,9.43,3.61,28.28,2.12,9.0,76.3,Urban,Clear,-80.61,Good
882.59,1351.88,20.75,12.19,2.6,42.71,2.35,12.0,41.0,Dense Urban,Clear,-164.61,Poor
926.88,2246.08,22.3,13.46,4.99,10.47,1.56,1.0,45.0,Suburban,Clear,-97.76,Fair
716.64,114.2,22.61,17.4,1.49,35.24,1.53,3.0,56.5,Suburban,Fog,-56.54,Excellent
2590.76,1863.89,18.64,17.53,1.86,23.45,1.81,,66.9,Suburban,Clear,-104.22,Poor
3491.46,519.36,42.6,8.62,3.17,27.96,1.31,1.0,31.9,Suburban,Clear,-71.72,Good
2098.17,264.42,24.55,4.27,3.44,32.74,1.33,9.0,65.3,Urban,Clear,-121.06,Poor
860.43,444.64,21.26,16.65,1.93,18.72,1.86,2.0,49.6,Rural,Fog,-52.28,Excellent
1803.66,19.54,23.84,3.9,0.61,18.24,1.71,9.0,42.8,Urban,Clear,-83.63,Good
2116.57,21.8,44.44,10.84,0.34,40.79,1.72,2.0,32.8,Rural,Clear,-13.24,Excellent
5773.25,914.85,36.45,4.66,0.01,43.28,2.04,5.0,62.0,Suburban,Storm,-114.87,Poor
869.14,4148.18,41.24,7.73,1.85,20.47,2.41,3.0,72.2,Urban,Fog,-127.88,Poor
1773.48,234.72,29.76,10.48,1.39,35.18,2.42,3.0,25.9,Indoor,Clear,-125.96,Poor
2622.86,13.99,42.88,13.28,0.11,30.65,1.72,13.0,32.9,Dense Urban,Clear,-71.7,Good
872.6,15.27,31.01,17.6,3.3,33.84,2.04,4.0,35.8,Suburban,Clear,-23.79,Excellent
4977.67,182.56,37.77,16.7,1.77,44.55,1.72,4.0,63.7,Indoor,Clear,-113.9,Poor
5780.81,595.69,47.52,10.33,2.72,33.92,2.17,0.0,64.6,Rural,Clear,-42.11,Excellent
1783.38,26.18,33.98,7.0,4.32,44.36,1.86,2.0,57.8,Rural,Rain,-24.53,Excellent
3494.11,12.28,28.8,10.59,1.82,28.89,1.36,2.0,25.8,Rural,Clear,-25.97,Excellent
3509.33,930.71,45.86,7.87,1.08,12.53,1.91,4.0,52.7,Suburban,Rain,-92.37,Fair
2623.56,24.8,37.72,9.35,1.39,16.36,2.49,5.0,19.6,Indoor,Clear,-83.66,Good
851.47,152.28,49.14,16.63,0.2,35.84,1.55,8.0,59.2,Dense Urban,Clear,-85.14,Fair
701.95,958.1,35.53,10.23,1.13,25.17,2.2,8.0,71.1,Urban,Clear,-115.49,Poor
1789.16,21.79,41.94,2.67,4.51,28.84,1.57,2.0,11.0,Suburban,Clear,-32.03,Excellent
868.04,156.67,36.37,12.94,0.63,39.69,2.14,1.0,22.3,Rural,Clear,-28.81,Excellent
876.63,19.99,44.88,6.5,1.65,34.98,1.82,5.0,39.8,Suburban,Rain,-29.91,Excellent
2588.07,86.68,21.67,5.42,0.64,39.36,2.13,4.0,42.2,Urban,Clear,-96.86,Fair
2375.82,2901.55,37.07,14.26,0.29,11.48,2.28,2.0,54.7,Rural,Rain,-70.16,Good
882.85,710.97,47.48,4.65,1.89,47.18,1.22,3.0,86.9,Urban,Storm,-96.51,Fair
705.2,11.54,23.18,11.75,4.11,24.59,2.03,5.0,56.8,Dense Urban,Clear,-53.56,Excellent
877.56,23.06,28.71,15.07,0.19,38.44,1.29,1.0,33.8,Rural,Clear,-12.81,Excellent
2076.04,62.09,19.71,6.81,3.43,26.62,2.43,8.0,10.0,Urban,Clear,-98.18,Fair
3519.55,2612.52,35.44,9.56,0.25,18.4,1.87,5.0,78.1,Suburban,Clear,-113.74,Poor
1777.1,1038.4,31.47,11.24,3.63,31.99,1.58,6.0,47.5,Urban,Clear,-120.63,Poor
906.48,464.08,39.21,12.26,4.83,13.46,2.08,0.0,73.5,Rural,Clear,-33.31,Excellent
2391.12,25.81,20.61,17.55,,11.91,2.09,9.0,57.5,Urban,Rain,-82.72,Good
723.78,3213.7,43.34,16.22,2.29,21.14,1.8,7.0,49.8,Urban,Clear,-118.49,Poor
912.45,1517.46,44.83,5.34,2.74,27.11,2.37,2.0,42.7,Suburban,Clear,-78.9,Good
673.57,44.28,37.09,10.73,1.14,19.82,2.45,3.0,63.7,Suburban,Clear,-37.32,Excellent
2423.73,123.39,36.87,4.53,0.23,49.6,1.8,3.0,73.0,Indoor,Clear,-112.51,Poor
2094.83,143.28,27.99,2.96,0.34,11.13,2.13,2.0,74.3,Suburban,Rain,-85.25,Fair
2387.89,385.18,24.81,7.89,1.85,44.73,1.21,5.0,63.9,Indoor,Clear,-152.19,Poor
2610.37,102.71,29.77,7.12,1.03,26.95,1.6,3.0,53.7,Indoor,Clear,-118.99,Poor
1813.08,36.89,29.29,11.13,2.57,40.22,2.29,6.0,70.7,Indoor,Storm,-95.79,Fair
4988.2,631.23,43.17,12.26,0.32,46.36,1.36,2.0,39.9,Rural,Fog,-53.85,Excellent
5791.1,674.06,41.69,8.17,3.44,33.51,1.24,5.0,73.7,Indoor,Fog,-146.69,Poor
829.38,156.31,22.72,15.88,0.77,29.94,2.09,9.0,33.5,Urban,Clear,-100.33,Poor
5805.61,205.81,34.24,15.47,0.17,35.21,1.69,2.0,69.8,Rural,Clear,-48.57,Excellent
877.41,13.7,42.46,13.54,1.26,48.92,2.35,8.0,73.2,Urban,Rain,-39.78,Excellent
895.0,170.21,28.54,7.61,3.43,13.24,2.45,10.0,58.5,Dense Urban,Rain,-121.19,Poor
2429.77,1446.27,45.2,5.87,0.57,32.63,1.65,8.0,59.7,Urban,Clear,-128.71,Poor
680.58,394.81,27.36,3.86,3.87,29.3,2.46,8.0,59.5,Dense Urban,Clear,-130.48,Poor
1817.77,3054.49,19.25,6.01,3.13,42.77,2.1,10.0,48.5,Dense Urban,Rain,-187.66,Poor
875.69,858.71,22.2,17.35,1.54,14.22,1.78,5.0,42.1,Urban,Clear,-118.1,Poor
2111.28,1255.51,22.91,8.68,0.45,35.64,1.91,3.0,62.3,Urban,Rain,-133.03,Poor
4976.56,172.68,37.92,8.65,4.55,22.02,2.37,11.0,54.6,Dense Urban,Clear,-127.49,Poor
5789.59,29.39,48.57,9.53,1.16,40.44,1.33,1.0,59.7,Rural,Storm,-25.57,Excellent
875.14,2897.08,30.64,12.37,3.16,12.64,1.66,7.0,66.7,Dense Urban,Rain,-161.79,Poor
2406.1,601.38,21.52,16.72,3.46,43.57,1.7,2.0,73.9,Rural,Rain,-61.04,Excellent
2129.89,2848.69,38.0,3.83,2.66,10.02,1.73,5.0,48.5,Urban,Clear,-142.12,Poor
2092.49,464.17,25.1,15.12,2.92,45.38,1.99,2.0,40.6,Suburban,Storm,-81.37,Good
2579.78,168.51,28.32,9.18,1.48,29.31,1.45,5.0,54.0,Indoor,Clear,-128.87,Poor
5786.12,23.1,21.4,6.4,2.94,47.0,1.96,3.0,51.2,Indoor,Clear,-99.05,Fair
2104.25,118.41,20.87,10.7,4.12,10.37,2.42,2.0,24.7,Rural,Rain,-54.31,Excellent
704.14,410.0,19.15,10.65,3.88,46.86,1.82,6.0,48.1,Urban,Rain,-109.13,Poor
5783.79,3251.66,37.56,4.13,1.12,31.73,1.74,2.0,40.5,Rural,Storm,-87.5,Fair
5815.04,1730.92,32.22,3.55,3.91,12.65,1.35,7.0,48.5,Indoor,Clear,-190.4,Poor
1775.28,242.64,24.34,12.03,3.4,49.41,2.16,4.0,60.7,Indoor,Clear,-128.49,Poor
2407.38,161.85,43.58,13.77,2.18,21.24,2.1,9.0,11.2,Urban,Rain,-89.66,Fair
4995.54,12.3,23.07,11.84,2.43,17.37,2.05,1.0,58.6,Suburban,Storm,-55.57,Excellent
2377.63,88.68,37.59,7.65,2.58,12.69,2.45,4.0,70.6,Urban,Storm,-90.25,Fair
2108.06,4451.92,20.68,10.89,3.89,30.69,1.71,5.0,63.3,Dense Urban,Clear,-178.48,Poor
5810.38,1000.01,21.95,16.5,3.06,37.03,1.94,2.0,39.3,Indoor,Clear,-155.89,Poor
4996.4,260.78,19.97,16.78,4.24,22.01,2.38,2.0,91.5,Suburban,Clear,-83.11,Good
2417.88,2124.81,37.39,5.72,4.1,37.8,2.15,3.0,33.7,Suburban,Clear,-96.96,Fair
850.56,11.54,22.39,3.52,4.57,43.79,2.04,6.0,58.8,Urban,Fog,-55.79,Excellent
2087.15,3842.37,23.17,12.45,4.37,28.17,2.06,4.0,90.4,Suburban,Storm,-123.24,Poor
2627.22,773.37,36.62,4.79,0.1,48.58,1.56,0.0,45.6,Rural,Rain,-59.26,Excellent
926.64,10.86,35.22,14.82,1.81,14.27,1.33,5.0,50.4,Indoor,Rain,-58.65,Excellent
2375.74,802.06,44.31,6.49,1.87,39.16,1.25,5.0,57.5,Suburban,Rain,-87.54,Fair
2626.76,16.76,32.23,4.41,3.43,39.46,2.06,4.0,66.4,Urban,Fog,-59.77,Excellent
716.53,532.42,19.94,15.06,2.83,32.29,1.83,11.0,98.0,Dense Urban,Clear,-139.02,Poor
2376.4,64.88,46.5,5.34,4.95,15.58,2.35,1.0,60.9,Suburban,Clear,-42.05,Excellent
3501.16,37.36,44.29,2.14,3.09,31.75,1.23,1.0,55.2,Suburban,Clear,-43.2,Excellent
872.1,495.65,42.79,15.15,2.84,16.61,2.02,5.0,63.7,Indoor,Rain,-125.24,Poor
2405.33,148.41,46.28,3.5,4.25,13.4,1.43,10.0,18.3,Dense Urban,Fog,-115.29,Poor
3525.99,14.93,42.67,8.72,3.95,31.63,1.78,9.0,78.8,Dense Urban,Clear,-66.63,Excellent
692.09,1657.6,45.18,8.33,0.8,34.29,2.3,1.0,98.0,Rural,Clear,-42.19,Excellent
2600.52,52.27,37.78,4.29,2.42,42.12,1.71,1.0,98.0,Suburban,Rain,-52.56,Excellent
883.65,466.16,37.77,2.56,4.96,18.18,1.87,3.0,62.6,Indoor,Clear,-135.69,Poor
1802.46,441.21,38.38,3.36,3.54,47.28,2.21,3.0,37.2,Suburban,Clear,-74.26,Good
2618.15,14.18,36.99,8.84,0.12,32.84,1.22,0.0,44.3,Rural,Clear,-13.92,Excellent
682.92,4917.31,28.2,17.31,0.31,35.8,1.21,7.0,53.9,Dense Urban,Clear,-160.3,Poor
703.21,161.52,24.66,13.6,3.66,16.69,2.2,2.0,49.0,Rural,Storm,-41.47,Excellent
2091.28,35.83,41.9,13.44,3.87,42.03,1.72,4.0,44.0,Suburban,Clear,-34.71,Excellent
5814.87,150.93,21.87,12.72,4.1,36.3,2.3,4.0,41.6,Suburban,Clear,-81.3,Good
712.12,424.27,45.2,14.31,1.46,17.4,2.25,1.0,39.4,Suburban,Storm,-54.09,Excellent
3511.93,10.19,40.38,10.47,4.03,30.06,2.18,10.0,28.2,Dense Urban,Rain,-65.99,Excellent
692.67,64.57,45.67,17.77,4.96,25.44,2.46,0.0,62.6,Rural,Clear,4.27,Excellent
2105.96,280.25,37.93,11.72,2.88,49.92,1.88,1.0,79.6,Rural,Storm,-39.71,Excellent
2109.07,748.81,36.35,12.09,2.99,49.37,1.41,3.0,64.5,Urban,Rain,-102.78,Poor
2110.85,70.08,32.01,2.34,1.22,33.65,1.68,7.0,87.9,Indoor,Rain,-119.34,Poor
704.52,123.07,44.91,14.07,1.08,25.43,2.35,0.0,75.7,Rural,Rain,-13.71,Excellent
3522.01,39.54,38.33,7.69,0.04,29.07,2.06,9.0,73.0,Dense Urban,Clear,-96.67,Fair
884.93,61.79,27.1,14.38,1.08,20.61,1.98,6.0,30.7,Indoor,Storm,-100.05,Poor
3473.35,716.4,22.15,15.56,0.76,40.94,1.27,2.0,37.0,Rural,Rain,-69.2,Excellent
2627.75,81.33,19.64,2.36,3.31,30.13,2.11,5.0,,Suburban,Clear,-86.17,Fair
2373.64,56.84,25.52,8.16,0.21,32.26,2.08,1.0,49.6,Rural,Clear,-41.13,Excellent
1824.18,63.94,42.09,16.48,4.84,11.81,2.22,6.0,32.6,Urban,Clear,-60.87,Excellent
2606.74,450.3,45.79,4.05,4.6,13.41,2.19,4.0,83.6,Indoor,Clear,-136.05,Poor
5825.12,326.31,46.13,13.91,1.58,18.58,1.74,13.0,84.2,Dense Urban,Rain,-139.68,Poor
5803.9,125.38,35.6,7.17,4.56,27.53,1.35,4.0,38.1,Urban,Clear,-91.91,Fair
5819.26,508.87,43.57,10.15,2.39,27.52,1.53,3.0,49.5,Indoor,Clear,-137.16,Poor
913.28,543.1,16.4,16.46,4.3,43.98,1.57,4.0,36.9,Urban,Rain,-106.05,Poor
2401.51,10.85,50.0,12.13,3.44,41.18,2.44,7.0,38.8,Indoor,Clear,-47.03,Excellent
1791.8,82.25,43.5,8.94,0.46,35.38,1.65,2.0,77.4,Suburban,Rain,-47.97,Excellent
5770.17,45.64,27.52,13.15,3.57,11.26,1.36,10.0,36.7,Dense Urban,Rain,-114.48,Poor
5785.05,1728.92,20.86,5.57,3.2,32.05,2.45,2.0,59.3,Rural,Rain,-91.94,Fair
5027.11,55.39,40.86,2.2,4.03,49.4,2.16,0.0,10.0,Rural,Clear,-29.86,Excellent
836.53,71.84,17.59,11.9,3.83,29.95,1.66,3.0,89.7,Urban,Clear,-76.15,Good
1815.11,282.8,32.69,15.78,3.66,32.07,1.21,12.0,56.6,Dense Urban,Clear,-125.57,Poor
3500.51,300.2,23.44,13.19,3.23,11.89,1.21,0.0,72.4,Rural,Clear,-58.33,Excellent
3488.51,1544.52,35.39,10.31,4.29,20.49,1.8,5.0,61.0,Dense Urban,Clear,-147.35,Poor
1829.47,111.43,46.97,4.29,3.9,34.22,2.32,7.0,61.4,Indoor,Clear,-108.87,Poor
822.82,57.39,19.89,3.36,3.68,44.59,2.05,1.0,39.1,Rural,Clear,-35.82,Excellent
854.92,438.16,20.13,6.48,0.61,40.45,1.26,2.0,33.4,Rural,Clear,-60.52,Excellent
2597.69,923.87,36.32,17.41,4.86,43.46,1.41,10.0,14.8,Dense Urban,Clear,-136.13,Poor
2074.59,4775.19,42.59,9.39,4.38,41.66,2.14,2.0,91.6,Rural,Rain,-63.8,Excellent
2082.85,466.41,21.66,14.87,2.68,35.04,1.78,2.0,81.9,Rural,Clear,-58.62,Excellent
5011.65,211.09,18.8,2.21,4.5,31.28,2.13,6.0,80.4,Urban,Clear,-125.23,Poor
676.5,22.86,41.36,9.56,2.69,24.33,2.37,3.0,48.4,Urban,Storm,-39.69,Excellent
3518.06,4609.73,45.27,5.95,2.75,42.35,2.15,3.0,69.6,Suburban,Clear,-104.98,Poor
907.5,705.95,45.41,17.24,4.21,27.39,2.05,4.0,41.5,Urban,Clear,-82.33,Good
5776.05,27.89,42.6,5.18,1.93,31.6,2.3,0.0,79.1,Rural,Rain,-29.55,Excellent
5787.21,174.04,43.39,2.8,3.6,49.96,1.77,2.0,52.7,Rural,Rain,-49.57,Excellent
2378.23,325.27,18.79,4.59,4.02,21.32,2.04,0.0,46.6,Rural,Clear,-62.52,Excellent
1817.86,38.49,22.93,3.01,4.5,26.96,2.26,3.0,37.0,Suburban,Clear,-57.79,Excellent
901.98,948.3,36.6,7.05,3.13,13.24,2.32,2.0,51.6,Rural,Clear,-50.62,Excellent
820.17,569.17,32.24,17.93,1.44,23.45,1.68,6.0,33.7,Urban,Rain,-99.77,Fair
5802.57,42.74,19.42,16.89,3.91,45.81,1.64,7.0,24.1,Urban,Storm,-91.84,Fair
848.97,4691.62,38.22,11.15,0.46,20.77,1.48,7.0,45.9,Urban,Clear,-138.9,Poor
2108.58,3634.36,44.07,15.3,3.25,43.45,2.33,2.0,62.0,Rural,Storm,-58.32,Excellent
2072.09,52.08,40.95,8.4,3.54,31.47,1.95,3.0,48.2,Indoor,Rain,-87.7,Fair
2572.13,155.75,,16.26,4.38,31.69,1.94,6.0,37.3,Indoor,,-100.81,Poor
4990.96,2600.19,18.86,5.36,1.98,49.3,1.51,3.0,98.0,Suburban,Clear,-125.44,Poor
2411.31,124.91,44.19,8.45,3.77,28.68,1.66,5.0,46.4,Suburban,Rain,-61.88,Excellent
3509.99,3776.0,35.19,3.93,,22.16,1.3,1.0,80.6,Suburban,Rain,-114.32,Poor
2386.7,34.75,24.23,16.99,3.14,35.76,1.61,5.0,14.9,Suburban,Clear,-52.34,Excellent
2082.96,899.73,49.96,7.41,3.42,30.08,2.46,5.0,10.0,Suburban,Rain,-77.79,Good
860.99,415.0,18.79,5.94,0.79,28.99,1.99,3.0,84.3,Urban,Rain,-114.62,Poor
871.63,85.97,20.32,5.55,3.7,45.7,2.08,8.0,60.5,Urban,Rain,-96.67,Fair
2103.41,865.57,43.47,9.58,0.48,39.5,2.0,7.0,73.1,Urban,Clear,-112.81,Poor
695.45,11.62,42.21,10.07,4.87,26.7,2.05,1.0,66.7,Suburban,Clear,-5.22,Excellent
1784.35,41.99,22.11,12.76,0.71,17.28,2.38,9.0,23.5,Urban,Fog,-86.81,Fair
2101.22,50.73,49.3,14.95,4.93,12.91,2.4,4.0,60.2,Suburban,Storm,-38.68,Excellent
2083.03,20.75,45.1,13.24,1.25,19.92,1.26,0.0,76.9,Rural,Clear,-4.32,Excellent
5003.86,12.35,45.6,9.88,2.04,49.04,1.55,1.0,20.0,Suburban,Clear,-24.51,Excellent
5778.94,89.66,29.18,10.57,2.85,14.62,1.43,3.0,46.6,Urban,Clear,-89.82,Fair
3494.34,38.83,44.54,17.61,2.4,49.9,2.38,5.0,67.1,Suburban,Clear,-36.36,Excellent
700.63,22.84,19.79,9.15,3.53,35.38,2.23,4.0,33.5,Indoor,Clear,-81.32,Good
2071.9,26.58,44.3,7.14,3.38,29.65,2.41,5.0,75.3,Indoor,Clear,-73.85,Good
3506.64,1698.51,45.84,12.33,1.83,43.94,1.25,3.0,38.0,Suburban,Rain,-89.61,Fair
2415.02,18.04,38.11,12.76,3.83,22.1,1.99,3.0,12.1,Indoor,Clear,-67.41,Excellent
2127.36,904.4,30.34,17.0,2.44,12.2,1.26,2.0,62.6,Suburban,Fog,-85.24,Fair
2082.19,13.98,32.03,7.64,3.09,17.08,1.42,8.0,76.2,Dense Urban,Clear,-76.14,Good
2082.52,12.87,20.8,10.15,3.53,42.0,2.27,3.0,83.3,Suburban,Clear,-42.37,Excellent
2388.29,156.17,22.3,11.99,3.08,33.21,2.01,1.0,90.5,Suburban,Clear,-70.14,Good
873.45,107.3,28.71,13.34,0.39,28.76,1.89,8.0,23.6,Dense Urban,Clear,-103.3,Poor
2394.41,297.14,19.69,2.64,3.78,40.33,1.24,6.0,54.8,Urban,Rain,-126.56,Poor
888.11,787.79,37.0,16.41,2.38,29.21,1.57,1.0,78.4,Rural,Clear,-38.77,Excellent
2614.47,68.58,35.72,4.84,0.66,28.88,1.66,7.0,68.3,Indoor,Rain,-115.3,Poor
4972.28,33.47,44.49,5.6,0.95,46.66,1.75,7.0,48.5,Urban,Clear,-69.42,Excellent
2402.93,1655.27,23.57,13.11,1.11,32.87,1.36,9.0,87.7,Urban,Clear,-144.49,Poor
1797.01,27.94,44.0,5.18,4.43,35.97,1.52,11.0,68.3,Dense Urban,Clear,-80.0,Good
5807.49,1428.89,23.17,4.14,3.02,35.43,2.07,,79.6,Suburban,Clear,-119.92,Poor
2613.87,384.32,38.59,17.19,0.28,21.01,2.02,2.0,,Suburban,Clear,-67.26,Excellent
2089.5,60.39,41.35,12.29,4.01,49.94,1.66,6.0,47.3,Indoor,Fog,-90.3,Fair
708.19,70.5,29.41,17.16,3.49,11.64,1.66,2.0,40.9,Rural,Fog,-24.55,Excellent
701.46,100.07,18.23,3.01,2.57,22.73,2.27,6.0,53.8,Urban,Clear,-95.77,Fair
878.04,393.83,43.21,2.57,4.13,23.77,1.56,1.0,48.1,Suburban,Clear,-61.67,Excellent
922.9,4405.38,23.73,6.47,3.84,49.17,1.29,1.0,81.4,Suburban,Clear,-105.8,Poor
3515.28,72.28,25.01,2.61,2.52,33.98,1.62,1.0,41.1,Rural,Clear,-49.64,Excellent
2425.3,3483.96,41.23,9.02,3.69,24.99,1.4,2.0,50.2,Indoor,Clear,-167.33,Poor
5813.22,35.78,37.56,17.38,0.12,22.79,1.56,12.0,70.8,Dense Urban,Clear,-95.5,Fair
2384.69,20.18,22.15,7.71,2.52,13.53,1.61,8.0,29.6,Urban,Rain,-86.06,Fair
5795.83,273.0,44.5,13.72,1.85,11.31,1.46,8.0,52.0,Dense Urban,Storm,-130.06,Poor
2393.21,4320.09,35.15,12.34,1.16,16.28,1.58,8.0,58.8,Urban,Clear,-148.9,Poor
1772.15,203.53,20.79,2.52,2.3,28.41,2.02,3.0,46.4,Indoor,Clear,-139.02,Poor
3494.63,1441.94,20.94,5.71,1.96,21.55,1.94,1.0,45.2,Rural,Clear,-82.76,Good
2090.73,188.53,41.91,12.08,0.92,49.39,1.28,7.0,60.9,Indoor,Clear,-117.91,Poor
870.24,1968.47,43.72,3.47,5.0,21.12,1.58,5.0,37.5,Indoor,Fog,-156.65,Poor
,1561.58,42.68,9.32,0.26,43.38,1.79,5.0,60.0,Indoor,Clear,-157.79,Poor
2578.63,711.23,39.7,12.84,4.19,44.12,1.24,0.0,45.6,Rural,Storm,-45.39,Excellent
1800.06,458.12,47.18,7.44,3.77,18.63,2.45,1.0,59.9,Suburban,Clear,-61.46,Excellent
3517.08,250.29,35.79,6.99,0.37,19.07,1.51,5.0,69.0,Dense Urban,Fog,-122.38,Poor
5806.27,3821.76,22.55,13.57,1.71,38.5,2.04,6.0,64.0,Urban,Clear,-157.72,Poor
2080.16,319.41,24.18,8.7,3.07,48.48,1.35,11.0,49.5,Dense Urban,Clear,-140.04,Poor
907.09,81.27,28.4,10.51,0.78,31.23,1.7,3.0,98.0,Urban,Rain,-72.92,Good
2115.46,2404.79,44.77,5.2,3.72,,1.23,1.0,66.1,Rural,Fog,-59.77,Excellent
5021.29,604.53,19.62,14.63,1.76,11.23,1.38,3.0,36.2,Suburban,Rain,-108.71,Poor
839.12,320.99,24.21,11.6,0.71,41.59,1.36,6.0,70.1,Indoor,Clear,-138.89,Poor
5772.04,693.68,29.71,17.57,3.45,20.22,2.02,1.0,47.9,Suburban,Clear,-85.35,Fair
2106.48,87.42,36.21,14.1,1.26,17.96,1.23,3.0,66.9,Urban,Clear,-69.98,Excellent
4983.55,136.73,18.97,11.59,1.76,18.52,1.63,13.0,62.2,Dense Urban,Storm,-154.48,Poor
3516.85,33.72,22.6,11.83,2.17,36.87,1.44,6.0,59.1,Indoor,Clear,-103.33,Poor
3510.79,2030.84,45.56,7.33,2.16,26.48,2.07,2.0,64.3,Suburban,Fog,-92.5,Fair
5816.39,625.77,24.62,9.13,3.95,42.35,1.25,2.0,30.4,Rural,Clear,-71.46,Good
878.05,1677.48,20.23,12.77,3.24,13.65,2.01,1.0,40.6,Rural,Clear,-64.82,Excellent
2405.07,71.88,21.72,10.24,4.26,37.47,1.97,3.0,42.7,Indoor,Fog,-112.08,Poor
724.26,4860.21,27.62,17.27,3.86,44.73,1.35,7.0,45.6,Urban,Clear,-135.21,Poor
908.51,92.07,24.85,10.85,4.68,44.09,2.11,2.0,84.9,Suburban,Clear,-50.28,Excellent
680.9,90.09,42.71,2.2,1.75,16.74,1.48,2.0,65.1,Suburban,Rain,-50.1,Excellent
2617.96,3914.95,21.23,4.02,2.89,33.93,1.32,8.0,61.4,Dense Urban,Clear,-190.26,Poor
2611.62,586.14,23.48,2.74,4.21,48.19,1.29,1.0,53.9,Suburban,Clear,-95.92,Fair
3528.68,3306.23,21.0,16.45,4.09,41.95,2.46,5.0,98.0,Urban,Clear,-144.21,Poor
834.61,480.66,37.51,7.04,4.05,44.46,1.57,2.0,42.2,Suburban,Clear,-65.74,Excellent
1789.99,46.26,47.84,15.38,2.15,47.13,2.31,3.0,72.2,Suburban,Rain,-30.72,Excellent
2619.29,113.39,21.21,9.13,2.43,14.5,1.88,8.0,72.9,Urban,Clear,-110.48,Poor
4973.77,2080.55,35.11,16.73,0.4,17.36,2.31,3.0,71.2,Urban,Clear,-128.92,Poor
5007.99,209.43,32.0,9.72,0.87,41.82,2.24,3.0,47.6,Urban,Clear,-99.11,Fair
702.13,819.44,36.93,15.76,2.21,41.74,1.54,11.0,34.4,Dense Urban,Clear,-130.15,Poor
2080.13,28.15,39.31,12.75,1.56,14.06,1.83,5.0,63.7,Suburban,Clear,-41.66,Excellent
679.91,119.94,23.76,6.26,1.21,44.33,1.49,3.0,57.0,Suburban,Clear,-65.14,Excellent
5018.61,1843.61,38.79,11.22,0.75,22.36,1.67,6.0,,Urban,Clear,-135.66,Poor
820.93,3465.44,19.66,6.29,3.77,46.97,2.46,5.0,46.9,Suburban,Clear,-117.02,Poor
5014.81,75.04,27.72,5.2,4.05,12.48,1.71,2.0,71.9,Indoor,Clear,-116.44,Poor
863.96,29.23,,7.11,2.46,34.26,1.36,5.0,51.7,Urban,Clear,-41.09,Excellent
708.98,11.57,47.47,6.75,4.13,49.37,1.89,2.0,36.8,Suburban,Clear,-5.37,Excellent
4994.57,22.07,19.16,9.94,4.57,33.55,2.13,13.0,98.0,Dense Urban,Clear,-107.02,Poor
2071.7,1800.71,19.7,12.19,0.76,14.59,1.63,6.0,83.8,Indoor,Storm,-193.82,Poor
2118.11,169.78,39.68,17.48,4.15,13.59,1.8,3.0,46.9,Suburban,Clear,-53.56,Excellent
2577.54,61.25,22.77,9.51,0.14,32.9,2.26,5.0,91.1,Urban,Clear,-86.12,Fair
886.85,1240.18,35.12,14.18,0.57,39.08,1.6,3.0,27.3,Suburban,Storm,-83.21,Good
2626.81,1385.12,37.78,9.86,2.06,42.01,2.33,7.0,31.1,Urban,Clear,-127.58,Poor
2088.11,94.94,30.5,8.94,3.35,33.29,2.2,7.0,45.3,Urban,Clear,-87.18,Fair
885.31,2708.72,23.02,8.6,2.45,22.19,2.19,4.0,82.5,Suburban,Fog,-111.66,Poor
1828.4,177.8,44.98,16.01,1.05,14.05,2.34,7.0,42.0,Dense Urban,Clear,-96.56,Fair
675.16,50.71,23.36,4.34,3.16,36.31,2.0,1.0,72.6,Rural,Clear,-31.92,Excellent
1779.64,2681.72,43.29,6.64,4.34,32.22,1.77,9.0,36.5,Dense Urban,Rain,-159.8,Poor
2396.3,25.87,23.48,13.53,3.98,20.33,2.32,0.0,58.9,Rural,Fog,-26.59,Excellent
867.26,4875.53,45.13,6.73,1.48,48.02,1.97,9.0,59.4,Dense Urban,Clear,-161.47,Poor
873.06,452.01,44.49,,4.51,32.66,1.6,4.0,42.1,Indoor,Rain,-127.07,Poor
2615.34,2954.58,35.63,5.47,1.93,41.29,1.49,5.0,65.2,Suburban,Fog,-113.26,Poor
2128.57,30.39,20.63,2.47,4.49,34.27,1.67,8.0,37.2,Dense Urban,Clear,-101.62,Poor
821.01,112.25,24.83,6.68,0.52,16.2,2.18,,31.2,Suburban,Storm,-75.09,Good
3507.17,2274.46,35.46,7.23,4.68,47.24,1.48,5.0,44.3,Suburban,Clear,-104.82,Poor
3476.98,1816.81,34.99,17.25,1.74,33.03,2.07,5.0,32.1,Urban,Clear,-124.35,Poor
724.62,2254.76,18.43,14.93,2.2,35.94,1.75,2.0,30.1,Indoor,Rain,-165.79,Poor
926.12,57.14,22.73,3.96,4.19,30.67,1.41,2.0,89.0,Suburban,Clear,-56.86,Excellent
1788.18,464.44,36.09,3.97,3.45,40.84,2.04,2.0,51.0,Rural,Clear,-51.31,Excellent
3519.66,112.59,28.2,17.95,2.78,47.75,2.47,5.0,51.9,Indoor,Clear,-112.65,Poor
707.82,73.41,30.55,12.74,3.39,23.2,1.24,4.0,49.6,Suburban,Fog,-52.32,Excellent
4976.03,253.4,32.91,12.01,2.61,44.03,2.03,10.0,45.2,Dense Urban,Clear,-131.95,Poor
1806.17,850.95,44.57,11.42,0.13,14.71,1.4,2.0,10.0,Indoor,Storm,-141.22,Poor
878.56,250.88,25.12,4.4,2.35,27.04,1.24,7.0,74.4,Indoor,Clear,-140.84,Poor
4988.49,41.89,41.57,6.23,3.02,45.86,1.45,3.0,96.8,Suburban,Clear,-46.08,Excellent
670.07,1511.47,45.61,8.92,0.66,33.32,1.39,1.0,45.2,Rural,Clear,-41.43,Excellent
878.61,4355.34,46.44,9.14,1.13,11.55,1.55,4.0,57.6,Indoor,Clear,-167.92,Poor
5794.84,95.37,46.44,17.53,1.15,24.68,2.01,7.0,60.8,Indoor,Fog,-106.79,Poor
2395.86,1959.33,19.2,2.7,2.7,38.77,2.36,4.0,46.2,Suburban,Rain,-125.51,Poor
2112.76,2145.56,20.82,2.24,1.13,22.99,1.3,5.0,43.5,Urban,Fog,-155.69,Poor
2606.26,50.48,48.17,16.64,1.14,19.64,1.51,2.0,62.5,Rural,Storm,-22.35,Excellent
2588.12,800.95,21.41,16.04,2.13,42.06,1.23,3.0,28.4,Urban,Clear,-116.27,Poor
2576.0,3410.04,22.27,6.63,3.94,19.87,1.85,11.0,72.5,Dense Urban,Fog,-195.01,Poor
719.64,992.77,29.84,7.14,1.4,18.15,1.67,2.0,45.5,Suburban,Clear,-85.9,Fair
2399.0,12.05,38.05,11.47,1.26,37.77,2.38,0.0,10.7,Rural,Clear,-5.99,Excellent
910.35,428.13,20.05,5.23,2.51,37.7,1.36,4.0,33.3,Suburban,Rain,-93.8,Fair
5021.63,1261.88,36.81,16.01,1.76,10.06,1.84,6.0,48.4,Indoor,Clear,-170.47,Poor
2371.06,465.94,17.68,6.31,4.9,32.48,2.28,0.0,72.5,Rural,Rain,-65.46,Excellent
871.56,11.96,28.3,2.96,4.03,12.53,2.14,5.0,82.2,Suburban,Clear,-44.43,Excellent
5015.11,21.1,46.29,10.52,1.96,46.39,2.0,0.0,71.2,Rural,Storm,-20.97,Excellent
926.81,1457.32,19.23,13.74,0.6,39.53,2.09,7.0,63.6,Urban,Rain,-135.69,Poor
884.02,,,17.3,1.09,39.39,2.29,7.0,71.3,Indoor,Rain,-129.98,Poor
5789.35,3850.8,29.91,12.0,3.92,39.61,1.8,5.0,42.4,Indoor,Clear,-190.01,Poor
3509.69,131.83,26.51,3.63,2.28,17.42,1.82,5.0,66.6,Urban,Clear,-105.45,Poor
5025.55,1651.07,22.25,12.6,0.98,14.24,1.35,2.0,77.9,Rural,Clear,-84.38,Good
2629.56,12.47,32.08,3.48,3.12,27.95,2.46,0.0,38.2,Rural,Clear,-20.1,Excellent
5795.0,1861.54,24.97,5.11,3.2,37.98,2.39,2.0,39.7,Suburban,Storm,-124.84,Poor
852.35,2082.43,21.21,6.75,1.65,49.72,2.07,8.0,45.5,Dense Urban,Clear,-164.03,Poor
2380.23,94.89,44.73,2.89,0.72,21.14,1.87,3.0,25.4,Urban,Rain,-77.81,Good
911.64,68.42,43.21,7.85,2.82,46.34,1.95,6.0,80.1,Urban,Clear,-61.88,Excellent
1820.24,2856.38,29.41,14.27,2.82,13.07,1.43,4.0,44.7,Indoor,Clear,-176.81,Poor
917.92,1256.03,46.02,2.86,2.28,22.04,2.1,1.0,22.3,Rural,Clear,-47.9,Excellent
890.75,411.0,46.62,9.93,4.85,26.43,2.15,2.0,10.0,Suburban,Storm,-54.24,Excellent
2127.8,150.55,29.68,5.62,1.6,24.15,2.0,5.0,85.9,Urban,Clear,-100.82,Poor
5777.22,2895.31,22.68,11.06,2.51,43.33,1.21,3.0,75.9,Indoor,Clear,-189.71,Poor
2599.64,1039.27,22.47,9.88,3.18,27.47,1.3,3.0,38.7,Urban,Storm,-133.12,Poor
1803.28,133.36,46.83,4.66,3.45,40.74,1.39,6.0,68.7,Indoor,Clear,-108.18,Poor
2102.19,219.1,47.05,15.64,4.23,45.35,2.13,2.0,31.8,Suburban,Clear,-42.85,Excellent
2415.47,18.44,43.52,10.01,1.1,30.25,1.75,4.0,53.6,Suburban,Clear,-30.17,Excellent
906.58,1542.33,42.84,17.77,4.31,25.36,2.25,1.0,39.9,Rural,Rain,-35.07,Excellent
2374.63,1869.52,24.26,17.76,0.51,10.09,2.45,5.0,31.8,Suburban,Clear,-114.2,Poor
2580.79,91.17,36.06,6.02,0.32,39.17,1.87,1.0,73.0,Suburban,Clear,-57.01,Excellent
901.93,68.51,31.67,16.13,4.36,48.49,1.61,5.0,62.5,Suburban,Storm,-47.79,Excellent
2411.67,47.95,29.58,13.51,1.63,19.53,1.95,9.0,48.0,Urban,Storm,-92.32,Fair
3500.85,29.39,45.01,8.92,3.98,47.45,1.62,0.0,69.2,Rural,Clear,-9.8,Excellent
2391.33,3614.46,38.57,15.04,3.87,49.24,1.71,4.0,57.7,Indoor,Clear,-162.67,Poor
873.07,1118.43,30.82,8.73,3.38,36.51,1.29,2.0,39.6,Rural,Rain,-56.78,Excellent
2417.15,147.83,22.86,9.88,1.02,35.47,1.63,4.0,36.1,Indoor,Clear,-128.01,Poor
3499.83,19.83,38.65,7.95,2.12,43.6,2.47,4.0,71.2,Suburban,Clear,-38.59,Excellent
902.33,23.79,30.86,15.5,4.05,48.95,2.17,4.0,57.4,Suburban,Clear,-29.46,Excellent
2398.14,823.56,15.18,16.51,0.49,34.96,2.42,8.0,49.7,Dense Urban,Clear,-156.83,Poor
2585.92,35.33,41.77,4.42,2.53,10.9,1.61,2.0,50.3,Suburban,Rain,-49.13,Excellent
1786.58,86.88,30.25,11.44,0.77,40.41,1.49,3.0,77.4,Urban,Rain,-77.92,Good
1773.81,3827.71,30.42,3.87,0.51,21.96,1.29,13.0,69.3,Dense Urban,Clear,-192.99,Poor
5012.46,370.37,47.06,16.17,2.21,30.37,1.93,13.0,53.7,Dense Urban,Clear,-130.92,Poor
1786.31,1519.52,45.32,5.52,1.55,34.95,2.25,6.0,98.0,Indoor,Rain,-161.01,Poor
,19.07,20.88,2.58,4.1,24.78,2.47,3.0,54.7,Suburban,Clear,-53.06,Excellent
879.61,77.93,39.87,13.93,2.44,14.75,1.47,8.0,65.6,Urban,Fog,-71.72,Good
5793.15,2613.46,23.3,12.66,3.71,31.69,1.29,1.0,70.1,Suburban,Clear,-114.37,Poor
2400.64,1539.63,44.82,8.58,3.31,29.08,1.78,3.0,20.7,Suburban,Clear,-84.5,Good
3493.19,896.54,30.17,11.91,4.76,49.07,1.72,6.0,50.1,Dense Urban,Clear,-141.82,Poor
2587.41,384.94,37.31,14.34,1.3,13.14,2.0,2.0,52.7,Suburban,Fog,-71.74,Good
1770.35,53.19,42.26,4.72,3.9,44.74,1.95,1.0,10.0,Rural,Rain,-23.98,Excellent
1821.29,380.36,24.42,6.87,0.94,29.77,1.95,2.0,61.4,Indoor,Rain,-142.25,Poor
3498.39,13.71,19.47,9.77,4.31,18.41,2.45,1.0,18.8,Suburban,Clear,-45.86,Excellent
5013.19,35.15,43.89,12.13,4.37,21.79,2.25,2.0,98.0,Indoor,Fog,-73.72,Good
877.52,250.49,20.64,11.82,4.09,10.34,1.84,4.0,71.1,Suburban,Clear,-81.64,Good
4970.17,10.12,43.08,9.9,1.61,31.66,1.45,3.0,37.3,Urban,Clear,-39.59,Excellent
5010.5,42.34,30.73,12.58,0.73,46.94,2.29,4.0,98.0,Indoor,Clear,-96.74,Fair
827.12,25.76,20.3,2.34,4.22,40.08,1.27,9.0,78.2,Dense Urban,Clear,-89.2,Fair
847.48,85.61,44.92,7.18,2.95,21.63,1.68,0.0,67.9,Rural,Fog,-13.4,Excellent
2620.81,2073.34,47.02,11.16,2.24,24.15,1.63,4.0,63.7,Suburban,Rain,-94.69,Fair
4974.29,3606.25,21.56,6.9,2.06,21.87,1.24,3.0,49.3,Suburban,Clear,-131.69,Poor
1829.38,27.89,44.85,17.07,0.51,15.04,1.65,9.0,50.7,Urban,Clear,-56.75,Excellent
2604.85,42.04,28.76,17.42,3.23,16.34,1.47,4.0,67.1,Urban,Clear,-71.0,Good
5793.7,1930.62,43.09,7.94,2.6,38.66,2.03,9.0,97.5,Urban,Clear,-138.21,Poor
1771.17,29.24,24.12,5.7,4.81,33.3,1.58,9.0,71.4,Urban,Rain,-83.81,Good
905.21,1001.82,20.8,5.59,3.38,21.54,2.4,1.0,89.9,Rural,Clear,-68.48,Excellent
5799.69,17.01,44.87,9.1,4.83,20.51,2.15,4.0,59.2,Urban,Clear,-46.57,Excellent
882.92,562.03,38.17,17.32,0.7,38.96,1.37,2.0,45.1,Suburban,Clear,-60.77,Excellent
2099.43,52.13,22.06,5.78,3.41,13.81,2.21,7.0,91.3,Indoor,Fog,-121.16,Poor
2070.77,1054.49,31.01,7.3,4.07,18.67,2.41,6.0,95.2,Urban,Clear,-128.65,Poor
2429.97,252.22,43.43,10.95,3.06,24.12,1.26,4.0,33.7,Suburban,Clear,-63.09,Excellent
889.93,30.4,22.66,11.12,3.07,45.01,1.73,7.0,54.2,Indoor,Storm,-95.41,Fair
2598.81,121.79,42.2,12.6,0.78,42.72,2.36,0.0,78.7,Rural,Clear,-24.4,Excellent
2617.09,244.47,20.2,13.65,1.61,13.31,1.41,6.0,44.7,Urban,Clear,-113.76,Poor
912.77,4876.54,46.12,14.66,3.16,32.24,2.26,6.0,52.2,Dense Urban,,-146.69,Poor
2123.31,197.92,41.43,9.86,2.37,43.46,1.36,8.0,82.5,Urban,Clear,-91.69,Fair
726.48,25.6,30.9,3.14,4.32,31.79,1.53,6.0,58.2,Indoor,Rain,-84.54,Good
881.35,315.17,38.74,12.82,3.89,28.5,2.06,1.0,51.0,Suburban,Clear,-52.02,Excellent
5793.42,39.3,24.29,11.48,2.67,45.69,1.23,9.0,64.9,Dense Urban,Fog,-104.15,Poor
2411.21,2365.49,30.47,5.43,3.06,39.37,2.22,1.0,70.7,Suburban,Storm,-109.48,Poor
2572.7,1782.89,29.33,15.66,3.28,30.36,2.08,12.0,10.0,Dense Urban,Clear,-165.53,Poor
5013.02,22.24,30.19,13.86,3.28,17.02,2.43,9.0,98.0,Urban,Clear,-77.27,Good
3470.29,387.26,42.8,8.75,3.48,17.12,1.21,2.0,60.7,Rural,Rain,-50.91,Excellent
3524.85,758.32,30.19,17.5,2.49,19.47,1.45,6.0,75.7,Urban,Rain,-122.34,Poor
3513.09,47.78,21.4,12.83,0.62,33.45,1.74,9.0,78.7,Urban,Clear,-96.35,Fair
2103.93,490.42,29.84,16.88,4.78,31.89,2.13,,35.0,Suburban,Clear,-69.37,Excellent
2595.73,177.33,17.24,13.66,0.08,35.33,1.83,4.0,17.4,Urban,Clear,-102.7,Poor
929.28,200.04,31.2,13.37,0.08,17.89,1.34,7.0,76.2,Dense Urban,Clear,-108.02,Poor
5014.19,307.55,43.6,5.49,4.69,30.75,1.27,0.0,76.6,Rural,Clear,-43.04,Excellent
868.44,345.77,20.22,8.71,2.47,34.41,1.65,11.0,40.1,Dense Urban,Clear,-139.62,Poor
5019.52,823.61,18.24,12.18,4.09,44.31,1.41,2.0,85.3,Indoor,Clear,-162.89,Poor
4971.31,166.38,28.75,15.25,1.93,21.02,1.43,2.0,38.4,Indoor,Fog,-124.62,Poor
823.28,892.01,28.93,16.58,2.15,21.13,1.58,2.0,46.2,Rural,Clear,-51.64,Excellent
3481.9,204.89,19.12,3.31,3.53,49.71,1.96,4.0,54.1,Indoor,Clear,-147.67,Poor
5809.31,615.07,22.26,13.44,2.54,12.49,2.22,4.0,32.5,Suburban,Fog,-106.05,Poor
2407.44,51.3,41.23,6.26,4.5,29.53,1.47,6.0,46.7,Dense Urban,Fog,-86.11,Fair
1789.51,289.76,40.23,13.36,3.46,47.14,1.76,5.0,,Suburban,Storm,-68.13,Excellent
5028.38,183.28,39.25,7.08,2.64,31.98,2.14,2.0,78.7,Indoor,Clear,-123.86,Poor
2375.59,65.41,20.42,11.13,4.15,33.21,2.32,4.0,58.6,Suburban,Fog,-66.66,Excellent
866.6,14.73,42.95,10.43,2.72,20.73,1.47,4.0,49.7,Indoor,Clear,-50.14,Excellent
898.85,238.23,39.74,15.95,1.5,39.38,2.29,5.0,34.8,Urban,Clear,-77.74,Good
2595.13,10.62,32.44,12.46,0.6,48.47,1.77,3.0,54.0,Urban,Clear,-43.21,Excellent
2071.53,112.76,35.89,5.89,1.75,28.63,2.04,3.0,38.5,Urban,Clear,-81.29,Good
913.67,100.09,20.37,12.06,3.17,44.63,1.8,2.0,36.6,Suburban,Clear,-56.66,Excellent
3516.29,513.43,42.73,12.25,4.91,11.39,2.17,2.0,38.1,Indoor,Rain,-130.29,Poor
839.14,4624.25,22.6,7.83,3.73,43.66,2.14,0.0,61.1,Rural,Clear,-69.62,Excellent
901.02,2068.8,19.75,6.2,3.09,48.31,1.87,5.0,63.6,Urban,Clear,-135.98,Poor
2106.39,4282.74,22.87,16.55,1.01,44.0,2.44,6.0,52.0,Urban,Clear,-147.68,Poor
692.06,3685.96,30.32,4.46,3.53,13.5,2.37,7.0,78.4,Urban,Clear,-147.38,Poor
1806.93,15.85,30.32,4.27,2.61,35.45,1.64,4.0,75.6,Urban,Fog,-56.34,Excellent
5796.05,57.67,25.16,11.43,3.69,12.98,1.36,3.0,37.9,Suburban,Rain,-76.63,Good
5822.68,63.32,41.79,6.93,1.83,12.71,1.39,2.0,86.2,Suburban,Clear,-59.74,Excellent
5013.11,15.55,24.45,10.07,2.39,13.09,1.54,4.0,11.7,Indoor,Rain,-95.05,Fair
1776.63,1927.9,18.39,6.28,2.63,15.72,2.05,8.0,73.7,Urban,Clear,-154.15,Poor
717.98,2608.96,23.36,7.89,1.81,31.44,1.44,5.0,60.0,Dense Urban,Clear,-159.9,Poor
4990.25,429.35,31.57,8.53,2.89,39.87,1.93,2.0,47.8,Suburban,Storm,-93.71,Fair
1826.13,2539.56,20.85,10.99,1.38,16.52,2.17,10.0,48.2,Dense Urban,Clear,-182.75,Poor
3506.2,847.35,19.53,3.26,0.38,10.27,1.47,4.0,61.9,Indoor,Clear,-179.05,Poor
821.65,154.54,20.43,8.92,0.89,27.06,1.6,4.0,46.6,Suburban,Rain,-76.19,Good
2614.06,25.38,32.48,13.0,2.47,27.02,1.26,1.0,68.9,Rural,Fog,-23.12,Excellent
2377.84,3863.26,45.11,13.35,0.34,27.53,1.35,2.0,12.5,Rural,Rain,-63.23,Excellent
5822.64,738.65,37.85,6.33,1.93,32.29,1.69,6.0,47.1,Urban,Clear,-124.06,Poor
876.9,90.35,21.45,10.7,3.38,48.87,1.56,2.0,63.2,Suburban,Clear,-56.26,Excellent
2111.72,22.24,19.42,8.15,2.56,21.31,1.48,2.0,54.3,Suburban,Rain,-56.37,Excellent
5801.97,1433.49,22.6,2.59,2.77,32.81,1.62,3.0,33.8,Indoor,Fog,-184.83,Poor
1806.12,1460.88,23.11,8.91,3.62,43.73,1.34,2.0,54.4,Rural,Storm,-77.06,Good
2595.73,292.12,38.64,12.78,0.6,27.4,2.15,4.0,64.8,Suburban,Fog,-74.24,Good
825.01,4998.67,44.64,17.13,1.32,10.6,1.97,8.0,63.0,Dense Urban,Rain,-156.41,Poor
3525.73,110.39,27.41,3.79,2.11,,1.54,1.0,49.5,Rural,Fog,-55.91,Excellent
889.75,3488.23,28.02,8.84,1.34,38.14,1.38,0.0,67.5,Rural,Clear,-65.98,Excellent
2388.77,502.41,36.87,17.06,2.19,17.47,1.25,6.0,46.9,Urban,Storm,-110.01,Poor
4981.48,971.81,29.01,9.51,4.47,36.66,2.08,1.0,48.4,Suburban,Clear,-89.9,Fair
2629.54,2986.51,43.94,16.3,0.57,12.08,1.48,1.0,72.8,Suburban,Clear,-91.49,Fair
2126.55,1750.86,38.73,12.91,1.47,36.85,1.76,11.0,35.0,Dense Urban,Rain,-158.01,Poor
840.97,60.13,46.93,15.86,4.34,30.0,1.97,7.0,57.1,Dense Urban,Clear,-63.81,Excellent
1785.6,2190.99,19.74,14.13,2.82,38.1,1.66,2.0,30.2,Indoor,Clear,-168.98,Poor
5018.32,286.19,29.19,3.16,4.85,11.11,1.25,3.0,73.6,Suburban,Rain,-99.49,Fair
895.36,13.21,48.86,14.2,0.86,48.08,1.88,1.0,61.0,Rural,Clear,11.62,Excellent
2628.07,658.59,42.54,4.05,3.78,33.21,2.42,1.0,81.5,Rural,Clear,-48.75,Excellent
2124.07,223.19,40.57,13.98,4.2,36.74,1.37,5.0,83.8,Urban,Clear,-80.89,Good
1815.57,280.76,30.69,8.7,4.79,42.62,1.69,1.0,57.0,Suburban,Rain,-71.14,Good
3475.4,129.03,30.57,12.96,0.79,11.97,1.61,3.0,29.3,Urban,Clear,-94.1,Fair
1812.13,14.89,42.74,2.97,2.68,16.4,1.51,10.0,45.9,Dense Urban,Clear,-73.61,Good
929.24,30.65,33.53,3.82,2.02,16.31,2.02,4.0,43.6,Indoor,,-85.88,Fair
2392.4,1100.65,30.32,3.71,3.03,16.3,1.68,9.0,94.3,Urban,Clear,-144.27,Poor
3522.89,42.87,31.52,8.01,0.4,13.49,1.61,4.0,63.9,Suburban,Clear,-65.82,Excellent
4994.49,494.56,20.48,4.71,2.37,46.8,1.42,0.0,70.0,Rural,Clear,-70.14,Good
2628.28,290.04,44.91,2.13,0.14,23.94,1.67,3.0,86.8,Indoor,Clear,-125.49,Poor
2609.22,39.59,45.5,16.07,1.55,14.55,2.49,1.0,67.9,Rural,Clear,-12.92,Excellent
3475.79,57.18,18.4,14.03,4.11,38.49,2.33,2.0,61.5,Rural,Clear,-42.88,Excellent
898.74,108.45,31.15,11.1,2.34,24.67,1.32,4.0,75.5,Suburban,Rain,-59.31,Excellent
872.98,2374.63,43.45,13.59,4.26,18.22,2.02,6.0,17.5,Dense Urban,Clear,-134.89,Poor
2093.7,3471.82,21.19,6.84,0.29,47.15,1.83,13.0,32.1,Dense Urban,Rain,-196.86,Poor
2624.92,110.62,22.07,13.29,3.5,43.9,2.08,0.0,59.3,Rural,Clear,-40.72,Excellent
2583.93,13.32,46.72,10.32,0.3,33.67,2.42,2.0,75.5,Rural,Clear,-7.6,Excellent
877.03,418.61,40.61,3.42,0.78,29.9,1.32,13.0,56.7,Dense Urban,Fog,-134.98,Poor
3476.0,133.98,45.28,12.63,4.02,14.09,1.92,5.0,58.3,Dense Urban,Clear,-92.52,Fair
1809.89,213.18,44.94,17.9,0.1,29.24,1.29,6.0,19.0,Urban,Clear,-79.74,Good
5027.94,155.89,43.74,6.1,1.9,26.51,1.68,2.0,79.0,Suburban,Storm,-70.69,Good
3509.25,584.35,22.27,2.07,4.68,30.15,1.79,5.0,89.7,Suburban,Clear,-108.9,Poor
5823.94,66.32,43.94,14.01,0.78,26.2,1.31,1.0,28.3,Rural,Rain,-31.82,Excellent
2629.46,2565.58,29.15,6.46,4.74,31.27,1.52,2.0,17.6,Indoor,Fog,-173.84,Poor
2408.51,137.07,37.9,8.48,0.98,32.81,1.94,8.0,71.5,Dense Urban,Storm,-113.01,Poor
866.94,83.59,37.2,2.12,1.35,13.38,1.49,1.0,74.7,Rural,Clear,-34.94,Excellent
1771.92,3097.43,35.88,3.03,3.19,18.39,2.14,8.0,10.0,Urban,Rain,-149.37,Poor
4995.64,92.6,38.26,13.34,0.03,28.29,2.07,1.0,65.5,Rural,Clear,-36.29,Excellent
1787.3,16.76,45.35,17.43,3.55,46.13,1.85,5.0,49.6,Suburban,Rain,-19.46,Excellent
719.45,26.26,21.36,11.45,4.52,47.57,1.93,6.0,43.4,Indoor,Clear,-83.33,Good
910.65,846.96,26.54,15.48,1.78,32.7,1.62,6.0,25.2,Dense Urban,Storm,-137.87,Poor
2406.86,329.38,37.36,5.29,3.03,32.92,1.91,4.0,60.7,Suburban,Storm,-83.59,Good
2625.89,277.28,36.79,3.08,1.79,31.29,1.62,5.0,42.6,Suburban,Rain,-89.16,Fair
5775.33,16.65,39.95,7.55,3.46,21.64,2.38,7.0,49.1,Dense Urban,Rain,-77.32,Good
5827.23,27.72,28.06,5.33,2.63,28.24,1.31,3.0,96.0,Urban,Clear,-78.88,Good
2376.05,117.32,47.2,11.87,2.51,32.8,1.46,1.0,91.7,Rural,Clear,-21.1,Excellent
2390.82,161.87,20.28,17.3,0.26,44.65,1.53,5.0,76.5,Suburban,Clear,-79.34,Good
5007.82,103.84,43.12,5.7,3.31,23.79,2.22,6.0,38.7,Indoor,Clear,-117.32,Poor
690.49,227.45,22.02,16.43,2.53,18.35,1.79,4.0,43.6,Suburban,Clear,-70.65,Good
2410.95,954.61,38.62,10.59,1.6,15.94,1.92,4.0,52.8,Suburban,Clear,-88.52,Fair
2116.53,519.69,18.16,3.63,2.4,22.67,1.58,4.0,77.0,Suburban,Clear,-108.9,Poor
3519.71,446.52,21.67,10.58,1.65,30.22,1.55,6.0,29.7,Dense Urban,Clear,-143.14,Poor
4980.76,320.21,29.52,9.47,1.36,49.39,2.04,11.0,40.8,Dense Urban,Clear,-147.15,Poor
2580.92,34.86,17.71,13.98,0.61,17.82,2.09,8.0,58.7,Urban,Rain,-95.84,Fair
2573.14,428.45,21.68,13.98,1.1,11.95,1.87,1.0,49.0,Rural,Fog,-62.32,Excellent
2599.45,26.77,38.59,12.26,0.65,20.84,2.11,7.0,38.2,Urban,Fog,-66.62,Excellent
2378.25,839.72,18.73,12.69,0.05,34.4,2.21,6.0,59.4,Urban,Clear,-135.08,Poor
889.12,166.23,38.17,11.72,3.69,48.17,1.33,3.0,30.1,Urban,Clear,-66.83,Excellent
920.43,370.98,30.95,5.79,0.47,37.04,1.51,1.0,51.4,Suburban,Clear,-71.63,Good
3526.92,2131.36,45.75,16.81,1.97,41.46,2.01,1.0,24.7,Rural,Clear,-49.08,Excellent
2619.32,101.62,34.87,5.39,3.24,34.72,2.34,1.0,69.8,Rural,,-38.13,Excellent
870.04,18.59,30.1,11.52,3.54,48.54,2.25,3.0,19.4,Urban,Fog,-42.7,Excellent
,2545.97,39.83,14.38,0.38,33.5,1.96,1.0,20.9,Rural,Fog,-63.78,Excellent
5780.0,96.62,22.21,3.34,4.41,37.12,1.78,3.0,38.9,Urban,Clear,-101.38,Poor
2592.54,125.08,37.36,9.2,0.45,49.35,1.24,0.0,23.6,Rural,Clear,-32.48,Excellent
895.68,62.94,24.3,2.48,2.57,32.31,2.4,2.0,48.8,Indoor,Rain,-101.37,Poor
5826.58,136.15,29.77,5.62,4.11,19.47,2.17,1.0,44.3,Suburban,Rain,-76.09,Good
908.02,254.73,29.09,12.18,2.29,47.98,1.57,2.0,62.8,Rural,Clear,-39.45,Excellent
2086.06,1888.3,35.97,16.61,5.0,32.05,1.86,3.0,46.7,Urban,Storm,-116.4,Poor
5008.57,878.4,22.3,6.87,3.53,42.31,1.51,8.0,62.3,Dense Urban,Clear,-164.12,Poor
2427.11,242.85,37.94,15.36,1.69,26.1,2.39,0.0,50.3,Rural,Fog,-34.97,Excellent
873.55,1152.39,23.53,10.4,0.38,48.43,1.78,4.0,98.0,Suburban,Clear,-96.9,Fair
718.96,1941.62,22.97,14.17,4.13,41.52,2.31,3.0,28.7,Suburban,Clear,-90.47,Fair
1783.01,14.35,20.95,14.96,4.35,35.36,2.01,9.0,22.9,Urban,Clear,-63.18,Excellent
2579.19,396.65,30.0,12.17,3.15,40.62,1.88,1.0,54.8,Suburban,Storm,-75.83,Good
3523.93,13.09,28.0,8.76,1.65,42.77,2.38,2.0,31.1,Rural,Clear,-27.41,Excellent
870.11,67.86,41.33,11.35,2.83,44.18,1.38,5.0,50.4,Indoor,Clear,-86.01,Fair
864.47,1142.19,30.9,13.06,0.01,32.22,1.28,5.0,78.3,Suburban,Rain,-92.07,Fair
3475.23,1366.64,34.94,15.78,2.09,38.11,2.06,2.0,61.5,Rural,Clear,-58.27,Excellent
857.08,2428.98,45.43,10.77,4.93,48.75,2.39,5.0,69.6,Urban,Clear,-105.59,Poor
707.25,221.17,36.83,15.98,1.07,32.9,1.37,4.0,42.4,Suburban,Clear,-50.05,Excellent
2121.77,16.87,44.45,8.22,3.41,10.34,1.52,4.0,40.8,Suburban,Rain,-35.04,Excellent
2419.36,21.99,34.5,14.15,0.52,10.46,1.72,8.0,71.8,Urban,Rain,-69.72,Excellent
911.11,45.64,21.24,11.75,3.65,40.81,2.41,1.0,23.1,Rural,Clear,-27.09,Excellent
892.83,101.04,27.29,3.24,2.2,11.84,2.31,4.0,59.3,Suburban,Clear,-70.12,Good
879.98,263.74,43.92,10.03,1.7,37.31,2.46,6.0,47.3,Dense Urban,Clear,-97.42,Fair
1808.14,553.82,20.6,14.22,2.53,45.64,2.21,9.0,39.8,Urban,Storm,-125.43,Poor
699.82,27.45,28.86,12.76,4.09,32.43,1.65,11.0,49.7,Dense Urban,Fog,-76.73,Good
674.68,32.36,34.95,11.02,4.19,19.32,1.27,1.0,47.6,Rural,Clear,-10.61,Excellent
1827.33,29.3,47.75,14.68,1.76,47.15,2.0,8.0,64.0,Urban,Clear,-46.31,Excellent
688.87,1090.32,46.66,16.45,3.16,30.23,2.36,10.0,58.1,Dense Urban,Fog,-121.33,Poor
1770.13,65.36,36.07,4.29,1.61,17.15,1.78,4.0,35.4,Suburban,Clear,-59.29,Excellent
2424.1,28.18,24.78,6.09,2.26,26.5,1.71,5.0,79.2,Suburban,Clear,-61.95,Excellent
704.62,145.97,23.21,17.82,3.28,40.68,2.23,1.0,83.7,Rural,Rain,-31.17,Excellent
2613.98,46.56,37.48,5.87,1.28,33.02,1.72,0.0,60.1,Rural,Rain,-30.07,Excellent
2579.16,99.25,21.44,15.24,1.62,32.45,2.15,2.0,74.5,Rural,Clear,-45.95,Excellent
2394.28,1674.9,40.73,10.51,0.83,11.66,1.47,5.0,54.3,Indoor,Clear,-166.98,Poor
2608.7,79.65,43.64,8.16,3.01,26.79,2.02,4.0,35.7,Urban,Clear,-70.97,Good
4985.06,29.64,26.12,13.64,4.23,37.48,1.94,4.0,67.8,Suburban,Storm,-63.36,Excellent
712.09,42.4,44.76,14.05,4.59,16.82,1.77,7.0,54.0,Urban,Clear,-46.99,Excellent
834.02,12.38,20.1,6.35,4.71,49.27,1.63,9.0,57.8,Urban,Clear,-67.35,Excellent
1782.55,2704.71,30.69,2.18,3.9,11.08,2.0,6.0,52.9,Dense Urban,Storm,-175.94,Poor
2570.7,760.49,29.97,14.45,2.37,20.51,2.43,2.0,73.3,Suburban,Clear,-86.08,Fair
4986.91,178.07,36.77,13.03,4.06,11.41,1.6,3.0,52.2,Urban,Clear,-90.69,Fair
5784.8,326.41,29.74,3.93,1.28,20.23,1.27,4.0,55.6,Indoor,Rain,-158.14,Poor
2415.86,48.5,37.72,2.59,2.55,22.43,2.34,5.0,71.4,Dense Urban,Clear,-91.16,Fair
2104.18,122.9,18.44,12.57,4.59,29.21,1.22,4.0,92.9,Suburban,Clear,-75.1,Good
2080.67,72.98,42.34,11.62,2.89,44.54,1.28,13.0,49.9,Dense Urban,Clear,-97.65,Fair
704.09,1680.42,42.54,14.21,3.06,22.01,1.39,1.0,96.7,Rural,Rain,-41.82,Excellent
2083.53,1015.04,27.21,15.97,3.11,18.08,2.17,1.0,77.4,Suburban,Clear,-87.05,Fair
2395.53,58.37,44.05,12.62,4.02,18.16,1.29,1.0,64.1,Suburban,Clear,-36.6,Excellent
923.29,1141.0,21.28,12.17,0.42,13.4,1.84,4.0,70.9,Indoor,Clear,-163.65,Poor
3513.16,17.93,42.59,10.33,1.87,15.94,1.38,1.0,89.7,Suburban,Clear,-28.37,Excellent
5009.07,35.22,24.05,11.06,4.68,21.88,1.92,8.0,51.4,Urban,Clear,-88.69,Fair
1786.89,19.37,43.58,17.58,4.83,19.22,1.83,4.0,16.3,Urban,Clear,-33.95,Excellent
5777.47,43.96,37.39,2.74,2.79,13.12,1.6,1.0,25.5,Rural,Storm,-50.91,Excellent
865.18,40.78,18.58,10.7,1.5,48.36,1.94,5.0,36.7,Suburban,Rain,-59.53,Excellent
5804.07,2695.07,30.11,5.96,4.26,13.1,1.6,1.0,67.7,Suburban,Clear,-114.66,Poor
3507.37,76.49,30.38,13.61,4.45,39.5,2.29,6.0,53.5,Urban,Fog,-81.06,Good
928.51,90.93,46.3,13.98,1.49,20.64,2.4,0.0,90.8,Rural,Rain,-11.96,Excellent
2590.9,18.59,,6.25,3.67,32.12,1.87,1.0,73.3,Rural,Clear,-35.8,Excellent
1818.04,15.07,47.1,14.13,4.76,10.06,1.36,0.0,56.6,Rural,Fog,1.55,Excellent
3503.54,39.09,19.81,12.3,2.16,10.29,1.62,5.0,54.8,Suburban,Clear,-74.9,Good
834.12,23.07,21.95,17.15,0.41,23.48,2.27,0.0,48.2,Rural,Clear,-16.04,Excellent
873.17,85.13,21.3,15.05,4.17,38.16,1.47,2.0,48.8,Rural,Rain,-33.87,Excellent
1806.96,31.78,48.84,14.35,3.37,48.9,1.37,8.0,56.7,Urban,Fog,-45.25,Excellent
837.86,30.26,37.39,4.25,3.79,28.08,2.45,3.0,27.3,Suburban,Rain,-38.12,Excellent
1811.73,559.35,41.98,17.79,3.3,37.2,1.92,1.0,24.3,Rural,Clear,-31.78,Excellent
2612.04,3489.12,43.7,14.74,2.1,32.68,1.8,11.0,51.8,Dense Urban,Clear,-165.09,Poor
2597.33,10.81,37.42,15.48,4.82,47.58,2.4,0.0,58.5,Rural,Clear,-0.33,Excellent
2402.18,802.19,26.32,14.03,3.11,32.46,1.9,5.0,51.2,Indoor,Rain,-158.33,Poor
857.59,601.39,21.11,15.67,2.63,20.98,1.84,2.0,42.9,Suburban,Clear,-80.41,Good
898.12,379.35,28.6,11.74,2.78,38.21,1.59,7.0,81.9,Indoor,Clear,-136.25,Poor
5822.64,738.74,31.91,2.21,3.82,44.4,2.08,4.0,68.8,Suburban,Clear,-103.08,Poor
874.56,236.03,31.16,9.42,3.05,43.94,2.13,6.0,52.4,Urban,Rain,-91.68,Fair
878.79,3174.85,47.4,5.97,0.37,42.07,1.38,5.0,41.7,Suburban,Rain,-93.83,Fair
2072.01,26.73,20.67,6.98,1.39,13.69,2.21,1.0,,Rural,Fog,-43.24,Excellent
682.49,189.71,38.51,6.41,2.57,28.6,1.77,9.0,70.3,Dense Urban,Clear,-108.49,Poor
1812.5,578.8,20.66,12.1,0.83,27.16,1.74,2.0,37.1,Suburban,Clear,-90.25,Fair
4975.1,2834.98,36.62,14.61,4.28,49.38,2.38,8.0,82.5,Urban,Rain,-141.21,Poor
885.73,206.81,43.2,15.91,3.88,15.9,1.4,7.0,67.6,Dense Urban,Clear,-95.12,Fair
3479.24,4333.95,19.83,15.98,3.78,28.36,1.84,2.0,51.3,Rural,Rain,-88.37,Fair
2113.41,591.33,30.51,2.32,2.34,39.23,1.79,1.0,40.2,Rural,Clear,-60.48,Excellent
1804.74,771.18,23.12,14.07,1.45,12.58,1.98,2.0,63.2,Suburban,Clear,-92.38,Fair
2573.87,1615.54,29.53,16.88,4.19,45.73,1.49,3.0,49.8,Urban,Rain,-119.8,Poor
2397.61,956.81,29.73,14.38,1.76,38.27,1.52,4.0,46.1,Indoor,Clear,-152.09,Poor
1782.51,257.37,29.99,3.86,2.79,15.46,1.27,4.0,43.2,Suburban,Clear,-88.04,Fair
928.06,1216.94,34.33,17.32,1.46,37.41,2.25,11.0,59.9,Dense Urban,Clear,-141.25,Poor
5776.48,12.49,24.54,10.03,4.91,35.46,1.32,3.0,41.0,Suburban,Clear,-45.38,Excellent
855.88,3292.39,46.52,11.19,3.54,14.84,2.0,8.0,56.8,Urban,Storm,-127.5,Poor
5798.91,1665.93,45.08,6.53,4.82,48.58,1.24,3.0,76.6,Suburban,Storm,-102.56,Poor
2104.69,526.05,30.89,15.55,4.8,30.29,1.97,4.0,42.7,Indoor,Clear,-138.01,Poor
5827.39,15.33,45.24,16.03,1.05,31.42,,1.0,34.9,Suburban,Clear,-24.47,Excellent
1790.48,62.52,22.24,15.05,3.65,37.35,2.07,8.0,93.1,Urban,Clear,-86.13,Fair
2414.93,48.37,23.56,5.31,2.33,18.04,2.2,2.0,50.5,Indoor,Clear,-107.03,Poor
2596.85,49.4,25.15,4.04,3.15,33.75,2.47,6.0,70.1,Indoor,Rain,-118.34,Poor
1809.65,651.6,43.42,17.62,2.33,23.04,2.17,7.0,52.2,Urban,Clear,-97.79,Fair
891.94,2315.64,18.84,15.96,0.29,45.2,2.43,1.0,48.1,Suburban,Fog,-96.23,Fair
2383.63,691.35,22.47,15.7,3.4,45.84,2.41,4.0,72.3,Indoor,Clear,-148.66,Poor
2575.02,112.01,21.27,14.48,2.44,40.26,1.57,5.0,79.3,Indoor,Rain,-122.9,Poor
876.11,4129.9,30.61,3.7,0.67,16.79,1.72,2.0,32.2,Suburban,Clear,-110.87,Poor
3527.57,2128.55,24.44,10.24,3.28,28.85,1.74,9.0,11.4,Urban,Rain,-156.36,Poor
2617.31,707.82,43.59,3.85,0.8,48.5,1.65,1.0,67.6,Suburban,Storm,-83.26,Good
834.7,118.24,44.16,8.76,4.38,24.47,2.16,2.0,81.4,Suburban,Clear,-42.58,Excellent
5801.75,700.86,49.02,4.59,0.11,22.98,1.7,6.0,55.1,Urban,Rain,-123.31,Poor
712.85,126.23,27.97,9.67,2.1,18.74,2.4,3.0,48.6,Suburban,Rain,-63.11,Excellent
2591.15,26.23,40.61,,1.71,12.88,1.93,5.0,55.7,Suburban,Clear,-43.7,Excellent
2096.4,467.97,47.4,15.46,4.42,13.04,1.6,5.0,72.4,Urban,Rain,-95.39,Fair
2613.1,765.87,46.94,3.29,3.72,16.99,2.3,1.0,66.2,Suburban,Clear,-77.6,Good
3483.65,87.65,44.53,16.27,1.32,26.46,2.09,7.0,35.9,Urban,Rain,-78.62,Good
2601.58,3222.36,46.57,5.03,1.69,32.46,1.61,13.0,29.1,Dense Urban,Clear,-175.68,Poor
2582.61,2021.25,20.24,17.1,3.18,31.2,2.36,3.0,22.6,Urban,Clear,-130.11,Poor
4970.18,374.2,24.33,9.71,4.84,27.06,1.78,4.0,57.1,Suburban,Clear,-92.64,Fair
3511.42,14.54,43.7,2.91,2.03,44.77,1.34,9.0,85.8,Urban,Clear,-61.75,Excellent
5012.44,11.13,20.54,14.65,4.17,43.1,2.26,3.0,10.0,Suburban,Clear,-43.54,Excellent
2129.74,533.38,21.17,2.76,3.59,25.68,2.12,5.0,,Indoor,Clear,-162.17,Poor
880.86,1571.95,19.84,12.04,3.53,30.36,1.25,10.0,74.2,Dense Urban,Storm,-166.92,Poor
914.37,224.1,19.23,14.75,1.19,45.42,1.38,5.0,38.3,Urban,Clear,-95.66,Fair
2626.88,11.57,37.68,9.41,0.15,17.49,2.36,9.0,67.5,Urban,Storm,-69.81,Excellent
2408.67,24.6,22.22,12.9,2.35,,1.25,4.0,40.4,Urban,Rain,-74.27,Good
727.79,37.17,45.81,11.16,3.04,33.98,1.92,7.0,33.2,Urban,Clear,-45.43,Excellent
929.67,494.65,17.84,3.13,2.39,27.86,1.28,1.0,65.3,Rural,Rain,-67.89,Excellent
5818.1,205.05,30.08,13.09,1.92,32.31,2.28,1.0,29.7,Suburban,Clear,-70.75,Good
3529.96,18.87,35.61,17.24,1.44,11.61,1.41,2.0,52.0,Suburban,Clear,-36.42,Excellent
3507.55,225.95,29.95,7.49,4.3,29.6,1.98,5.0,51.7,Suburban,Rain,-86.29,Fair
849.82,2221.95,41.37,4.02,0.85,48.3,2.48,5.0,91.1,Suburban,Rain,-97.38,Fair
725.06,153.16,45.97,6.1,0.03,47.63,2.06,6.0,41.7,Indoor,Clear,-107.53,Poor
919.86,25.36,38.35,12.17,0.54,37.8,1.72,2.0,42.8,Rural,Rain,-11.39,Excellent
4976.61,363.1,36.11,17.73,2.21,47.37,1.68,5.0,67.8,Indoor,Clear,-130.69,Poor
2388.16,3223.92,35.6,14.99,2.8,40.28,2.44,5.0,61.5,Urban,Rain,-132.07,Poor
3485.64,20.55,47.17,14.5,3.49,17.54,1.96,7.0,39.7,Dense Urban,Clear,-60.6,Excellent
2121.32,26.43,44.37,7.77,2.8,37.47,2.5,7.0,41.5,Indoor,Rain,-81.04,Good
2083.99,338.76,20.64,11.76,3.17,49.61,1.28,2.0,36.8,Suburban,Storm,-84.31,Good
2588.24,82.73,42.3,8.47,0.58,36.2,2.25,2.0,49.0,Rural,Clear,-31.6,Excellent
5801.13,2612.71,19.06,2.94,2.2,42.23,1.44,2.0,63.3,Indoor,Fog,-200.58,Poor
2074.57,838.94,45.5,9.86,3.55,37.79,1.64,2.0,38.2,Suburban,Clear,-70.15,Good
2427.67,24.95,22.91,10.77,1.62,11.49,2.04,1.0,41.8,Suburban,Clear,-53.88,Excellent
5799.46,2238.94,40.41,15.56,1.29,10.74,2.25,4.0,84.1,Urban,Rain,-135.5,Poor
1781.43,541.41,41.53,14.21,1.38,39.84,1.94,1.0,51.1,Rural,Fog,-37.6,Excellent
4986.25,214.93,31.88,9.27,1.9,22.24,1.34,3.0,70.0,Suburban,Clear,-83.16,Good
2417.89,49.25,46.31,9.96,0.02,29.23,1.21,5.0,59.4,Urban,Clear,-62.28,Excellent
5008.04,566.96,38.84,14.68,4.52,23.17,2.33,5.0,53.5,Indoor,Clear,-141.16,Poor
2097.88,2660.64,31.52,6.63,1.03,17.93,1.56,2.0,73.7,Rural,Clear,-77.36,Good
2589.9,12.7,29.53,7.76,4.28,22.2,2.07,4.0,48.5,Indoor,Clear,-74.24,Good
1824.04,102.92,22.55,16.46,0.28,27.51,2.21,8.0,57.9,Urban,Storm,-100.0,Poor
2616.35,3352.1,21.45,14.16,1.4,21.7,2.11,9.0,29.1,Dense Urban,Clear,-183.88,Poor
1813.09,108.01,47.14,17.09,2.72,48.63,1.33,7.0,30.5,Indoor,Clear,-92.46,Fair
2596.76,12.5,44.48,16.06,0.72,47.77,2.21,5.0,32.3,Urban,Rain,-34.75,Excellent
3528.87,18.78,42.98,14.2,4.94,14.36,2.36,2.0,28.9,Indoor,Clear,-60.07,Excellent
,731.71,46.21,6.18,2.81,19.46,2.23,1.0,81.0,Rural,Clear,-46.32,Excellent
2095.42,775.54,36.62,10.34,4.03,14.85,1.86,3.0,38.9,Indoor,Clear,-144.63,Poor
1827.63,20.44,45.92,8.67,1.39,33.72,1.46,6.0,49.9,Indoor,Clear,-69.56,Excellent
3523.74,39.05,44.97,8.24,0.95,31.8,2.01,4.0,71.3,Urban,Rain,-64.68,Excellent
2414.4,332.56,22.89,14.47,4.24,15.12,2.11,3.0,84.2,Urban,Clear,-102.92,Poor
2416.02,712.74,29.76,8.2,1.1,35.98,1.55,11.0,51.1,Dense Urban,Clear,-155.83,Poor
695.42,26.5,19.31,4.36,1.92,24.11,2.03,4.0,51.3,Indoor,Clear,-89.28,Fair
850.44,170.51,44.19,7.58,3.7,28.78,2.34,2.0,29.0,Suburban,Fog,-46.78,Excellent
681.49,328.79,17.88,14.92,1.17,39.02,1.7,3.0,18.1,Urban,Clear,-98.26,Fair
5005.72,13.62,43.51,10.12,3.27,11.11,1.89,4.0,74.8,Suburban,Fog,-39.65,Excellent
4992.19,40.17,41.62,2.2,4.78,45.46,2.13,1.0,53.0,Rural,Clear,-26.38,Excellent
690.85,3020.45,28.73,11.97,2.69,14.52,2.16,3.0,66.0,Suburban,Clear,-98.74,Fair
726.89,2371.61,35.86,4.8,1.35,31.66,2.04,4.0,62.5,Urban,Storm,-127.81,Poor
3479.89,74.19,46.71,3.72,4.7,47.72,1.89,1.0,35.5,Rural,Clear,-24.99,Excellent
2419.8,2201.12,39.61,6.87,4.58,48.14,2.11,13.0,37.1,Dense Urban,Clear,-168.37,Poor
1786.89,509.61,30.25,14.32,3.12,39.98,2.3,2.0,64.6,Indoor,Clear,-129.31,Poor
2571.72,4460.35,46.07,2.8,3.76,35.5,2.37,5.0,61.6,Suburban,Clear,-107.04,Poor
872.43,4053.18,18.54,5.32,3.76,30.25,1.76,3.0,75.6,Suburban,Storm,-118.96,Poor
845.75,462.48,23.27,5.24,2.23,16.36,2.13,4.0,39.1,Indoor,Clear,-147.65,Poor
1797.27,183.1,21.18,15.16,1.33,29.59,1.73,3.0,36.2,Indoor,Fog,-125.2,Poor
4989.22,24.21,29.93,6.0,0.33,23.36,2.32,9.0,57.6,Dense Urban,Clear,-96.98,Fair
3510.13,270.02,41.12,11.27,0.24,46.32,2.28,4.0,81.7,Suburban,Clear,-70.78,Good
849.12,118.85,46.08,4.02,0.27,10.55,2.18,5.0,84.2,Urban,Clear,-74.91,Good
2374.45,552.68,21.29,14.66,1.2,34.14,1.84,11.0,34.0,Dense Urban,Clear,-152.14,Poor
4990.88,17.44,23.37,6.17,0.56,43.52,1.9,3.0,55.8,Urban,Rain,-71.88,Good
5776.12,1792.33,41.57,9.38,0.24,11.82,2.24,4.0,80.6,Suburban,Clear,-104.57,Poor
3473.77,4075.8,36.59,7.31,2.92,33.07,1.26,0.0,68.6,Rural,Rain,-73.65,Good
832.5,36.73,22.65,12.52,1.7,31.69,1.94,1.0,24.0,Suburban,Clear,-44.71,Excellent
912.03,510.35,30.36,6.14,5.0,12.24,1.51,13.0,72.8,Dense Urban,Fog,-149.22,Poor
911.76,1460.18,37.6,2.01,3.34,38.18,1.98,2.0,39.5,Rural,Rain,-57.02,Excellent
871.68,313.57,37.34,10.41,4.69,26.63,1.82,3.0,,Suburban,Clear,-61.08,Excellent
865.39,3347.47,43.51,17.6,0.32,27.75,2.03,13.0,63.7,Dense Urban,Clear,-155.83,Poor
1802.13,240.72,45.75,15.29,1.31,12.13,1.32,12.0,70.1,Dense Urban,Clear,-115.92,Poor
2388.76,53.73,43.51,17.89,3.91,25.72,2.4,1.0,53.4,Rural,Clear,-10.88,Excellent
1770.35,187.43,19.04,9.12,3.09,14.05,1.96,3.0,61.3,Urban,Rain,-107.63,Poor
2108.83,207.37,28.4,11.08,1.81,38.72,1.58,0.0,54.8,Rural,Storm,-47.95,Excellent
887.38,48.39,32.77,14.76,4.2,41.26,2.24,11.0,57.8,Dense Urban,Clear,-82.23,Good
835.01,1330.34,37.62,7.4,2.5,16.56,2.09,2.0,82.6,Rural,Clear,-53.86,Excellent
5828.49,464.81,48.71,3.81,4.58,14.56,1.78,1.0,61.9,Rural,Clear,-48.35,Excellent
2380.45,99.91,29.59,4.7,2.74,48.78,1.56,3.0,36.5,Suburban,Fog,-66.98,Excellent
871.95,137.42,33.62,17.4,2.94,27.99,1.62,1.0,59.9,,Fog,-22.25,Excellent
5026.96,100.74,46.12,14.64,1.55,39.52,1.27,9.0,47.6,Dense Urban,Clear,-95.8,Fair
4988.36,161.76,44.72,6.62,0.4,19.13,1.7,12.0,72.4,Dense Urban,Clear,-126.94,Poor
5793.61,266.26,30.05,14.49,0.07,16.48,1.87,0.0,69.0,Rural,Clear,-52.53,Excellent
824.86,78.19,46.25,13.28,1.44,22.35,2.29,3.0,65.0,Urban,Rain,-49.43,Excellent
2594.24,1615.03,22.83,9.51,4.25,39.87,2.04,3.0,29.1,Suburban,Clear,-103.23,Poor
5828.33,3203.58,22.26,2.36,1.69,31.15,1.48,6.0,59.5,Urban,Fog,-173.57,Poor
5011.64,257.65,21.47,13.65,4.17,43.4,2.45,0.0,32.4,Rural,Clear,-53.45,Excellent
898.43,831.66,19.99,6.65,4.96,10.42,1.49,6.0,33.4,Indoor,Clear,-166.14,Poor
4988.45,3247.11,47.25,6.34,2.16,31.99,2.0,3.0,51.0,Urban,Storm,-139.43,Poor
2091.96,32.96,21.36,10.42,2.18,27.08,1.63,2.0,65.8,Indoor,,-93.75,Fair
2106.67,32.51,45.12,6.25,4.26,16.5,1.36,0.0,60.1,Rural,Clear,-13.47,Excellent
2385.27,15.7,20.63,13.46,2.8,24.3,2.27,1.0,44.5,Rural,Rain,-30.79,Excellent
3479.12,156.04,20.73,6.67,4.16,29.62,1.97,3.0,55.9,Suburban,Clear,-85.07,Fair
861.77,78.3,29.52,14.91,3.51,25.42,1.88,7.0,85.8,Indoor,Fog,-102.09,Poor
2422.17,325.74,22.96,9.0,1.87,46.34,1.59,8.0,42.0,Urban,Clear,-120.95,Poor
5024.09,164.98,20.02,10.26,3.23,24.81,2.21,0.0,17.6,Rural,Fog,-57.48,Excellent
2420.49,32.61,47.98,2.56,0.14,44.99,2.31,3.0,53.8,Indoor,Clear,-76.0,Good
901.84,113.71,31.7,2.33,2.51,33.36,2.29,3.0,34.3,Urban,Rain,-79.47,Good
717.33,11.97,29.78,5.39,0.45,42.69,1.29,0.0,60.3,Rural,Clear,-12.64,Excellent
2425.58,282.09,46.65,7.57,2.76,33.65,1.46,5.0,23.4,Suburban,Rain,-70.32,Good
3471.4,53.9,45.48,4.82,4.06,41.16,1.36,7.0,14.2,Dense Urban,Fog,-86.41,Fair
2394.73,20.1,22.6,10.04,0.8,18.67,1.6,4.0,40.3,Urban,Clear,-71.48,Good
5782.25,15.06,28.36,11.62,1.98,13.77,1.35,,75.6,Rural,Fog,-32.22,Excellent
2629.81,847.77,27.66,14.85,2.73,34.57,1.43,2.0,43.8,Rural,Storm,-64.59,Excellent
2425.77,46.51,21.23,10.22,1.01,20.34,2.12,5.0,70.5,Suburban,Clear,-69.47,Excellent
718.13,599.89,21.52,7.88,0.16,28.66,2.07,7.0,54.6,Urban,Fog,-123.59,Poor
2387.75,1588.67,47.11,16.78,0.01,19.65,1.57,1.0,20.4,Suburban,Clear,-74.96,Good
877.13,223.59,41.67,8.97,1.28,35.63,2.27,5.0,54.5,Suburban,Rain,-62.84,Excellent
3471.76,22.86,43.15,6.49,1.53,39.01,2.07,10.0,79.6,Dense Urban,Fog,-83.51,Good
831.28,455.67,24.21,3.22,2.32,30.16,1.76,5.0,60.9,Indoor,Rain,-152.11,Poor
5807.01,15.61,33.95,4.95,4.24,24.6,1.23,2.0,78.2,Rural,Clear,-32.14,Excellent
1817.58,1604.89,22.66,13.06,2.08,34.43,2.05,8.0,58.0,Dense Urban,Clear,-161.7,Poor
2123.02,1135.99,21.58,5.18,0.42,43.78,2.22,4.0,79.8,Urban,Clear,-134.86,Poor
838.03,121.68,47.22,7.84,1.63,22.03,1.49,4.0,60.6,Urban,Clear,-63.07,Excellent
893.45,53.25,24.8,2.44,1.53,15.35,1.35,3.0,22.6,Suburban,Rain,-66.22,Excellent
5797.29,822.37,39.94,8.05,2.85,32.95,1.61,6.0,35.8,Indoor,Fog,-157.52,Poor
871.62,339.53,22.67,12.37,3.24,27.51,2.11,5.0,76.9,Suburban,Clear,-80.37,Good
2421.84,24.64,38.89,5.51,0.0,31.72,2.45,5.0,40.8,Indoor,Storm,-89.13,Fair
5790.28,1119.5,36.99,2.06,2.7,28.25,1.71,10.0,55.2,Dense Urban,Clear,-166.75,Poor
2581.96,79.69,44.11,15.33,1.23,34.28,2.28,7.0,61.7,Dense Urban,Clear,-85.0,Fair
694.55,2585.04,48.17,13.54,3.81,48.1,2.19,4.0,51.8,Suburban,Clear,-69.72,Excellent
1812.63,1732.65,31.06,17.88,1.69,18.65,2.35,4.0,46.1,Urban,Fog,-123.14,Poor
1822.25,55.52,45.61,4.17,4.58,19.7,2.06,12.0,64.1,Dense Urban,Clear,-93.02,Fair
882.92,48.86,23.86,12.84,1.99,49.92,2.43,6.0,53.5,Indoor,Clear,-90.9,Fair
880.36,118.55,43.49,6.12,1.75,49.17,2.39,1.0,72.0,Suburban,Clear,-39.46,Excellent
2426.63,1483.46,30.74,10.04,0.67,28.46,1.24,5.0,33.0,Suburban,Clear,-105.41,Poor
1803.05,22.52,47.12,13.95,0.87,29.28,1.87,1.0,44.5,Rural,Clear,-3.08,Excellent
891.95,71.29,43.23,4.69,3.37,32.62,1.63,13.0,89.3,Dense Urban,Clear,-97.64,Fair
2081.96,601.05,38.74,9.45,2.86,32.26,2.3,11.0,88.2,Dense Urban,Clear,-138.59,Poor
1829.71,12.31,46.42,6.31,2.75,39.04,1.73,12.0,53.1,Dense Urban,Clear,-66.88,Excellent
913.15,14.15,43.22,4.48,0.67,31.01,2.39,2.0,33.2,Rural,Rain,-9.58,Excellent
2083.07,1140.45,39.75,13.57,0.53,39.4,2.38,0.0,76.9,Rural,Clear,-44.55,Excellent
5775.48,256.91,21.56,6.13,2.19,40.72,1.67,6.0,98.0,Dense Urban,Rain,-143.97,Poor
2381.96,319.85,32.09,10.47,4.77,23.76,1.95,2.0,26.4,Rural,Rain,-51.64,Excellent
2384.86,46.95,21.97,13.08,2.1,37.7,1.24,7.0,73.5,Urban,Storm,-90.4,Fair
5776.67,272.44,44.27,9.09,4.52,31.7,1.66,3.0,66.0,Suburban,Clear,-66.75,Excellent
2583.78,295.77,36.39,4.13,4.84,48.25,2.06,9.0,36.9,Urban,Clear,-111.55,Poor
877.01,130.84,43.51,2.2,0.56,31.67,1.47,6.0,74.6,Urban,Storm,-83.82,Good
1792.66,4008.2,35.79,8.11,4.62,41.23,1.41,4.0,34.6,Indoor,Clear,-177.97,Poor
2099.17,13.58,22.16,17.85,3.61,14.53,2.44,3.0,47.1,Urban,Rain,-54.47,Excellent
2097.32,131.79,46.2,17.56,0.48,35.77,1.96,11.0,50.3,Dense Urban,Fog,-100.66,Poor
869.75,2062.2,28.67,9.17,3.64,14.5,1.93,2.0,31.8,Indoor,Clear,-164.15,Poor
835.24,36.03,42.65,8.66,2.47,36.81,2.27,5.0,54.0,Suburban,Clear,-33.33,Excellent
1823.23,3338.34,18.35,12.34,0.7,23.06,1.92,4.0,31.3,Urban,Clear,-148.96,Poor
5824.49,140.73,37.98,15.32,1.19,35.39,2.04,8.0,45.6,Urban,Rain,-95.15,Fair
3527.59,26.46,32.45,11.25,3.54,27.37,1.6,0.0,81.7,Rural,Clear,-25.41,Excellent
4980.86,17.83,49.3,13.59,1.6,42.77,1.69,1.0,71.0,Rural,Clear,-7.31,Excellent
834.75,76.34,41.45,2.38,4.76,14.91,1.56,5.0,68.1,Urban,Clear,-71.06,Good
2107.43,3036.04,44.71,16.06,4.1,19.73,1.98,4.0,75.1,Suburban,Clear,-88.97,Fair
2378.45,3424.45,22.93,10.62,2.77,26.97,1.97,2.0,84.7,Rural,Clear,-79.34,Good
2075.14,331.31,38.23,9.88,3.13,24.01,1.42,13.0,21.3,Dense Urban,Clear,-137.07,Poor
2074.42,20.84,36.86,5.46,4.59,13.65,2.19,5.0,60.9,Suburban,Storm,-51.76,Excellent
1806.37,170.74,24.62,4.17,1.6,27.24,1.45,4.0,35.3,Suburban,Rain,-86.51,Fair
718.28,134.13,23.97,7.89,4.05,32.96,2.09,9.0,41.0,Urban,Clear,-97.27,Fair
4985.53,42.04,40.52,16.72,2.24,39.35,1.28,1.0,30.1,Rural,Clear,-17.99,Excellent
5826.01,16.04,20.25,10.95,4.36,17.94,2.39,1.0,97.7,Rural,Clear,-37.1,Excellent
717.52,107.12,28.31,8.59,0.33,21.33,1.28,9.0,17.3,Dense Urban,Clear,-109.25,Poor
2074.65,100.84,42.32,4.23,3.59,27.96,1.28,4.0,58.4,Suburban,Clear,-57.69,Excellent
2394.44,794.36,45.55,2.99,4.04,43.57,1.31,3.0,89.2,Urban,Clear,-103.03,Poor
3474.08,115.88,38.28,11.7,3.07,25.04,1.79,9.0,53.6,Urban,Fog,-90.11,Fair
5824.91,10.85,43.13,17.33,1.47,39.03,1.92,9.0,10.0,Urban,Clear,-46.1,Excellent
2114.57,11.32,42.47,9.17,0.74,45.35,1.4,10.0,98.0,Dense Urban,Fog,-65.38,Excellent
3511.19,717.11,26.31,5.79,3.7,17.37,2.18,1.0,94.9,Rural,Clear,-69.55,Excellent
5810.96,607.35,41.83,8.03,0.64,35.71,1.36,5.0,34.1,Dense Urban,Fog,-138.42,Poor
4987.11,27.09,43.6,10.16,4.22,17.05,2.42,4.0,76.9,Indoor,Clear,-77.59,Good
926.01,2177.29,44.17,14.06,2.51,41.98,1.76,10.0,61.8,Dense Urban,Clear,-137.56,Poor
5025.37,614.33,37.42,9.26,1.91,24.46,1.91,2.0,27.5,Suburban,Fog,-86.39,Fair
2114.37,26.05,,16.83,1.18,34.81,2.2,0.0,76.0,Rural,Clear,-26.58,Excellent
698.14,59.74,18.74,12.25,0.08,47.05,2.28,7.0,44.7,Indoor,Clear,-106.59,Poor
3472.83,4245.09,38.1,3.93,4.53,19.97,2.24,5.0,56.7,Suburban,Clear,-118.48,Poor
4971.7,126.04,24.73,3.83,3.02,35.42,1.64,3.0,69.3,Urban,Clear,-103.85,Poor
1778.29,43.56,30.09,10.82,3.5,31.75,2.17,6.0,65.6,Indoor,Clear,-95.14,Fair
2105.75,259.78,28.19,14.84,4.87,36.45,1.31,1.0,66.5,Rural,Clear,-43.18,Excellent
1817.89,35.87,43.18,10.53,1.09,14.07,2.02,1.0,31.8,Rural,Fog,-20.13,Excellent
876.91,1370.31,32.44,14.86,0.31,14.09,1.66,2.0,10.0,Rural,Fog,-56.64,Excellent
5780.52,1392.51,35.66,3.29,2.42,43.82,1.22,3.0,40.1,Indoor,Clear,-168.64,Poor
686.53,1450.28,29.69,7.26,2.11,21.47,2.23,7.0,72.7,Urban,Storm,-129.22,Poor
2373.25,463.44,20.25,2.77,0.32,37.23,2.34,4.0,30.6,Indoor,Clear,-158.35,Poor
729.34,746.8,44.8,7.7,2.36,37.73,1.37,5.0,52.7,Urban,Clear,-94.93,Fair
2616.85,73.7,36.37,11.1,2.71,17.47,1.41,12.0,60.6,Dense Urban,Rain,-111.59,Poor
5798.84,2355.55,23.89,16.81,0.58,26.1,1.37,12.0,53.0,Dense Urban,Clear,-183.69,Poor
2604.53,24.5,45.25,9.36,3.48,14.66,2.5,2.0,81.7,Rural,Clear,-16.1,Excellent
2603.73,48.62,17.94,8.01,1.73,14.34,1.27,0.0,44.0,Rural,Clear,-47.08,Excellent
4985.26,4777.85,21.2,12.87,2.82,45.43,2.1,0.0,52.3,Rural,Rain,-86.17,Fair
5781.12,3909.15,23.03,13.49,3.19,35.97,1.25,1.0,59.9,Rural,Clear,-86.92,Fair
4987.82,234.45,38.64,4.74,1.79,23.07,2.04,0.0,58.2,Rural,Fog,-51.5,Excellent
884.83,222.37,46.67,13.21,3.68,32.36,2.46,9.0,24.5,Dense Urban,Clear,-96.84,Fair
2403.45,20.67,47.77,10.63,3.28,34.77,1.42,8.0,84.2,Urban,Clear,-49.69,Excellent
4988.49,603.08,17.61,10.15,0.29,10.76,2.1,1.0,,Rural,Clear,-80.56,Good
913.74,12.13,20.68,17.7,0.67,23.76,2.11,5.0,37.3,Indoor,Clear,-70.07,Good
2604.08,70.54,38.9,14.34,0.22,32.89,1.63,4.0,66.0,Urban,Rain,-72.38,Good
701.94,134.66,39.16,15.04,4.35,24.12,2.35,3.0,47.4,Indoor,Clear,-91.32,Fair
5027.08,2587.26,31.95,15.14,1.75,21.71,2.11,2.0,72.4,Rural,Clear,-71.71,Good
2589.34,4109.84,45.67,12.36,2.65,28.7,1.48,2.0,85.0,Rural,Clear,-59.51,Excellent
3508.12,4253.94,19.7,2.41,2.64,39.3,1.38,3.0,22.5,Indoor,Clear,-205.97,Poor
4970.0,1432.31,19.85,7.9,2.37,39.55,2.3,3.0,91.0,Suburban,Rain,-118.95,Poor
914.22,60.63,31.84,14.27,2.0,33.72,1.25,4.0,88.1,Urban,Rain,-63.46,Excellent
2100.15,13.26,23.79,4.88,1.73,40.75,2.33,5.0,35.7,Suburban,Clear,-54.23,Excellent
4982.5,140.84,25.94,17.32,1.3,15.7,1.32,2.0,10.0,Indoor,Clear,-120.7,Poor
820.09,63.48,36.72,2.11,1.18,16.33,2.33,1.0,55.9,Rural,Rain,-31.35,Excellent
5012.42,586.59,26.21,10.93,3.23,40.42,1.53,3.0,61.8,Suburban,Rain,-99.51,Fair
909.76,100.34,34.13,3.35,3.51,20.93,2.25,9.0,34.9,Urban,Storm,-90.22,Fair
2409.92,2535.85,36.03,14.17,1.22,17.99,2.5,5.0,37.4,Indoor,Clear,-171.99,Poor
2396.25,102.21,41.22,11.87,0.68,14.6,1.57,2.0,68.2,Rural,Clear,-33.17,Excellent
2608.36,104.76,47.27,8.48,3.86,27.52,2.3,0.0,54.8,Rural,Rain,-22.24,Excellent
5004.28,1119.02,35.35,3.62,0.37,31.73,2.22,13.0,40.2,Dense Urban,Storm,-186.82,Poor
1784.33,391.26,24.67,9.23,2.76,21.32,2.22,5.0,70.0,Suburban,Fog,-93.87,Fair
851.13,48.87,38.19,7.59,2.43,24.3,1.63,4.0,56.4,Suburban,Rain,-43.46,Excellent
2100.88,670.45,30.43,5.01,3.48,48.66,2.28,7.0,94.9,Dense Urban,Fog,-143.6,Poor
2619.42,330.75,29.99,4.94,3.98,20.31,2.43,5.0,98.0,Suburban,Clear,-90.02,Fair
3496.01,19.09,28.58,15.56,4.61,26.46,1.22,8.0,60.2,Urban,Clear,-66.27,Excellent
3496.17,182.44,21.06,7.26,1.37,24.63,2.25,5.0,52.5,Suburban,Clear,-91.94,Fair
1829.06,3016.86,22.4,3.59,0.19,32.77,1.31,12.0,56.3,Dense Urban,Clear,-196.57,Poor
5823.67,37.29,38.31,,2.85,43.01,1.47,3.0,41.3,Urban,Clear,-67.5,Excellent
684.54,131.53,22.4,12.58,1.91,46.48,1.7,4.0,63.8,Urban,Rain,-80.25,Good
874.62,55.56,19.69,7.91,2.22,26.22,2.48,13.0,37.2,Dense Urban,Rain,-118.61,Poor
678.28,281.28,39.13,2.9,4.2,26.71,2.14,3.0,59.8,Urban,Clear,-84.58,Good
5821.2,4283.52,46.44,2.88,1.81,32.96,2.49,2.0,40.9,Suburban,Rain,-112.25,Poor
831.0,68.59,24.05,2.95,2.7,45.42,1.71,5.0,39.1,Urban,Fog,-81.12,Good
2595.54,1769.28,18.17,13.8,0.68,13.2,2.14,1.0,45.3,Rural,Clear,-79.81,Good
5029.04,1830.36,29.12,15.6,3.96,48.9,2.07,8.0,45.7,Dense Urban,Clear,-160.64,Poor
3475.82,50.14,19.11,15.52,2.45,40.72,1.21,5.0,62.1,Indoor,Fog,-114.94,Poor
5820.39,1216.86,48.17,10.73,1.63,28.31,1.32,1.0,63.1,Rural,Clear,-54.17,Excellent
699.68,4644.21,42.63,8.28,2.19,34.48,1.22,6.0,55.7,Urban,Rain,-130.62,Poor
2076.66,3757.29,21.1,7.08,1.2,48.52,1.81,1.0,59.8,Suburban,Fog,-116.48,Poor
2427.15,431.4,20.04,13.93,2.81,18.02,1.95,2.0,65.0,,Clear,-87.12,Fair
2602.95,25.68,36.62,14.93,1.13,47.67,1.25,2.0,38.1,Suburban,Rain,-35.79,Excellent
2622.84,20.99,27.94,17.02,1.79,17.47,1.52,2.0,57.1,Suburban,Clear,-42.39,Excellent
2422.15,52.5,40.29,17.76,0.43,48.5,2.22,4.0,50.0,Indoor,Rain,-82.33,Good
1770.88,419.69,45.64,13.28,1.5,10.57,1.36,5.0,40.5,Urban,Clear,-94.6,Fair
835.89,110.26,29.73,5.08,1.91,38.35,2.09,5.0,73.4,,Clear,-114.19,Poor
2090.22,770.26,41.83,17.39,3.89,11.22,1.79,4.0,92.9,Suburban,Clear,-76.63,Good
902.09,1337.18,23.37,3.96,3.24,28.48,1.3,5.0,78.5,Dense Urban,Rain,-153.18,Poor
2374.31,30.69,26.1,6.47,0.59,10.27,2.16,2.0,72.1,Rural,Storm,-49.42,Excellent
3493.34,2775.63,48.39,15.32,3.01,11.71,2.3,3.0,61.8,Suburban,Clear,-88.56,Fair
2418.88,14.57,23.13,10.24,2.21,41.64,1.89,6.0,59.8,Urban,Rain,-65.09,Excellent
2380.39,51.88,20.18,5.91,2.08,46.8,1.91,5.0,62.2,Urban,Rain,-94.47,Fair
712.08,1581.69,38.05,10.38,0.52,38.5,1.27,8.0,64.3,Urban,Clear,-120.75,Poor
2597.62,31.32,37.46,14.33,2.92,43.63,2.44,5.0,78.1,Indoor,Rain,-80.31,Good
2074.24,39.28,31.06,6.38,0.87,16.22,2.34,3.0,49.8,Urban,Fog,-70.24,Good
830.64,4298.01,20.5,10.02,1.4,33.94,2.49,3.0,57.7,Indoor,Clear,-183.35,Poor
878.46,2900.31,20.23,6.59,4.1,29.91,2.16,2.0,77.4,Rural,Storm,-81.43,Good
3507.18,1561.76,42.11,8.37,0.29,44.26,2.01,2.0,42.7,Indoor,Clear,-156.94,Poor
5775.24,29.45,20.61,5.39,3.9,32.23,2.34,0.0,45.1,Rural,Rain,-50.25,Excellent
2419.38,48.82,19.68,13.32,1.95,46.64,2.42,3.0,44.2,Urban,Fog,-79.85,Good
5818.4,43.12,43.47,7.03,1.42,46.37,2.4,8.0,47.8,Urban,Clear,-79.12,Good
824.8,32.39,26.97,10.11,2.52,23.74,1.25,6.0,74.8,Indoor,Storm,-96.5,Fair
923.29,4161.08,30.47,14.87,1.33,,2.2,3.0,93.6,Suburban,Fog,-98.04,Fair
5827.55,28.06,44.6,4.27,4.22,45.39,1.68,2.0,40.3,Suburban,Clear,-39.58,Excellent
822.61,1035.99,44.99,12.59,0.22,24.62,2.26,2.0,26.2,Indoor,Clear,-126.97,Poor
2627.02,13.73,43.2,7.29,3.35,40.98,1.28,1.0,44.1,Suburban,Clear,-21.9,Excellent
886.77,293.57,23.07,9.81,4.03,10.02,1.88,11.0,56.9,Dense Urban,Fog,-139.63,Poor
1809.89,15.53,23.68,13.46,1.07,27.08,2.47,1.0,47.2,Rural,Rain,-25.98,Excellent
2080.49,14.68,35.77,16.78,3.86,35.48,1.98,2.0,63.2,Rural,Clear,-7.61,Excellent
1819.05,41.82,47.75,15.77,2.26,24.58,1.27,11.0,52.8,Dense Urban,Storm,-81.22,Good
5020.51,3149.02,38.11,16.4,4.95,45.34,2.45,2.0,74.3,Rural,Rain,-66.42,Excellent
5828.7,529.89,42.24,2.79,1.88,36.09,1.57,5.0,63.1,Suburban,Clear,-92.87,Fair
2429.55,572.95,21.48,8.74,1.61,31.45,2.41,0.0,10.0,Rural,Rain,-66.33,Excellent
2374.55,63.59,29.44,14.82,4.46,44.62,1.5,4.0,32.8,Urban,Storm,-74.99,Good
709.48,897.47,36.84,14.98,3.3,39.99,1.84,5.0,49.2,Suburban,Clear,-72.59,Good
886.38,691.02,35.37,8.72,3.86,19.74,1.37,1.0,24.6,Suburban,Fog,-71.63,Good
677.53,176.23,19.31,6.57,2.08,42.08,2.34,7.0,64.1,Indoor,Clear,-131.53,Poor
4978.93,,29.11,10.78,2.46,30.54,2.06,0.0,72.7,Rural,Clear,-60.27,Excellent
926.19,2189.64,45.7,13.95,4.91,18.21,1.34,3.0,60.1,Suburban,Rain,-75.52,Good
1811.02,3908.76,36.71,13.07,2.7,49.06,2.3,8.0,50.1,Urban,Rain,-139.79,Poor
4973.03,4895.27,43.73,6.01,3.73,26.0,2.49,2.0,51.3,Rural,Fog,-75.12,Good
3529.05,207.94,43.05,2.0,4.9,11.43,2.44,5.0,40.2,Dense Urban,Clear,-114.73,Poor
2618.47,12.26,23.6,16.18,3.63,46.85,1.26,11.0,53.1,Dense Urban,Rain,-79.48,Good
688.55,41.55,23.37,9.13,3.57,15.08,2.23,5.0,33.0,Indoor,Rain,-94.24,Fair
2398.25,33.99,36.71,15.32,0.58,,2.4,5.0,45.7,Dense Urban,Clear,-72.76,Good
2413.59,64.74,31.03,15.94,1.06,30.72,2.49,6.0,40.2,Dense Urban,Rain,-94.77,Fair
1810.56,93.97,41.88,17.02,3.91,40.42,2.43,0.0,40.5,Rural,Rain,-15.12,Excellent
3497.78,637.88,22.46,7.64,4.91,13.13,2.34,2.0,98.0,Rural,Clear,-72.5,Good
5800.74,262.31,29.14,12.56,2.17,39.95,2.38,6.0,49.3,Urban,Clear,-108.72,Poor
872.59,567.08,20.18,11.54,3.81,38.06,1.48,13.0,63.1,Dense Urban,Clear,-149.9,Poor
1800.04,4197.26,29.05,4.63,0.06,22.21,2.44,0.0,52.9,Rural,Rain,-79.67,Good
1790.41,13.57,37.82,8.99,0.62,41.73,2.2,5.0,33.1,Indoor,Fog,-67.83,Excellent
4987.1,10.94,44.09,8.89,0.39,17.27,1.6,9.0,60.1,Urban,Clear,-58.81,Excellent
686.18,625.43,43.92,5.05,0.53,48.66,1.79,2.0,27.5,Suburban,Fog,-66.17,Excellent
5008.94,298.07,20.34,8.0,0.29,47.34,1.61,5.0,59.4,Dense Urban,Rain,-142.45,Poor
3495.76,200.87,44.08,8.98,0.12,36.43,2.1,1.0,60.5,Rural,Rain,-40.62,Excellent
2095.55,2009.58,43.72,14.8,3.35,23.68,1.36,2.0,51.0,Rural,Fog,-52.5,Excellent
2379.55,26.84,22.3,15.73,2.2,26.92,1.6,4.0,33.3,Suburban,Rain,-52.51,Excellent
5027.71,353.33,21.79,13.47,2.71,40.51,2.14,7.0,68.1,Urban,Clear,-120.24,Poor
3483.44,3275.24,40.43,14.88,1.7,18.31,2.23,11.0,,Dense Urban,Clear,-169.34,Poor
894.37,159.71,42.86,3.58,2.01,22.47,1.85,5.0,12.0,Suburban,Clear,-62.19,Excellent
681.41,367.43,21.26,10.91,0.8,27.67,2.0,0.0,39.2,Rural,Clear,-48.53,Excellent
2612.19,15.45,27.77,6.14,3.21,41.31,2.17,3.0,33.8,Urban,Clear,-54.39,Excellent
846.17,87.59,46.28,8.7,0.67,15.78,1.82,8.0,41.7,Urban,Clear,-69.6,Excellent
694.82,12.93,21.45,13.25,4.41,14.63,2.01,5.0,46.9,Urban,Clear,-50.47,Excellent
5822.51,350.61,37.59,17.15,1.41,46.14,1.37,5.0,50.8,Urban,Clear,-97.3,Fair
2115.57,392.35,43.85,7.71,1.31,48.65,2.44,2.0,91.4,Suburban,Rain,-68.19,Excellent
2601.19,3683.74,19.79,11.24,0.98,31.43,1.48,7.0,47.8,Indoor,Storm,-208.21,Poor
898.12,528.49,38.02,3.71,0.54,38.45,1.79,7.0,64.6,Indoor,Clear,-143.86,Poor
877.59,10.19,36.8,12.92,1.25,17.74,2.38,9.0,59.8,Urban,Clear,-45.72,Excellent
727.39,1773.68,23.49,5.81,4.99,44.65,1.7,5.0,55.7,Suburban,Clear,-100.86,Poor
1812.29,77.58,36.34,9.5,0.12,44.69,1.48,1.0,72.3,Suburban,Clear,-46.87,Excellent
715.61,846.83,42.42,7.21,2.47,16.14,2.3,8.0,49.2,Urban,Rain,-112.17,Poor
2123.95,51.59,22.01,2.81,1.77,39.64,1.35,13.0,72.8,Dense Urban,Clear,-122.34,Poor
1827.86,1126.74,30.92,13.85,3.89,18.33,2.26,6.0,89.6,Urban,Clear,-118.36,Poor
2374.94,3186.17,38.01,11.91,3.08,28.01,1.38,7.0,36.2,Indoor,Storm,-183.58,Poor
2429.84,16.37,19.17,15.08,0.15,23.23,1.24,1.0,73.9,Suburban,Storm,-51.21,Excellent
1812.18,294.59,24.13,17.14,0.4,44.83,1.47,2.0,60.8,Rural,Clear,-48.02,Excellent
2105.56,287.43,34.86,8.57,3.29,28.6,1.62,7.0,61.5,Urban,Clear,-103.92,Poor
694.79,59.3,29.74,14.1,3.45,42.87,1.73,2.0,51.0,Suburban,Rain,-36.98,Excellent
1790.18,83.59,43.97,6.96,3.19,34.3,2.24,4.0,72.4,Suburban,Clear,-46.76,Excellent
5818.25,668.25,44.3,8.93,3.28,29.47,2.33,6.0,24.5,Dense Urban,Rain,-134.68,Poor
5809.27,61.62,20.95,15.37,4.18,36.87,1.66,5.0,52.0,Suburban,Clear,-71.83,Good
2082.04,12.1,45.02,16.38,1.91,10.13,1.42,4.0,30.1,Urban,Rain,-33.42,Excellent
5806.59,1191.27,46.93,8.02,1.59,31.66,1.71,3.0,17.1,Indoor,Clear,-155.17,Poor
2378.47,486.83,29.88,14.84,4.1,17.62,2.21,1.0,76.1,Suburban,Clear,-75.28,Good
849.81,47.42,36.12,14.25,1.67,41.35,2.45,11.0,26.8,Dense Urban,Storm,-81.97,Good
5005.01,3937.04,22.74,4.98,4.79,44.65,1.59,4.0,86.0,Urban,Fog,-158.99,Poor
2108.14,2659.69,16.92,12.01,3.6,39.89,1.24,2.0,64.3,Suburban,Rain,-114.82,Poor
2578.72,4007.02,23.86,9.94,3.51,47.56,2.34,5.0,57.7,Suburban,Clear,-121.23,Poor
2575.74,241.27,39.63,3.01,4.54,15.75,1.63,5.0,39.1,Suburban,Fog,-79.78,Good
1785.52,43.12,35.94,10.75,3.83,18.72,2.04,8.0,72.5,Dense Urban,Clear,-87.26,Fair
3506.42,29.46,29.88,17.67,0.21,38.5,1.38,9.0,76.4,Urban,Clear,-74.79,Good
2425.9,3631.09,30.67,14.48,2.29,15.48,1.79,1.0,56.1,Rural,Storm,-76.99,Good
1816.75,2537.0,43.36,5.21,1.89,30.41,1.76,5.0,86.4,Urban,Clear,-125.48,Poor
914.74,999.47,42.93,5.54,2.13,37.35,1.99,4.0,53.1,Urban,Clear,-102.16,Poor
3489.81,238.71,39.19,7.1,1.41,18.39,2.0,5.0,48.1,Urban,Rain,-104.54,Poor
876.7,109.02,40.02,2.29,1.11,26.06,1.79,7.0,59.1,Urban,Rain,-86.38,Fair
873.52,791.73,20.01,3.18,2.71,42.43,2.47,1.0,88.4,Rural,Clear,-66.26,Excellent
5000.05,10.61,29.85,13.51,3.71,24.51,2.46,7.0,38.8,Urban,Rain,-58.63,Excellent
1776.03,260.02,19.76,10.75,0.92,37.63,1.47,1.0,76.5,Suburban,Rain,-82.77,Good
2602.1,678.71,42.08,13.14,1.38,48.11,1.78,2.0,66.0,Suburban,Clear,-72.02,Good
3510.52,1082.37,30.56,13.45,3.32,40.54,1.79,5.0,67.5,Urban,Clear,-121.91,Poor
4989.19,164.99,24.91,3.18,3.34,41.77,1.74,2.0,50.5,Rural,Clear,-62.54,Excellent
2570.55,1025.91,26.26,17.13,0.43,22.58,1.24,4.0,43.0,Suburban,Clear,-97.42,Fair
3507.3,18.14,29.75,17.51,0.39,16.72,1.98,6.0,61.9,Dense Urban,,-73.08,Good
4972.41,42.62,48.23,2.55,2.49,39.67,1.56,8.0,42.3,Dense Urban,Storm,-94.47,Fair
5795.97,24.56,23.59,3.08,4.18,27.82,1.21,2.0,58.6,Indoor,Clear,-100.81,Poor
719.49,82.64,43.62,15.12,1.11,37.74,2.08,10.0,50.7,Dense Urban,Clear,-80.93,Good
3529.93,84.91,20.6,11.73,4.99,22.23,2.32,0.0,66.6,Rural,Clear,-44.56,Excellent
842.22,102.15,44.05,17.87,5.0,18.34,1.24,4.0,69.4,Suburban,Clear,-36.95,Excellent
4971.21,180.82,38.51,5.95,3.01,30.08,2.28,3.0,73.4,Suburban,Storm,-79.35,Good
699.57,150.54,37.3,14.73,4.8,14.62,2.0,7.0,52.6,Dense Urban,Rain,-93.16,Fair
886.58,210.75,42.02,10.39,1.96,32.6,1.63,2.0,73.2,Rural,Clear,-27.73,Excellent
873.57,1074.57,20.66,10.88,2.51,19.78,1.97,11.0,79.5,Dense Urban,Clear,-159.22,Poor
2612.69,24.17,41.44,5.34,3.52,15.98,1.86,13.0,29.7,Dense Urban,Clear,-92.05,Fair
694.26,88.42,41.24,11.71,0.35,29.2,2.04,8.0,61.9,Urban,Clear,-69.59,Excellent
715.72,10.01,24.2,8.57,3.84,33.59,1.87,2.0,24.5,Rural,Storm,-17.88,Excellent
2390.47,11.92,21.64,5.53,4.68,41.77,1.76,4.0,77.5,Urban,Clear,-58.22,Excellent
5801.31,433.22,41.89,15.39,2.85,21.39,1.23,2.0,98.0,Suburban,Clear,-71.55,Good
2425.37,2313.67,18.25,5.43,1.1,32.99,1.66,1.0,59.8,Suburban,Clear,-116.79,Poor
2082.01,66.93,35.68,6.81,0.65,33.25,1.62,2.0,47.8,Suburban,Storm,-60.37,Excellent
2588.78,121.54,23.3,3.39,1.09,16.66,1.46,2.0,56.2,Rural,Storm,-68.6,Excellent
2423.14,36.85,41.25,12.82,1.01,10.8,1.57,2.0,44.9,Suburban,Clear,-39.59,Excellent
1797.71,24.29,47.93,6.54,4.3,34.26,2.46,8.0,30.9,Urban,Clear,-49.19,Excellent
2389.07,2433.07,45.3,17.33,0.68,31.53,1.49,4.0,10.7,Suburban,Rain,-91.77,Fair
672.24,350.05,43.55,13.86,4.85,47.88,1.33,5.0,38.3,Dense Urban,Rain,-93.76,Fair
895.14,798.8,35.89,16.42,3.89,33.93,2.33,7.0,47.9,Indoor,Clear,-138.32,Poor
2600.04,2399.93,20.88,5.14,3.66,18.01,1.87,0.0,43.7,Rural,Fog,-85.3,Fair
1794.38,387.31,47.0,12.24,3.09,39.75,2.4,8.0,54.2,Dense Urban,Storm,-114.86,Poor
686.65,30.66,43.48,16.08,0.22,10.87,1.25,4.0,55.7,Indoor,Clear,-67.54,Excellent
842.15,841.82,18.98,17.38,3.59,38.17,1.91,4.0,38.7,Suburban,Clear,-86.44,Fair
5008.55,1043.05,42.77,12.4,1.91,42.5,1.6,5.0,53.6,Suburban,Fog,-91.4,Fair
1823.48,130.99,19.21,17.16,0.62,16.81,1.67,3.0,,Urban,Clear,-92.78,Fair
708.98,462.13,38.31,4.36,4.16,20.99,2.16,1.0,49.0,Suburban,Clear,-66.91,Excellent
3508.77,203.14,22.1,2.65,1.67,13.85,2.17,4.0,68.8,Indoor,Clear,-148.5,Poor
2419.01,79.21,21.07,9.44,3.01,17.88,1.82,13.0,98.0,Dense Urban,Clear,-129.14,Poor
2079.91,652.88,23.73,7.08,0.78,20.09,1.25,0.0,71.3,Rural,Clear,-65.2,Excellent
4988.07,46.54,22.84,16.82,0.64,21.19,2.41,4.0,50.9,Urban,Clear,-82.69,Good
1773.04,76.53,31.13,2.26,2.23,28.28,1.21,1.0,36.3,Rural,Storm,-47.11,Excellent
2390.98,124.43,20.69,7.07,0.21,47.8,1.89,6.0,98.0,Urban,Clear,-105.13,Poor
3529.93,455.87,29.91,7.6,3.07,12.93,1.46,5.0,67.4,Dense Urban,Rain,-143.07,Poor
2589.76,1995.6,35.84,13.41,0.39,23.64,1.84,1.0,54.1,Suburban,Storm,-102.34,Poor
921.59,456.71,29.84,2.03,2.61,18.75,1.3,2.0,70.4,Rural,Clear,-58.19,Excellent
2575.15,911.32,36.3,15.6,1.8,40.15,1.23,1.0,60.8,Suburban,Fog,-76.25,Good
3497.58,61.64,30.09,16.95,1.62,47.39,2.3,4.0,70.5,Suburban,Fog,-55.22,Excellent
841.09,384.96,23.01,9.75,3.85,27.34,1.48,2.0,57.9,Suburban,Clear,-75.61,Good
832.09,19.07,20.21,3.73,2.37,46.03,1.53,5.0,36.6,Suburban,Clear,-51.33,Excellent
2592.35,177.97,23.27,2.81,0.97,44.29,1.22,2.0,50.3,Rural,Clear,-61.78,Excellent
859.08,727.72,23.86,6.13,1.94,24.3,2.25,5.0,28.7,Indoor,Clear,-157.36,Poor
4999.42,30.55,35.11,4.15,1.93,14.09,1.93,9.0,67.1,Urban,Storm,-96.79,Fair
870.66,2721.03,37.76,10.05,2.65,48.78,2.25,2.0,66.1,Rural,Clear,-55.33,Excellent
5824.3,133.66,43.73,8.56,3.23,42.39,1.78,7.0,71.1,Dense Urban,Rain,-107.93,Poor
2598.91,647.73,18.81,5.07,1.53,38.75,2.03,3.0,75.6,Suburban,Clear,-105.9,Poor
2128.9,185.45,22.96,15.33,1.57,27.68,1.89,9.0,10.0,Urban,Rain,-109.44,Poor
874.32,946.98,41.59,11.6,3.97,18.43,2.21,11.0,49.2,Dense Urban,Fog,-134.59,Poor
1786.58,377.59,42.33,12.02,0.9,23.45,1.64,3.0,49.9,Urban,Clear,-90.44,Fair
3495.0,21.42,20.2,12.93,3.27,28.38,1.35,2.0,44.4,Rural,Clear,-35.72,Excellent
3504.96,3131.67,45.32,15.84,4.94,35.12,1.5,4.0,55.3,Indoor,Clear,-159.47,Poor
902.76,604.62,37.31,12.8,3.91,14.52,1.92,7.0,32.6,Urban,Clear,-103.01,Poor
2404.08,187.98,43.36,4.13,1.33,38.62,1.56,5.0,79.0,Indoor,Clear,-116.71,Poor
5823.78,670.09,28.19,8.13,0.17,39.1,1.42,5.0,18.3,Suburban,Clear,-107.98,Poor
886.65,50.6,29.33,10.35,1.44,49.57,2.35,1.0,26.5,Suburban,Clear,-39.76,Excellent
2619.01,1189.6,30.55,4.96,0.02,41.15,1.62,5.0,31.6,Urban,Storm,-139.14,Poor
853.48,128.79,43.36,17.04,2.93,49.59,1.25,1.0,66.2,Rural,Clear,-7.69,Excellent
4999.43,1488.55,43.19,6.04,2.29,12.55,1.95,5.0,39.9,Urban,Clear,-128.91,Poor
837.96,54.91,47.14,14.35,3.01,47.15,2.17,6.0,76.5,Urban,Clear,-43.92,Excellent
888.24,1358.13,22.84,17.23,3.96,41.91,1.42,5.0,30.1,Suburban,Storm,-94.01,Fair
2093.31,2799.84,45.09,6.4,1.16,32.66,1.85,9.0,52.8,Urban,Rain,-140.3,Poor
1815.81,4438.19,42.56,9.29,1.86,24.13,1.34,12.0,60.7,Dense Urban,Clear,-175.86,Poor
848.6,1248.29,21.04,5.98,2.31,15.78,1.45,3.0,62.3,Indoor,Clear,-163.57,Poor
2579.23,794.53,44.1,15.16,3.85,12.75,1.54,2.0,32.5,Rural,Clear,-44.78,Excellent
715.59,253.11,17.54,14.72,2.28,24.4,2.23,7.0,56.0,Indoor,Rain,-135.7,Poor
5809.8,19.29,20.66,16.29,1.06,26.4,1.44,4.0,12.4,Suburban,,-60.17,Excellent
726.95,324.36,19.04,3.0,4.48,40.3,1.32,2.0,98.0,Suburban,Clear,-79.52,Good
1801.76,331.29,35.49,13.84,0.31,20.22,1.68,5.0,75.6,Urban,Rain,-100.35,Poor
5809.27,14.95,19.36,11.27,3.2,21.17,2.48,5.0,73.3,Suburban,Clear,-60.44,Excellent
848.76,731.1,37.24,8.78,1.53,17.38,1.9,4.0,49.1,Indoor,Fog,-140.87,Poor
710.85,25.23,40.65,16.23,2.44,48.05,1.89,9.0,52.1,Dense Urban,Fog,-58.65,Excellent
3496.17,407.6,37.04,15.88,4.83,15.98,2.23,7.0,67.5,Indoor,Clear,-139.92,Poor
678.27,188.64,22.67,13.2,2.97,31.0,1.81,3.0,49.7,Suburban,Fog,-65.68,Excellent
5029.2,2300.09,31.56,4.75,3.36,24.36,2.14,1.0,66.0,Rural,Clear,-77.93,Good
2113.22,42.35,42.05,6.15,3.26,32.72,1.29,5.0,84.0,Dense Urban,Clear,-80.12,Good
5006.52,28.98,31.78,4.5,3.59,10.37,1.56,3.0,33.4,Indoor,Clear,-99.74,Fair
898.89,307.32,37.58,6.1,2.22,44.43,1.75,11.0,74.5,Dense Urban,Clear,-125.09,Poor
862.69,174.66,42.95,14.37,0.09,26.13,1.63,2.0,36.5,Rural,Clear,-22.52,Excellent
5777.61,27.25,38.91,7.34,4.45,20.44,1.24,1.0,36.0,Suburban,Rain,-45.62,Excellent
3489.57,453.31,32.88,6.52,2.81,22.51,1.84,2.0,54.1,Rural,Clear,-58.1,Excellent
5777.48,2784.67,19.68,5.98,4.57,48.71,1.54,4.0,63.9,Suburban,Clear,-126.91,Poor
1777.56,995.23,41.89,2.81,3.68,24.75,1.78,1.0,21.3,Rural,,-51.97,Excellent
2071.28,36.78,23.64,7.44,3.77,28.81,2.32,5.0,79.5,Indoor,Rain,-104.44,Poor
2415.35,44.0,27.87,3.51,3.26,44.56,1.35,5.0,33.3,Suburban,Clear,-64.44,Excellent
2083.64,319.77,18.05,10.99,4.81,49.82,1.85,5.0,10.0,Suburban,Fog,-88.88,Fair
919.92,673.9,44.96,4.96,3.97,48.92,1.68,9.0,43.3,Urban,Clear,-106.97,Poor
1824.27,4388.13,46.86,6.35,2.18,15.38,1.6,4.0,31.3,Indoor,Clear,-174.54,Poor
2580.11,19.18,44.71,9.65,1.37,32.32,1.71,0.0,55.1,Rural,Clear,-7.22,Excellent
712.53,298.24,27.7,8.1,1.98,33.95,1.36,7.0,58.9,Urban,Storm,-103.72,Poor
1797.62,4622.68,17.93,7.14,0.91,41.32,1.94,4.0,27.6,Suburban,Rain,-130.8,Poor
925.14,19.92,20.93,17.31,1.19,29.39,1.78,1.0,50.3,Rural,Storm,-19.2,Excellent
699.07,4216.32,28.81,2.93,0.81,28.85,2.36,1.0,75.4,Rural,Storm,-78.76,Good
842.73,176.77,22.67,16.09,0.29,24.38,1.27,9.0,96.8,Dense Urban,Clear,-114.77,Poor
2087.67,863.4,22.2,16.86,1.97,39.23,2.11,6.0,48.8,Indoor,Clear,-155.17,Poor
874.22,140.54,36.57,17.49,3.8,36.16,1.25,5.0,60.6,Urban,Rain,-70.02,Good
1783.57,1861.88,17.29,15.79,0.35,49.37,1.81,13.0,37.1,Dense Urban,Clear,-177.38,Poor
2419.66,2831.8,40.12,14.96,3.21,33.47,1.66,4.0,50.1,Suburban,Clear,-93.53,Fair
4981.65,28.17,45.07,5.79,4.9,46.76,1.48,2.0,78.0,Rural,Clear,-20.79,Excellent
708.6,1039.4,46.72,4.88,2.27,48.69,2.48,5.0,46.1,Indoor,Clear,-137.35,Poor
2097.06,11.38,46.01,11.64,1.38,11.49,1.88,6.0,38.8,Indoor,Clear,-57.4,Excellent
826.28,55.88,22.17,10.57,3.11,11.51,2.39,2.0,51.9,Suburban,Clear,-53.88,Excellent
2077.56,309.57,33.66,13.53,3.42,49.27,1.92,1.0,38.4,Suburban,Clear,-61.4,Excellent
2086.89,424.65,19.66,3.88,1.47,33.98,2.45,5.0,40.1,Suburban,Rain,-104.71,Poor
3516.0,96.79,22.59,6.58,2.0,21.33,2.44,4.0,58.7,Suburban,Clear,-79.77,Good
2113.74,53.69,43.48,12.76,4.7,27.66,1.29,4.0,36.8,Indoor,Fog,-80.44,Good
5782.31,29.06,26.22,11.79,2.63,27.74,1.56,2.0,10.0,Rural,Storm,-45.02,Excellent
848.57,44.36,23.97,7.58,4.93,14.16,2.38,5.0,42.9,Indoor,Clear,-100.36,Poor
675.82,22.46,31.29,4.37,2.54,46.43,1.62,3.0,41.8,Indoor,Storm,-72.97,Good
712.96,50.68,22.54,15.73,0.82,22.85,1.83,8.0,55.2,Dense Urban,Clear,-88.93,Fair
1817.6,1646.68,41.03,15.3,3.99,31.96,1.49,6.0,64.9,Indoor,Clear,-151.19,Poor
873.61,59.71,45.58,4.34,4.29,44.78,2.29,9.0,55.7,Urban,Clear,-64.83,Excellent
723.14,2817.25,35.9,13.99,0.15,45.58,1.64,9.0,39.6,Urban,Clear,-129.59,Poor
890.27,45.91,36.92,4.27,1.17,17.48,1.96,1.0,59.2,Rural,Clear,-23.57,Excellent
5785.27,212.71,42.26,9.22,2.25,16.78,1.84,4.0,68.2,Suburban,Clear,-71.97,Good
5023.8,28.33,27.48,9.46,4.6,15.52,2.04,5.0,40.5,Urban,Rain,-79.33,Good
678.76,11.12,31.9,8.43,4.42,19.36,2.05,4.0,49.6,Suburban,Storm,-29.27,Excellent
5773.56,487.88,45.79,7.47,3.27,22.79,1.45,5.0,91.2,Indoor,Fog,-143.71,Poor
888.85,81.59,29.5,9.48,3.82,39.11,1.51,4.0,68.1,Suburban,Rain,-54.25,Excellent
2115.62,85.38,21.34,13.39,0.72,16.08,,2.0,82.2,Rural,Rain,-51.8,Excellent
1811.65,126.04,19.29,7.3,2.84,18.68,2.23,13.0,59.0,Dense Urban,Fog,-140.5,Poor
2129.22,1256.46,18.71,11.28,3.91,25.11,1.74,2.0,41.9,Rural,Clear,-76.27,Good
3491.57,119.92,41.21,7.74,1.18,10.93,2.01,4.0,68.9,Suburban,Rain,-71.08,Good
3486.55,17.11,23.24,17.54,0.63,20.08,1.68,8.0,46.4,Dense Urban,Clear,-82.83,Good
2392.69,56.54,42.3,,3.0,28.58,1.2,1.0,28.8,Suburban,Rain,-42.0,Excellent
2616.94,358.89,21.12,15.64,4.6,32.27,1.9,5.0,37.8,Urban,Fog,-109.25,Poor
3482.86,4801.66,42.46,8.91,4.87,35.37,1.67,3.0,62.4,Suburban,Clear,-106.1,Poor
876.86,24.34,30.17,6.1,2.13,25.7,2.29,4.0,52.9,Urban,Clear,-58.55,Excellent
1800.75,74.64,,3.26,2.34,32.5,2.28,3.0,47.9,Indoor,Fog,-94.63,Fair
866.99,204.46,43.58,15.07,3.13,44.38,2.05,1.0,46.9,Rural,Clear,-14.02,Excellent
3519.64,3544.58,35.74,13.17,0.19,39.02,1.33,8.0,53.4,Dense Urban,Fog,-171.53,Poor
2098.73,19.62,47.35,15.14,2.71,32.99,2.05,7.0,79.6,Indoor,Clear,-64.4,Excellent
2614.48,1388.36,44.23,12.87,3.14,41.06,1.78,0.0,18.2,Rural,Clear,-43.43,Excellent
2391.88,893.78,43.06,2.6,0.63,21.73,2.44,4.0,59.9,Suburban,Clear,-91.85,Fair
918.66,67.15,28.19,8.8,4.15,48.27,1.87,13.0,77.3,Dense Urban,Rain,-101.9,Poor
869.43,1225.57,45.82,7.3,2.68,37.59,1.54,7.0,59.3,Urban,Rain,-109.39,Poor
5803.97,356.1,47.34,8.94,4.34,36.87,1.98,6.0,64.4,Indoor,Clear,-130.5,Poor
883.09,29.01,30.83,12.69,2.77,41.41,1.91,5.0,76.5,Indoor,Rain,-76.8,Good
878.21,59.05,24.59,11.06,1.54,10.16,1.67,4.0,37.6,Indoor,Clear,-104.29,Poor
1826.82,76.95,22.55,12.17,1.87,15.65,2.1,5.0,57.9,Suburban,Fog,-72.81,Good
5807.19,74.45,47.36,5.37,4.78,32.93,1.85,4.0,31.1,Indoor,Clear,-97.15,Fair
929.03,1033.76,18.96,9.94,2.26,34.31,1.79,2.0,70.3,Rural,Clear,-66.99,Excellent
5800.17,605.5,19.31,5.76,2.54,45.88,2.46,4.0,86.9,Suburban,Storm,-120.22,Poor
2092.53,1632.17,37.2,10.18,3.79,31.29,1.89,5.0,67.8,Suburban,Fog,-98.46,Fair
4997.63,239.12,47.28,6.72,4.08,20.73,1.84,1.0,35.2,Rural,Clear,-40.54,Excellent
2572.75,88.32,22.18,5.47,4.6,29.57,2.26,6.0,98.0,Dense Urban,Rain,-114.72,Poor
702.95,15.24,38.04,17.05,3.46,22.62,2.17,2.0,76.3,Suburban,Rain,-11.64,Excellent
2409.97,1393.29,20.35,6.29,1.49,37.21,1.38,11.0,39.2,Dense Urban,Rain,-176.12,Poor
2076.57,15.91,43.51,12.01,0.75,34.48,1.86,0.0,58.4,Rural,Clear,-2.35,Excellent
885.34,65.11,44.72,12.02,2.3,17.58,1.62,5.0,45.8,Indoor,Clear,-84.65,Good
2413.27,638.7,36.42,11.23,0.47,24.85,2.04,7.0,55.7,Indoor,Fog,-148.92,Poor
867.62,1154.71,19.86,13.5,4.57,37.07,1.68,5.0,72.2,Indoor,Clear,-158.14,Poor
2629.15,15.31,20.51,11.73,4.9,47.77,2.03,11.0,47.2,Dense Urban,Storm,-91.5,Fair
4985.19,436.46,41.79,15.59,2.61,25.83,1.83,1.0,32.1,Rural,Fog,-43.89,Excellent
720.49,23.45,18.06,2.41,0.19,38.88,1.83,5.0,28.5,Urban,Clear,-73.39,Good
2080.33,1106.03,16.8,3.18,1.48,26.87,2.44,5.0,54.6,Suburban,Clear,-118.61,Poor
2577.85,932.93,47.12,10.87,1.94,25.23,2.38,0.0,71.4,Rural,Clear,-39.74,Excellent
713.75,1044.68,38.42,8.39,1.95,35.32,2.48,3.0,21.6,Suburban,Clear,-75.1,Good
1796.75,14.86,33.99,5.39,3.52,48.42,2.04,2.0,53.4,Indoor,Clear,-63.63,Excellent
917.64,323.5,43.11,7.64,4.91,22.88,2.13,5.0,55.2,Dense Urban,Rain,-105.57,Poor
686.95,44.67,29.43,12.39,0.12,27.75,1.45,5.0,41.0,Urban,Rain,-64.59,Excellent
4982.79,217.86,24.83,15.65,4.83,12.16,1.29,5.0,29.2,Suburban,Clear,-87.51,Fair
2102.93,4681.57,36.68,4.9,4.58,35.18,1.51,6.0,58.7,Urban,Clear,-145.38,Poor
3476.92,17.55,20.82,6.68,4.28,25.02,1.65,4.0,61.5,Indoor,Storm,-99.47,Fair
2386.72,401.17,22.36,4.24,2.18,14.79,1.31,1.0,53.7,Rural,Rain,-73.87,Good
4979.97,27.88,35.97,17.95,1.96,34.79,1.77,1.0,54.9,Suburban,Clear,-36.32,Excellent
5789.2,238.02,47.15,2.32,2.4,37.2,1.74,8.0,48.0,Dense Urban,Clear,-124.56,Poor
2615.93,254.62,38.62,4.52,3.27,14.94,1.99,5.0,51.3,Urban,Rain,-108.0,Poor
1777.24,170.35,41.1,8.16,1.31,33.98,2.34,8.0,91.8,Urban,Fog,-95.18,Fair
2106.71,532.48,24.71,5.18,2.0,43.76,2.37,5.0,59.6,Suburban,Rain,-99.52,Fair
5005.09,4259.1,18.54,12.88,4.8,31.66,2.04,2.0,70.8,Rural,Rain,-93.99,Fair
2102.29,1490.26,26.5,2.37,0.37,41.86,2.38,1.0,37.4,Rural,Clear,-76.03,Good
2399.05,3863.91,43.02,10.24,1.01,29.7,1.49,5.0,37.5,Urban,Fog,-133.05,Poor
,32.46,20.76,5.15,0.21,19.29,1.91,1.0,57.5,Suburban,Rain,-56.75,Excellent
5821.11,4793.98,43.73,12.11,2.97,16.18,,0.0,41.0,Rural,Clear,-67.0,Excellent
2579.72,66.62,20.03,3.88,2.6,19.21,2.42,7.0,35.5,Indoor,Clear,-130.7,Poor
1818.85,12.37,42.26,5.16,0.33,,2.49,9.0,38.7,Urban,Clear,-55.37,Excellent
2373.69,150.45,45.06,15.28,2.31,21.67,2.25,6.0,44.4,Indoor,Clear,-104.36,Poor
2098.93,46.18,39.05,16.4,0.98,31.87,1.29,4.0,98.0,Urban,Clear,-59.4,Excellent
850.69,1140.09,23.02,7.78,3.23,42.15,2.22,7.0,93.6,Dense Urban,Clear,-149.63,Poor
4981.86,17.17,24.1,11.4,4.04,13.95,1.35,8.0,79.1,Urban,Clear,-78.92,Good
4975.38,301.33,30.31,12.81,0.54,14.69,2.25,2.0,78.5,,Clear,-61.41,Excellent
4974.49,60.41,48.35,14.17,3.77,39.46,1.41,1.0,71.5,Suburban,Clear,-35.22,Excellent
1772.23,,41.66,10.57,2.2,11.2,2.15,2.0,26.4,Rural,Storm,-26.32,Excellent
904.42,2308.46,36.87,11.26,2.57,18.28,2.31,5.0,71.1,Urban,Clear,-121.04,Poor
679.33,246.23,40.65,14.54,2.25,27.28,1.38,1.0,21.8,Suburban,Storm,-49.12,Excellent
3518.52,75.57,21.22,10.74,3.58,48.7,1.23,3.0,86.0,Suburban,Clear,-68.63,Excellent
1823.94,1032.17,21.67,10.61,3.56,30.96,2.19,9.0,65.3,Urban,Fog,-137.97,Poor
4987.54,2007.87,38.31,6.53,2.94,15.7,1.94,3.0,39.0,Suburban,Storm,-115.54,Poor
4979.87,156.02,36.81,15.41,1.13,33.34,1.65,3.0,63.2,Indoor,Rain,-118.31,Poor
844.58,31.01,20.77,9.07,1.9,25.06,1.7,10.0,34.7,Dense Urban,Clear,-93.61,Fair
5822.89,4827.12,36.87,10.84,4.07,12.33,1.32,3.0,51.6,Indoor,Clear,-190.3,Poor
843.99,93.08,18.98,12.12,1.56,30.16,2.18,6.0,53.5,Indoor,Clear,-114.85,Poor
2076.5,35.86,24.38,10.65,4.59,35.43,2.37,9.0,48.4,Dense Urban,Fog,-93.71,Fair
2129.08,19.0,45.36,9.08,1.44,48.42,1.42,1.0,90.9,Suburban,Clear,-22.4,Excellent
5799.98,21.59,19.33,9.77,2.75,39.02,1.92,5.0,67.5,Dense Urban,Storm,-98.84,Fair
2590.54,3509.49,40.26,3.6,3.06,41.22,2.19,6.0,66.6,Urban,Fog,-139.51,Poor
5023.62,3589.29,47.2,15.16,0.84,46.48,1.61,6.0,45.2,Urban,Rain,-135.69,Poor
2425.64,234.91,44.61,3.29,2.46,22.94,2.43,6.0,50.0,Dense Urban,Rain,-115.35,Poor
4999.81,737.99,29.23,17.79,1.31,32.62,1.59,5.0,75.1,Urban,Clear,-115.39,Poor
4988.4,1767.15,21.35,17.52,1.2,48.85,2.47,3.0,44.6,Urban,Clear,-136.5,Poor
4998.96,319.56,21.6,16.12,2.44,32.12,1.34,3.0,44.6,Urban,Storm,-117.32,Poor
2083.16,631.19,22.24,3.23,1.49,15.23,1.27,9.0,57.6,Dense Urban,Rain,-168.47,Poor
1798.69,4072.24,35.07,2.41,2.97,48.33,1.84,6.0,60.5,Urban,Clear,-148.97,Poor
5783.77,29.22,36.22,11.88,3.54,24.11,1.23,7.0,48.9,Dense Urban,Rain,-90.93,Fair
3507.33,23.69,28.63,4.65,3.64,20.09,2.23,6.0,47.5,Urban,Clear,-77.35,Good
5815.59,1077.48,23.72,17.05,1.04,35.22,2.15,,28.5,Rural,Clear,-66.75,Excellent
2428.17,791.16,21.63,12.52,1.68,24.1,1.21,8.0,69.9,Urban,Rain,-137.29,Poor
5820.55,31.76,19.45,15.75,4.85,26.45,1.32,4.0,41.3,Indoor,Fog,-102.75,Poor
3475.17,65.5,22.44,17.91,4.58,18.63,1.79,5.0,54.1,Suburban,Clear,-64.84,Excellent
3482.69,707.1,43.06,17.01,4.6,11.51,2.46,3.0,10.0,Urban,Clear,-97.52,Fair
851.9,215.91,21.57,3.68,3.04,12.92,2.27,5.0,69.1,Suburban,Clear,-87.96,Fair
2385.46,2579.07,22.26,17.72,2.8,21.08,1.67,4.0,76.5,Urban,Rain,-142.29,Poor
3470.86,1817.42,37.74,3.12,2.66,26.91,1.61,6.0,69.5,Dense Urban,Clear,-162.58,Poor
3515.29,206.41,21.39,14.45,3.65,43.06,2.15,3.0,70.2,Suburban,Clear,-76.62,Good
5791.47,630.74,29.45,13.99,0.23,18.57,1.6,7.0,49.9,Indoor,Clear,-167.09,Poor
1773.97,545.36,42.59,5.41,0.8,36.17,2.11,8.0,92.1,Urban,Rain,-113.15,Poor
1800.53,17.72,20.03,8.12,1.35,47.04,1.25,11.0,50.4,Dense Urban,Clear,-97.75,Fair
5828.63,140.82,46.49,12.09,3.22,26.26,2.27,1.0,84.6,Suburban,Clear,-52.07,Excellent
5810.71,153.9,39.06,9.96,1.32,49.15,1.44,6.0,45.2,Indoor,Storm,-133.59,Poor
829.53,2642.21,44.99,13.26,0.7,35.5,1.67,4.0,91.8,Suburban,Rain,-84.35,Good
1800.86,2451.02,42.79,4.1,0.49,48.28,2.13,2.0,56.3,Suburban,Clear,-95.35,Fair
5824.1,14.31,44.81,8.51,4.48,21.8,1.48,2.0,37.0,Rural,Clear,-18.64,Excellent
823.25,1910.23,34.05,13.48,3.38,36.2,2.5,6.0,12.4,Indoor,Rain,-157.77,Poor
3508.27,447.62,21.38,2.13,2.11,16.35,1.65,5.0,45.2,Indoor,Storm,-171.12,Poor
863.28,11.06,22.62,12.41,0.49,46.54,1.93,7.0,74.2,Urban,Clear,-52.95,Excellent
862.24,107.17,24.15,10.65,3.18,23.51,2.32,9.0,39.2,Urban,Rain,-98.29,Fair
3479.01,2494.19,20.35,16.8,3.1,16.34,2.47,6.0,23.9,Urban,Rain,-151.02,Poor
2624.44,92.65,45.78,17.39,0.04,31.17,2.38,3.0,51.3,Suburban,Clear,-42.34,Excellent
2389.34,669.44,46.69,13.02,1.61,16.69,2.39,12.0,88.5,Dense Urban,Clear,-134.21,Poor
4973.1,336.29,38.2,10.62,3.83,21.2,2.15,2.0,88.2,Rural,Clear,-50.33,Excellent
1774.99,390.85,23.21,10.49,4.32,25.26,1.33,4.0,10.0,Urban,Clear,-107.61,Poor
2397.45,198.46,46.44,9.11,1.27,,1.51,10.0,66.7,Dense Urban,Clear,-114.01,Poor
2572.4,200.37,22.8,14.45,2.23,11.61,2.08,5.0,64.6,Urban,Clear,-106.65,Poor
3516.77,2730.32,47.25,7.35,3.86,25.0,2.05,6.0,26.2,Indoor,Rain,-171.89,Poor
1821.95,130.88,41.36,5.87,2.98,18.29,2.03,8.0,54.3,Dense Urban,Clear,-105.89,Poor
2570.8,32.86,30.63,9.06,1.77,36.86,1.36,4.0,91.4,Suburban,Fog,-51.34,Excellent
2118.6,135.78,41.72,7.32,4.86,10.01,1.54,6.0,62.3,Urban,Clear,-87.47,Fair
2428.87,950.84,37.76,15.03,2.55,35.91,2.01,5.0,80.6,Urban,Rain,-111.69,Poor
4971.82,191.72,49.59,6.4,3.13,31.73,1.81,1.0,28.8,Suburban,Clear,-57.55,Excellent
1813.5,946.03,38.05,8.43,2.52,30.93,2.03,7.0,72.9,Dense Urban,Clear,-137.48,Poor
2629.95,44.38,31.76,6.32,0.64,30.31,1.52,9.0,53.3,Dense Urban,Clear,-101.92,Poor
5817.83,373.99,21.35,10.61,2.73,31.69,1.89,5.0,48.1,Dense Urban,Clear,-138.6,Poor
3500.32,2151.74,42.51,6.9,1.4,30.26,1.24,3.0,38.6,Urban,Rain,-127.99,Poor
5823.09,268.26,42.8,12.03,0.12,27.85,1.26,12.0,43.0,Dense Urban,Clear,-130.57,Poor
2412.48,523.31,20.67,14.9,0.81,23.59,1.59,1.0,55.5,Suburban,Clear,-87.11,Fair
887.55,679.33,33.87,14.0,4.63,24.52,1.22,7.0,43.9,Dense Urban,Clear,-124.84,Poor
5783.46,991.68,42.57,6.83,4.0,13.88,1.72,11.0,72.7,Dense Urban,Clear,-161.92,Poor
2600.75,88.19,42.88,11.05,0.11,25.77,1.61,3.0,12.8,Suburban,Rain,-56.91,Excellent
892.38,491.86,21.15,8.12,3.05,29.61,1.85,5.0,74.1,Urban,Clear,-115.1,Poor
1789.77,132.81,18.55,12.4,2.94,40.53,1.32,0.0,20.5,Rural,Rain,-47.84,Excellent
880.68,113.55,48.01,15.94,2.35,27.53,1.79,1.0,37.6,Suburban,Clear,-27.75,Excellent
5020.72,191.67,24.63,15.44,0.72,40.8,1.42,7.0,73.0,Urban,Rain,-112.11,Poor
712.3,126.09,46.41,16.2,4.68,41.17,1.77,8.0,73.7,Urban,Clear,-59.2,Excellent
3489.88,11.74,31.75,8.44,2.6,23.07,1.46,7.0,63.2,Urban,Clear,-60.19,Excellent
2384.26,1006.06,42.96,14.98,3.66,29.84,2.06,6.0,74.3,Dense Urban,Fog,-129.52,Poor
677.69,377.67,25.11,8.03,4.25,23.04,1.45,9.0,60.8,Urban,Fog,-115.91,Poor
2576.75,23.51,36.36,3.63,4.81,12.9,1.24,2.0,51.3,Suburban,Clear,-45.91,Excellent
3507.53,50.73,,11.42,0.55,44.19,2.47,4.0,47.7,Suburban,Clear,-53.31,Excellent
3476.53,445.82,22.99,11.54,1.92,42.82,2.1,8.0,52.7,Urban,Clear,-123.12,Poor
2427.61,250.1,42.43,14.17,2.63,13.39,2.21,6.0,56.4,Indoor,Clear,-122.72,Poor
1786.75,896.38,29.14,15.45,2.89,36.18,1.27,2.0,49.7,Rural,Clear,-55.47,Excellent
821.55,209.13,36.73,16.32,4.55,43.81,2.06,4.0,38.3,Suburban,Fog,-51.73,Excellent
721.32,1903.91,18.81,13.23,2.41,11.6,1.89,2.0,24.0,Rural,Clear,-71.14,Good
1792.06,16.18,18.74,12.03,3.83,25.62,2.4,2.0,36.3,Rural,Rain,-29.33,Excellent
2590.58,451.83,41.32,2.25,2.25,19.76,2.1,7.0,75.2,Urban,Rain,-119.66,Poor
677.12,100.65,46.62,3.82,1.92,29.0,1.47,3.0,50.3,Urban,Rain,-58.77,Excellent
5809.63,67.32,18.5,4.24,1.3,16.16,1.41,4.0,44.4,Urban,Clear,-105.94,Poor
2391.53,3522.58,18.14,6.15,1.52,11.36,1.49,2.0,73.8,Rural,Rain,-98.16,Fair
919.38,2144.82,21.39,16.29,3.18,10.84,1.99,2.0,53.2,Rural,Clear,-67.37,Excellent
5807.84,31.32,20.31,13.62,0.28,47.95,1.78,2.0,63.5,Suburban,Rain,-63.92,Excellent
872.79,14.29,24.0,12.13,1.56,12.68,2.44,13.0,47.4,Dense Urban,Rain,-87.64,Fair
5807.35,2191.27,44.13,3.99,3.37,18.72,2.18,0.0,48.8,Rural,Fog,-68.87,Excellent
916.76,28.64,43.32,12.48,0.45,35.04,1.36,1.0,32.6,Suburban,Storm,-25.91,Excellent
1811.79,3201.25,37.8,13.68,2.7,35.54,2.44,2.0,54.6,Rural,Clear,-59.63,Excellent
2097.76,56.04,29.92,6.93,2.3,13.83,2.18,5.0,39.7,Urban,Storm,-85.84,Fair
5811.32,129.13,20.68,5.9,0.33,31.82,1.24,4.0,36.7,Indoor,Rain,-143.64,Poor
909.82,13.23,37.66,12.98,0.38,28.34,2.37,4.0,57.8,Urban,Clear,-31.26,Excellent
5770.4,282.35,44.91,3.93,3.0,18.95,2.05,9.0,56.6,Dense Urban,Clear,-128.4,Poor
1811.92,32.31,21.39,11.31,2.64,,1.68,1.0,39.5,Suburban,Clear,-45.63,Excellent
885.73,145.7,39.03,17.61,3.6,48.62,1.27,6.0,49.1,Indoor,Clear,-98.87,Fair
2602.51,3030.04,30.19,2.39,3.12,21.78,2.24,2.0,52.4,Suburban,Clear,-114.79,Poor
2576.68,48.05,31.58,4.92,2.46,18.24,1.48,,78.2,Rural,Clear,-39.05,Excellent
1771.38,517.16,35.35,10.48,2.16,24.56,1.81,5.0,23.6,Indoor,Clear,-138.64,Poor
820.91,35.09,22.39,3.14,1.59,45.32,2.44,3.0,79.5,Indoor,Clear,-90.99,Fair
1779.49,442.55,20.94,13.32,0.2,40.64,2.19,5.0,74.8,Urban,Clear,-116.38,Poor
2371.19,60.31,20.97,3.29,0.39,40.05,1.92,0.0,55.3,Rural,Clear,-46.34,Excellent
677.94,691.07,42.08,5.07,2.89,46.12,1.69,4.0,63.9,Suburban,Clear,-70.76,Good
703.55,1201.95,45.17,10.76,2.9,19.29,2.06,8.0,65.3,Urban,Clear,-105.53,Poor
5794.02,2381.87,32.93,15.05,0.23,44.54,1.98,1.0,27.1,Rural,Clear,-67.95,Excellent
728.84,3014.82,38.0,7.87,2.17,46.69,1.52,4.0,60.0,Urban,Clear,-121.24,Poor
2118.52,44.8,46.98,2.9,4.75,37.85,2.24,3.0,46.9,Urban,Clear,-53.34,Excellent
3478.81,22.29,41.2,7.57,0.94,26.27,1.36,0.0,17.5,Rural,Clear,-18.73,Excellent
1795.01,13.52,20.21,3.18,3.84,46.32,1.47,0.0,39.1,Rural,Clear,-25.83,Excellent
2095.86,879.48,44.46,5.01,2.54,11.43,1.39,1.0,76.9,Suburban,Rain,-82.44,Good
691.73,31.95,26.64,9.49,3.89,21.35,1.99,6.0,51.0,Dense Urban,Clear,-79.35,Good
3499.74,1444.19,45.25,16.09,1.36,13.84,1.25,6.0,73.2,Urban,Rain,-119.31,Poor
2610.19,4018.05,44.78,16.3,4.92,25.35,2.44,7.0,60.3,Urban,Fog,-128.96,Poor
5008.45,25.08,18.61,13.27,1.8,39.64,2.01,1.0,28.0,Rural,Rain,-42.68,Excellent
4991.43,58.17,45.34,15.48,3.13,26.06,2.37,5.0,70.5,Suburban,Rain,-49.58,Excellent
1812.3,259.68,21.42,10.56,3.42,32.34,1.36,7.0,71.7,Indoor,Clear,-146.03,Poor
687.37,145.22,28.18,17.29,3.3,26.53,1.47,9.0,44.9,Dense Urban,Fog,-103.77,Poor
1820.13,141.12,43.38,15.35,2.65,11.32,2.18,4.0,25.3,Indoor,Fog,-100.15,Poor
877.86,38.54,21.6,12.51,3.38,12.55,2.3,8.0,51.6,Urban,Clear,-76.32,Good
2387.68,2511.68,17.4,5.74,3.4,11.8,1.55,1.0,42.7,Suburban,Clear,-122.66,Poor
867.08,691.18,30.29,14.18,3.69,42.39,2.14,9.0,52.7,Dense Urban,Clear,-131.74,Poor
5818.81,26.02,37.81,16.0,3.63,13.33,2.3,8.0,79.8,Urban,Clear,-68.39,Excellent
2599.45,10.28,37.67,9.66,3.37,23.29,1.59,3.0,76.3,Suburban,Clear,-30.34,Excellent
875.26,1144.09,45.67,7.82,4.55,32.26,1.65,10.0,71.4,Dense Urban,Clear,-135.2,Poor
5817.17,11.04,22.1,7.84,4.49,31.42,1.73,8.0,65.9,Urban,Clear,-73.55,Good
3494.45,2378.03,44.14,14.04,0.21,34.61,2.19,5.0,51.9,Suburban,Clear,-96.91,Fair
2082.48,268.48,23.5,17.2,4.91,31.03,1.66,2.0,79.3,Suburban,Rain,-72.02,Good
857.6,3237.97,27.16,8.41,3.97,29.73,1.34,3.0,37.3,Suburban,Clear,-103.15,Poor
1796.22,1211.2,36.67,3.7,2.97,36.81,1.93,1.0,41.6,Suburban,Clear,-87.24,Fair
2375.25,2593.02,30.08,2.67,3.04,21.68,1.27,3.0,64.9,Suburban,Rain,-117.4,Poor
3529.02,1017.52,21.36,15.31,1.94,28.25,1.93,5.0,98.0,Dense Urban,Clear,-151.38,Poor
884.68,359.97,22.63,6.97,2.15,27.28,1.59,6.0,51.8,Dense Urban,Clear,-133.34,Poor
3500.66,29.31,46.74,15.17,1.9,24.19,2.1,4.0,77.3,Suburban,Clear,-32.13,Excellent
910.04,920.23,44.76,3.85,4.75,49.87,1.44,3.0,33.4,Indoor,Clear,-132.74,Poor
876.91,396.84,20.35,2.63,2.99,46.12,2.17,6.0,60.3,Dense Urban,Storm,-141.2,Poor
2114.36,168.7,21.52,6.95,0.79,37.01,2.41,13.0,67.9,Dense Urban,Clear,-141.4,Poor
858.9,321.83,44.14,7.05,3.85,39.59,2.17,1.0,71.8,Suburban,Clear,-50.68,Excellent
2099.63,42.35,20.92,17.96,3.47,44.9,1.59,3.0,49.9,Suburban,Storm,-58.58,Excellent
1801.7,123.46,38.76,5.82,3.17,24.35,1.91,13.0,42.8,Dense Urban,Rain,-119.15,Poor
927.29,21.64,21.22,13.86,1.32,31.19,2.29,0.0,32.9,Rural,Rain,-21.3,Excellent
3524.65,127.63,47.43,16.74,3.09,24.15,2.22,3.0,52.0,Urban,Clear,-64.8,Excellent
1776.72,182.07,42.98,14.52,4.08,45.68,1.27,6.0,88.7,Urban,Rain,-78.17,Good
2592.13,2065.86,39.68,17.59,0.84,34.31,1.28,6.0,49.3,Indoor,Rain,-168.58,Poor
3501.01,264.75,17.85,4.68,2.74,32.45,1.34,13.0,98.0,Dense Urban,Clear,-157.32,Poor
2625.2,2837.98,20.91,12.94,1.04,28.06,1.8,8.0,55.6,Urban,Clear,-155.48,Poor
918.99,4096.2,40.56,10.35,2.76,32.9,1.43,3.0,72.0,Indoor,Clear,-161.11,Poor
4993.19,13.56,22.07,15.92,3.21,21.6,2.11,5.0,98.0,Indoor,Fog,-86.34,Fair
923.17,408.95,29.88,13.89,4.05,30.59,2.37,6.0,58.0,Indoor,Clear,-132.61,Poor
892.69,64.21,20.67,14.46,2.49,18.24,1.23,2.0,93.2,Rural,Clear,-35.02,Excellent
4986.27,1984.73,20.28,8.18,4.65,19.66,2.17,7.0,56.7,Urban,Clear,-156.93,Poor
1806.59,215.53,45.35,12.83,4.56,17.23,1.25,12.0,51.4,Dense Urban,Clear,-111.95,Poor
2591.35,16.25,21.78,16.1,4.08,17.84,1.3,3.0,57.9,Urban,Rain,-61.64,Excellent
707.34,38.04,23.15,,2.78,29.09,1.76,12.0,25.2,Dense Urban,Clear,-101.05,Poor
2594.58,658.88,46.68,2.5,0.95,12.35,2.5,3.0,38.0,Suburban,Rain,-89.43,Fair
5017.75,16.4,44.07,6.98,3.25,23.27,1.59,2.0,34.2,Rural,Clear,-18.63,Excellent
3527.26,105.47,24.58,15.81,3.53,29.17,1.87,8.0,55.3,Urban,Fog,-96.6,Fair
2386.22,2251.55,45.35,9.44,2.47,15.98,2.47,1.0,67.1,Rural,Rain,-59.06,Excellent
5000.6,11.99,46.98,6.11,4.83,24.22,2.02,13.0,44.1,Dense Urban,Clear,-75.96,Good
913.47,756.87,28.61,16.57,0.49,31.83,1.67,0.0,98.0,Rural,Rain,-48.44,Excellent
1779.51,665.44,29.88,2.68,4.27,46.23,1.63,2.0,23.7,Indoor,Rain,-145.25,Poor
717.75,73.39,37.75,14.9,4.52,22.9,1.57,2.0,31.1,Suburban,Clear,-37.89,Excellent
2604.98,20.15,21.46,14.79,3.14,10.2,1.31,9.0,69.8,Urban,Fog,-81.76,Good
3478.98,18.9,46.86,10.3,4.44,36.98,1.34,12.0,47.9,Dense Urban,Storm,-77.54,Good
3522.09,4129.69,20.14,6.22,1.06,48.36,2.15,2.0,14.7,Indoor,Clear,-197.89,Poor
3495.6,671.39,42.88,8.95,1.73,49.54,1.92,7.0,64.4,Urban,Clear,-110.06,Poor
830.6,103.46,37.82,7.67,0.91,28.52,1.37,1.0,62.0,Rural,Clear,-28.72,Excellent
2581.72,1777.11,23.28,4.27,1.57,17.04,1.72,4.0,59.4,Urban,Clear,-148.47,Poor
3517.13,19.01,31.28,11.52,0.83,36.95,1.5,4.0,54.2,Urban,Clear,-60.21,Excellent
926.14,22.01,23.57,5.13,0.82,42.3,1.75,2.0,54.7,Rural,Clear,-29.77,Excellent
2092.69,34.14,43.95,17.94,0.15,32.25,2.01,2.0,88.5,Suburban,Clear,-28.78,Excellent
5774.73,1150.36,35.73,11.19,3.72,24.06,1.36,5.0,75.8,Indoor,Clear,-163.49,Poor
2076.05,126.94,29.51,3.87,1.51,23.35,2.13,9.0,70.0,Urban,Rain,-111.09,Poor
3509.27,542.37,24.37,11.83,3.06,27.66,1.25,1.0,77.0,Suburban,Fog,-90.36,Fair
2392.25,42.4,18.59,8.08,3.47,18.16,1.21,6.0,53.7,Dense Urban,Clear,-105.55,Poor
2595.57,1252.87,37.96,4.97,3.36,27.0,2.3,8.0,61.7,Urban,Clear,-131.71,Poor
2590.22,1457.71,37.18,6.76,4.65,42.93,2.13,5.0,10.0,Suburban,Clear,-94.7,Fair
2597.93,130.43,46.53,6.09,3.6,32.21,1.31,4.0,98.0,Urban,Clear,-75.0,Good
3508.61,36.72,36.68,11.32,3.08,20.21,1.28,3.0,56.0,,Clear,-43.68,Excellent
5802.47,501.75,29.11,6.41,0.66,38.0,2.28,8.0,78.7,Dense Urban,Clear,-147.96,Poor
879.85,49.12,28.54,2.77,0.11,23.99,,4.0,73.3,Urban,Clear,-76.98,Good
5799.48,25.13,23.92,15.09,3.63,17.49,2.17,1.0,71.2,Rural,Clear,-34.97,Excellent
2597.64,459.22,36.88,6.57,4.34,12.0,2.01,5.0,48.9,Suburban,Clear,-87.5,Fair
2402.74,242.28,18.38,6.87,2.99,44.67,2.29,8.0,81.5,Dense Urban,Clear,-136.66,Poor
1776.64,1301.75,20.33,8.93,4.95,32.49,1.79,5.0,71.7,Suburban,Fog,-108.91,Poor
2079.21,61.51,50.0,14.69,4.44,11.19,1.95,5.0,32.2,Suburban,Rain,-41.53,Excellent
2601.81,40.56,19.7,11.84,4.69,29.78,1.38,12.0,58.8,Dense Urban,Clear,-110.81,Poor
1786.53,535.49,25.48,3.4,3.65,21.4,2.35,2.0,57.5,Indoor,Clear,-149.93,Poor
907.74,780.08,33.12,9.35,4.82,20.45,1.67,1.0,46.5,Rural,Clear,-49.07,Excellent
4992.37,130.51,22.59,14.11,3.0,46.96,1.49,1.0,32.9,Rural,Clear,-50.25,Excellent
2083.24,156.28,44.43,2.65,2.34,48.27,1.24,1.0,36.1,Rural,Rain,-37.25,Excellent
2609.38,21.55,37.02,2.65,0.23,39.56,1.79,0.0,68.2,Rural,Clear,-23.42,Excellent
693.63,184.9,19.04,13.23,4.61,19.93,1.2,2.0,47.4,Rural,Clear,-45.36,Excellent
679.46,3931.84,29.96,10.02,1.97,13.96,2.0,0.0,65.4,Rural,Clear,-64.42,Excellent
5018.53,20.27,44.48,4.62,0.48,12.18,2.16,2.0,52.3,Suburban,Clear,-44.98,Excellent
845.91,341.14,33.22,12.72,3.56,11.93,1.35,5.0,52.9,Suburban,Clear,-73.39,Good
3524.9,11.21,44.6,3.31,1.67,48.91,1.81,5.0,36.7,Urban,Clear,-46.18,Excellent
5781.6,75.54,36.24,9.11,2.72,16.98,1.8,3.0,43.1,Suburban,Clear,-66.19,Excellent
2122.58,1133.2,29.65,15.12,4.98,39.24,1.38,2.0,53.6,Suburban,Rain,-86.71,Fair
5018.95,339.43,36.66,4.83,3.27,22.55,1.86,0.0,22.3,Rural,Clear,-53.53,Excellent
2076.23,16.56,28.7,11.43,0.13,40.59,2.06,4.0,59.8,Indoor,Clear,-76.05,Good
5801.9,165.76,19.77,7.93,0.28,42.66,2.11,2.0,53.5,Rural,Fog,-66.19,Excellent
909.22,16.35,29.59,16.29,2.9,20.53,1.37,,24.4,Suburban,Clear,-33.01,Excellent
2099.73,101.89,28.2,12.35,0.25,23.52,2.15,5.0,53.0,Suburban,Clear,-71.52,Good
1793.42,1189.56,44.26,7.75,0.03,29.81,2.06,13.0,10.0,Dense Urban,Rain,-153.98,Poor
3526.63,49.77,43.63,9.83,1.61,12.07,1.4,7.0,45.8,Urban,Fog,-77.29,Good
712.05,167.37,36.04,10.42,0.28,10.97,1.46,4.0,56.8,Suburban,Fog,-64.68,Excellent
5027.95,224.08,30.22,17.75,4.28,42.62,1.62,1.0,73.4,Suburban,Rain,-68.41,Excellent
720.77,2008.93,35.55,13.93,1.87,28.24,2.15,4.0,98.0,Urban,Clear,-113.47,Poor
1819.03,21.28,45.17,13.42,2.4,29.93,1.63,1.0,58.9,Rural,Clear,-3.33,Excellent
2413.54,305.89,47.03,17.74,3.79,34.3,2.18,3.0,61.0,Indoor,Clear,-102.41,Poor
858.76,12.11,23.71,4.45,1.66,23.16,2.07,4.0,23.1,Suburban,Rain,-44.13,Excellent
2123.21,17.86,22.23,9.47,1.61,40.5,2.15,1.0,51.4,Suburban,Clear,-42.85,Excellent
5806.8,39.42,30.47,17.39,1.34,10.91,1.3,8.0,45.8,Urban,Clear,-85.26,Fair
4974.52,875.97,36.89,15.64,4.88,15.1,1.78,4.0,21.0,Suburban,Clear,-84.96,Good
704.95,12.91,41.5,5.28,1.05,47.11,1.42,9.0,89.7,Urban,Clear,-43.31,Excellent
2376.17,3553.97,42.75,8.74,3.42,45.05,1.3,8.0,63.9,Dense Urban,Clear,-164.83,Poor
2426.96,142.65,37.65,5.01,3.22,13.07,1.58,5.0,65.9,Dense Urban,Fog,-111.38,Poor
708.8,1834.41,43.46,13.21,2.31,32.17,2.03,4.0,88.5,Urban,Storm,-107.94,Poor
2603.34,39.7,17.46,11.88,3.81,39.33,2.14,4.0,26.9,Suburban,Fog,-62.72,Excellent
2381.87,81.61,23.25,11.3,0.9,20.29,2.38,3.0,29.5,Urban,Fog,-90.01,Fair
2600.95,916.63,37.04,16.45,0.4,10.64,2.14,10.0,83.1,Dense Urban,Clear,-152.05,Poor
890.55,105.55,34.15,3.61,3.19,36.39,1.31,3.0,35.4,Suburban,Fog,-58.85,Excellent
910.52,234.26,44.79,17.05,1.3,40.99,2.12,0.0,68.8,Rural,Clear,-15.89,Excellent
3506.26,1528.08,37.74,9.75,4.37,39.29,1.31,5.0,60.9,Urban,Clear,-123.98,Poor
3499.96,571.86,32.08,2.43,2.85,16.78,2.28,0.0,95.3,Rural,Rain,-68.21,Excellent
835.16,1803.04,34.54,16.64,0.92,32.67,1.25,3.0,85.1,Suburban,Rain,-83.42,Good
901.54,17.12,21.47,16.9,1.42,19.11,1.92,4.0,86.0,Suburban,Clear,-39.6,Excellent
2397.7,437.69,27.18,17.1,2.99,34.58,2.27,6.0,21.6,Urban,Clear,-106.8,Poor
5021.08,419.4,22.1,15.36,4.66,29.29,1.67,3.0,68.7,Urban,Clear,-112.22,Poor
923.66,435.05,19.64,6.45,1.91,32.8,1.74,2.0,76.2,Suburban,Rain,-88.08,Fair
915.55,388.31,28.93,6.58,0.3,22.59,2.06,1.0,54.9,Rural,Clear,-53.16,Excellent
4989.18,898.71,20.53,7.25,3.45,31.08,1.62,2.0,42.9,Rural,Rain,-85.11,Fair
2572.29,1896.83,21.56,5.61,2.78,30.62,2.43,2.0,52.5,Suburban,Clear,-112.45,Poor
5825.52,41.66,46.77,16.53,3.77,16.87,1.46,5.0,72.5,Suburban,Clear,-44.35,Excellent
3529.52,19.15,45.81,10.56,,10.76,1.25,13.0,29.9,Dense Urban,Clear,-80.69,Good
5777.62,15.84,31.28,6.26,1.99,36.37,2.42,4.0,90.6,Suburban,Clear,-51.41,Excellent
861.14,26.77,44.78,14.36,2.15,19.75,1.8,3.0,17.8,Suburban,Rain,-23.08,Excellent
895.51,589.38,20.29,12.04,4.06,31.24,2.25,3.0,41.5,Suburban,Storm,-85.47,Fair
878.91,133.08,47.6,8.07,1.95,10.72,2.07,12.0,30.8,Dense Urban,Storm,-106.14,Poor
729.89,87.75,30.5,16.63,2.32,20.69,2.22,7.0,55.5,Urban,Clear,-73.06,Good
3525.99,2857.13,31.58,10.89,1.25,11.62,1.66,0.0,45.0,Rural,Clear,-74.24,Good
2628.96,2688.73,41.66,12.05,0.07,21.78,2.43,0.0,81.2,Rural,Rain,-63.08,Excellent
678.63,284.74,31.09,2.52,1.06,39.2,1.54,1.0,50.7,Suburban,Clear,-64.96,Excellent
849.52,172.77,38.12,12.08,4.04,35.09,2.01,1.0,61.3,Suburban,Clear,-42.78,Excellent
873.75,53.69,20.55,8.61,4.58,16.58,1.89,4.0,52.6,Suburban,Clear,-58.89,Excellent
2110.51,174.29,38.65,13.97,3.71,14.85,1.28,5.0,48.8,Urban,Clear,-83.22,Good
2096.08,128.55,20.49,2.7,2.19,14.72,2.26,13.0,59.1,Dense Urban,Storm,-150.52,Poor
901.0,10.44,22.58,8.17,3.4,43.98,1.32,11.0,28.8,Dense Urban,Clear,-74.62,Good
5772.32,1115.26,36.55,3.05,0.62,21.39,2.2,2.0,36.0,Suburban,Fog,-105.6,Poor
906.69,152.65,44.44,16.9,0.46,49.81,1.78,6.0,32.9,Urban,Clear,-64.88,Excellent
2421.58,39.95,23.95,8.72,0.94,32.19,2.09,6.0,61.3,Indoor,Rain,-111.02,Poor
2070.17,628.38,37.45,4.23,3.02,49.95,1.7,7.0,57.9,Urban,Clear,-114.73,Poor
1779.6,161.53,20.87,13.89,2.1,19.63,2.06,3.0,59.4,Urban,Clear,-95.49,Fair
5001.08,70.27,37.12,16.11,0.91,47.95,2.03,3.0,55.8,Urban,Storm,-76.87,Good
5803.66,41.97,46.31,14.41,2.73,46.91,1.72,1.0,63.3,Rural,Clear,-16.55,Excellent
690.6,14.44,29.56,15.61,4.56,16.83,2.31,0.0,46.6,Rural,Clear,-1.13,Excellent
2071.68,227.85,44.62,15.55,2.76,49.45,2.43,1.0,52.2,Suburban,Clear,-44.45,Excellent
864.62,103.11,30.91,17.83,2.59,24.0,2.43,13.0,62.8,Dense Urban,Storm,-107.03,Poor
2084.58,12.85,46.26,7.81,1.77,15.9,2.25,3.0,40.2,Urban,Rain,-38.91,Excellent
2608.67,1558.34,36.8,7.58,0.06,24.59,1.43,9.0,64.9,Urban,Clear,-139.63,Poor
2103.55,1518.92,20.35,3.79,1.23,13.26,2.45,1.0,78.2,Rural,Rain,-87.35,Fair
1795.85,210.17,20.02,15.72,1.65,33.9,1.95,9.0,59.1,Urban,Storm,-114.27,Poor
1805.42,1837.24,45.45,16.89,2.27,33.99,1.48,10.0,84.1,Dense Urban,Clear,-139.71,Poor
911.7,198.71,31.9,6.52,4.61,23.28,1.97,6.0,53.0,Indoor,Clear,-123.29,Poor
1804.33,28.57,28.94,11.84,1.5,22.56,1.99,2.0,77.1,Rural,Clear,-28.65,Excellent
1803.45,249.45,36.0,5.92,1.57,11.44,1.76,5.0,39.0,Suburban,Rain,-83.29,Good
2596.16,69.76,18.54,15.79,1.6,36.63,1.34,3.0,61.5,Suburban,Clear,-65.52,Excellent
695.8,166.31,21.06,2.11,1.07,20.02,2.06,4.0,66.5,Suburban,Fog,-81.71,Good
699.46,4166.86,28.63,13.12,2.16,28.93,1.42,10.0,75.0,Dense Urban,Clear,-172.43,Poor
2397.12,91.11,23.42,10.69,3.74,30.25,1.54,1.0,65.5,Rural,Rain,-47.35,Excellent
2596.34,38.25,36.26,6.58,3.67,41.51,2.23,7.0,86.4,Indoor,Rain,-100.48,Poor
882.62,22.23,29.19,16.77,0.02,35.33,2.07,6.0,70.3,Indoor,Clear,-75.64,Good
913.49,2430.49,29.06,9.67,3.84,48.83,1.4,0.0,56.9,Rural,Clear,-56.9,Excellent
2577.98,10.97,43.36,10.39,1.97,35.28,1.94,5.0,57.5,Suburban,Rain,-30.91,Excellent
1824.52,2813.13,43.59,3.33,0.1,24.29,1.54,8.0,42.8,Urban,Clear,-142.08,Poor
3507.49,14.68,20.2,8.59,4.95,44.79,2.14,9.0,50.1,Urban,Clear,-74.81,Good
822.93,1074.99,28.86,4.54,4.37,30.64,1.65,7.0,52.2,Urban,Clear,-125.29,Poor
859.54,,36.87,10.87,1.79,17.51,1.46,4.0,59.9,Urban,Clear,-60.29,Excellent
2391.69,47.26,46.66,11.25,3.41,32.6,1.64,13.0,52.3,Dense Urban,Fog,-86.32,Fair
1825.79,30.59,37.19,5.91,3.19,14.91,2.34,3.0,27.7,Indoor,Clear,-82.12,Good
3526.16,23.07,21.23,17.1,4.93,23.81,1.26,5.0,79.8,Suburban,Clear,-51.67,Excellent
2420.76,15.09,34.88,6.85,0.91,11.22,2.15,3.0,12.4,Urban,Clear,-53.45,Excellent
1804.07,26.21,43.62,12.47,1.07,13.13,2.41,5.0,37.9,Indoor,Clear,-75.75,Good
875.15,387.51,49.08,17.67,3.35,18.74,1.53,10.0,80.7,Dense Urban,Storm,-106.1,Poor
858.99,344.78,46.07,14.86,0.38,34.88,1.41,5.0,39.2,Suburban,Clear,-58.0,Excellent
3522.51,57.36,43.13,13.94,4.1,29.73,2.42,2.0,75.2,Rural,Clear,-21.11,Excellent
879.6,683.88,37.78,2.95,1.07,27.32,1.73,6.0,60.1,Urban,Rain,-115.12,Poor
2424.25,1194.55,22.18,10.39,3.84,32.85,1.47,5.0,65.9,Suburban,Clear,-106.87,Poor
5009.7,4420.41,44.58,14.06,0.77,17.82,1.61,0.0,47.0,Rural,Clear,-64.02,Excellent
4988.2,153.79,30.09,12.57,3.7,37.29,1.87,2.0,49.9,Rural,Clear,-46.42,Excellent
929.87,102.57,40.52,11.08,0.4,31.77,1.74,3.0,68.4,Indoor,Storm,-95.01,Fair
861.21,4232.23,43.59,16.74,0.52,15.58,1.89,0.0,56.7,Rural,Clear,-46.63,Excellent
3524.5,3490.13,20.85,10.95,0.24,32.16,1.7,8.0,45.8,Dense Urban,Clear,-189.12,Poor
2570.34,3175.44,27.59,15.4,3.3,14.51,1.89,9.0,54.6,Dense Urban,Storm,-179.42,Poor
1803.14,439.64,43.24,16.17,0.83,36.97,2.37,6.0,49.3,Urban,Rain,-94.32,Fair
2412.75,464.77,29.68,14.58,1.82,19.04,2.27,9.0,29.8,Dense Urban,Rain,-141.93,Poor
820.82,3195.88,39.22,4.4,4.44,11.96,1.97,9.0,56.9,Urban,Clear,-139.13,Poor
3515.75,197.25,38.96,14.4,1.59,17.5,1.75,8.0,69.1,Urban,,-94.11,Fair
3509.09,37.68,21.26,14.6,0.82,29.32,2.3,2.0,54.9,Rural,Clear,-40.6,Excellent
886.49,4562.3,24.82,12.78,3.35,38.46,1.66,1.0,52.3,Rural,Clear,-67.11,Excellent
2111.34,1873.79,29.45,7.94,0.79,24.83,2.34,9.0,61.6,Dense Urban,Rain,-169.8,Poor
1777.85,14.17,30.39,6.62,3.64,24.62,1.44,9.0,34.7,Urban,Clear,-63.92,Excellent
719.44,20.12,19.62,12.41,2.23,27.57,1.55,3.0,15.7,Urban,Rain,-55.94,Excellent
871.97,2403.3,18.5,13.68,4.67,44.66,1.98,9.0,74.0,Urban,Clear,-143.21,Poor
5799.13,64.96,23.12,16.72,1.16,42.02,2.11,7.0,67.2,Urban,Rain,-97.7,Fair
2100.45,757.75,45.88,7.46,2.43,47.07,2.4,12.0,15.0,Dense Urban,Storm,-143.4,Poor
844.12,20.8,45.7,6.63,4.26,41.42,1.75,7.0,51.8,Urban,Clear,-42.38,Excellent
690.72,28.86,45.91,13.86,3.24,27.81,1.73,3.0,54.9,Suburban,Fog,-17.46,Excellent
1822.37,1040.21,46.09,17.66,1.02,32.88,1.29,1.0,46.3,Rural,Fog,-37.38,Excellent
5788.29,4396.21,47.33,6.65,0.35,32.07,2.08,13.0,37.5,Dense Urban,Rain,-187.26,Poor
1794.17,226.68,42.12,6.39,2.81,49.54,2.22,2.0,53.9,Suburban,Clear,-56.97,Excellent
5787.99,13.06,18.08,16.3,2.84,39.5,1.21,7.0,39.7,Indoor,Rain,-93.17,Fair
2109.4,42.9,31.02,6.24,1.07,31.34,2.03,3.0,54.0,Suburban,Clear,-54.51,Excellent
3518.85,37.5,44.28,8.65,3.95,35.83,1.59,9.0,27.5,Urban,Storm,-74.83,Good
3479.86,3344.04,30.54,17.87,1.18,48.33,2.17,13.0,65.4,Dense Urban,Clear,-181.16,Poor
685.28,135.29,21.29,14.81,4.86,17.64,1.29,3.0,87.1,Indoor,Clear,-106.5,Poor
676.25,3611.94,19.8,6.0,3.56,47.71,,9.0,55.8,Dense Urban,Rain,-177.58,Poor
5779.61,2089.26,30.43,17.24,3.03,24.11,2.33,6.0,69.4,Dense Urban,Rain,-164.35,Poor
5794.41,164.71,28.4,15.5,3.28,23.94,2.48,4.0,50.3,Suburban,Clear,-75.02,Good
866.55,11.67,41.85,17.58,0.03,18.99,2.14,2.0,86.1,Rural,Fog,3.65,Excellent
2602.5,4226.34,42.78,8.45,1.8,24.17,1.31,1.0,41.6,Suburban,Rain,-104.02,Poor
5773.2,10.65,21.77,12.68,4.33,30.24,1.91,1.0,23.2,Suburban,Rain,-41.36,Excellent
5807.51,2044.88,37.34,8.11,4.61,16.83,1.89,9.0,26.2,Dense Urban,Clear,-169.47,Poor
917.72,130.41,45.14,9.07,0.96,16.75,1.84,5.0,37.3,Indoor,Clear,-103.88,Poor
4993.61,65.05,29.7,12.74,4.49,21.52,1.81,1.0,58.3,Rural,Clear,-39.37,Excellent
2584.7,126.47,45.0,8.63,1.87,10.31,1.23,9.0,48.9,Dense Urban,Rain,-109.59,Poor
5815.84,91.89,19.38,8.7,3.48,35.85,2.09,6.0,95.0,Dense Urban,Storm,-129.61,Poor
821.43,724.29,24.08,10.67,4.38,18.05,1.98,2.0,60.0,Rural,Clear,-55.3,Excellent
2618.94,351.37,43.12,3.72,1.11,44.92,1.91,13.0,57.1,Dense Urban,Clear,-139.23,Poor
718.26,49.36,44.97,17.77,0.68,25.14,2.13,3.0,57.8,Indoor,Clear,-66.85,Excellent
1823.28,265.28,26.28,15.23,2.36,28.19,1.92,1.0,81.1,Suburban,Fog,-68.28,Excellent
675.37,123.86,46.24,9.72,3.11,47.12,1.75,1.0,21.2,Suburban,Fog,-32.41,Excellent
2076.47,3053.49,28.75,14.09,2.84,11.01,1.63,4.0,67.6,Suburban,Clear,-112.19,Poor
5022.37,2561.54,44.74,17.96,3.4,38.3,1.71,8.0,36.4,Dense Urban,Rain,-151.72,Poor
2598.52,463.66,23.42,10.26,4.59,30.23,1.87,7.0,61.5,Urban,Rain,-124.59,Poor
1793.54,4031.8,29.21,13.58,0.57,35.46,1.69,7.0,48.2,Urban,Clear,-146.64,Poor
2104.4,102.91,21.54,3.36,4.82,48.8,1.77,4.0,56.9,Suburban,Clear,-75.41,Good
1773.51,17.28,29.39,17.3,0.8,15.18,2.03,11.0,65.0,Dense Urban,Clear,-79.85,Good
3508.62,13.45,37.29,4.65,4.66,37.01,1.92,0.0,72.9,Rural,Rain,-19.9,Excellent
926.7,1776.0,44.34,14.82,3.79,38.18,1.77,7.0,65.0,Indoor,Clear,-142.82,Poor
710.54,108.4,37.43,9.8,4.06,28.13,2.33,3.0,57.9,Suburban,Rain,-47.58,Excellent
2397.87,2098.23,20.68,12.31,4.37,17.18,1.65,9.0,64.9,Urban,Clear,-150.87,Poor
5027.65,173.03,36.5,11.54,0.56,16.88,1.55,7.0,54.1,Urban,Fog,-103.32,Poor
2111.31,10.72,31.28,8.65,3.32,26.81,1.64,13.0,66.1,Dense Urban,Rain,-85.77,Fair
873.42,267.18,19.69,17.23,1.73,37.01,2.01,2.0,78.5,Rural,Rain,-47.64,Excellent
710.2,402.4,25.76,6.96,1.9,32.0,1.21,0.0,91.3,Rural,Clear,-48.48,Excellent
5773.58,,45.02,5.7,2.63,14.12,1.67,7.0,78.6,Urban,Rain,-103.39,Poor
3488.43,1827.38,30.59,16.31,2.99,12.13,1.26,4.0,83.9,Urban,Rain,-132.63,Poor
856.94,547.22,46.28,6.71,3.51,24.83,2.22,0.0,37.9,Rural,Clear,-30.61,Excellent
682.94,96.48,24.56,3.73,3.05,14.48,1.68,4.0,73.6,Suburban,Clear,-68.44,Excellent
822.29,872.1,47.12,4.51,1.13,15.6,1.41,5.0,59.7,Suburban,Storm,-86.65,Fair
1807.08,72.88,43.45,7.71,1.81,37.18,1.85,9.0,38.7,Dense Urban,Fog,-92.56,Fair
4987.15,1833.22,20.08,16.05,4.31,29.02,1.67,4.0,42.4,Suburban,Clear,-115.68,Poor
851.98,57.02,42.74,12.62,3.57,35.92,2.4,2.0,77.0,Indoor,Clear,-65.26,Excellent
4985.67,629.74,45.16,4.03,2.3,23.89,2.07,5.0,74.6,Suburban,Clear,-87.06,Fair
711.19,131.92,43.7,10.56,1.19,13.77,1.82,1.0,32.8,Rural,Storm,-22.85,Excellent
3523.74,,43.96,11.96,4.16,12.58,2.46,1.0,52.6,Rural,Storm,-19.38,Excellent
875.19,500.67,40.69,14.93,1.25,10.67,2.15,10.0,29.0,Dense Urban,Clear,-124.53,Poor
5817.18,108.11,37.98,11.02,4.52,44.52,1.45,9.0,47.4,,Clear,-96.07,Fair
2079.37,515.06,19.54,7.5,2.2,48.58,1.8,10.0,41.3,Dense Urban,Clear,-152.53,Poor
889.76,286.54,18.57,17.93,3.31,16.0,1.85,2.0,54.4,Suburban,Fog,-73.33,Good
891.44,12.95,25.11,6.15,1.11,47.85,2.39,5.0,70.7,Suburban,Clear,-40.7,Excellent
4982.38,35.75,20.83,17.43,0.77,20.54,1.92,1.0,39.1,Rural,Storm,-48.64,Excellent
2074.51,776.99,45.0,5.35,1.19,35.8,2.09,3.0,34.8,Suburban,Clear,-79.94,Good
1816.11,182.89,45.14,10.29,2.79,25.19,1.41,0.0,55.2,Rural,Clear,-25.08,Excellent
3517.62,181.55,23.22,3.77,3.44,34.75,1.73,,54.8,Urban,Storm,-116.24,Poor
,10.15,29.08,16.29,2.41,43.72,1.44,0.0,30.2,Rural,Storm,-12.21,Excellent
2626.08,65.65,45.19,9.83,3.94,44.43,1.78,4.0,66.0,Indoor,Fog,-84.8,Good
2096.08,641.02,40.94,16.14,0.76,44.76,2.33,9.0,37.0,Urban,Clear,-105.57,Poor
678.0,2477.16,50.0,15.2,4.69,20.59,2.31,9.0,82.2,Dense Urban,Storm,-138.1,Poor
670.64,354.18,41.41,5.04,3.0,41.07,1.4,9.0,70.0,Urban,Clear,-97.67,Fair
701.89,287.86,47.43,2.94,1.66,23.97,1.74,4.0,80.0,Urban,,-83.03,Good
2421.63,185.94,44.64,16.67,2.74,17.21,2.44,5.0,50.5,Dense Urban,Clear,-95.43,Fair
2386.07,677.95,45.83,10.99,2.21,22.34,1.37,0.0,85.7,Rural,Fog,-40.51,Excellent
3481.94,1426.04,,15.64,4.04,23.92,1.41,2.0,65.3,Rural,Rain,-68.38,Excellent
4996.34,39.41,22.43,13.04,1.43,32.54,1.32,6.0,73.9,Indoor,Clear,-108.99,Poor
873.61,845.28,46.52,14.31,3.12,34.69,1.88,1.0,76.3,Rural,Clear,-28.44,Excellent
5797.1,45.52,18.89,9.73,3.65,25.95,2.5,4.0,71.0,Indoor,Fog,-116.32,Poor
5813.36,12.18,24.06,13.73,4.86,43.09,2.35,0.0,31.9,Rural,Clear,-24.06,Excellent
2597.75,15.91,20.27,16.7,0.45,12.13,1.49,4.0,48.8,Urban,Storm,-71.07,Good
2392.38,13.35,44.52,13.35,3.11,44.69,2.25,11.0,59.5,Dense Urban,Storm,-64.38,Excellent
846.45,57.04,46.64,16.91,1.81,39.2,1.24,11.0,39.7,Dense Urban,Clear,-73.37,Good
866.1,22.04,,5.86,1.96,24.56,1.98,9.0,64.2,Dense Urban,Fog,-79.14,Good
715.26,16.98,18.92,14.85,2.13,34.63,2.33,5.0,39.2,Suburban,Clear,-42.13,Excellent
2595.91,25.02,22.36,10.48,1.68,27.23,1.66,2.0,67.6,Indoor,Clear,-87.62,Fair
2086.06,12.68,37.77,2.97,2.65,14.33,1.7,8.0,78.0,Urban,Clear,-60.23,Excellent
828.35,84.57,31.64,12.33,1.22,48.55,2.05,3.0,97.2,Suburban,Rain,-50.32,Excellent
820.08,1662.48,42.79,12.04,4.25,24.13,2.34,3.0,51.7,Indoor,Clear,-139.69,Poor
676.8,312.34,44.4,17.85,4.18,43.68,1.91,8.0,60.7,Dense Urban,Clear,-91.38,Fair
2579.88,14.97,31.75,12.4,0.47,41.15,2.42,4.0,50.0,Urban,Clear,-48.41,Excellent
2611.4,102.78,38.95,4.09,0.38,40.38,1.96,4.0,71.1,Suburban,Rain,-65.59,Excellent
2619.07,144.58,20.63,17.86,2.09,11.42,1.65,5.0,54.9,Dense Urban,Clear,-114.89,Poor
864.22,29.2,18.65,7.04,3.34,43.35,2.3,7.0,48.3,Dense Urban,Clear,-88.71,Fair
713.39,101.57,31.34,13.16,3.01,29.12,2.26,9.0,95.7,Urban,Rain,-80.99,Good
879.66,81.08,19.71,11.57,1.04,44.97,2.04,4.0,72.9,Suburban,Clear,-62.42,Excellent
3527.76,215.17,20.76,7.69,2.75,25.65,1.38,10.0,28.9,Dense Urban,Clear,-142.27,Poor
3486.13,762.03,42.06,8.51,0.1,35.95,1.2,5.0,46.4,Dense Urban,Clear,-131.8,Poor
878.71,196.05,19.1,12.45,0.83,22.02,1.27,2.0,60.4,Rural,Clear,-50.09,Excellent
679.2,15.83,21.95,15.95,1.4,38.91,1.53,2.0,62.1,Rural,Clear,-15.9,Excellent
1823.74,14.09,41.01,17.15,3.65,49.67,1.51,11.0,21.4,Dense Urban,Storm,-62.84,Excellent
4976.14,2492.16,22.12,17.86,3.76,22.83,2.0,3.0,51.1,Indoor,Clear,-175.28,Poor
840.41,750.15,21.45,3.87,0.61,23.29,1.76,1.0,86.9,Suburban,Fog,-95.55,Fair
3501.82,593.89,43.85,5.01,0.84,39.81,1.23,8.0,73.1,Urban,Storm,-125.5,Poor
2106.81,2915.43,18.4,5.29,0.98,29.29,2.33,2.0,71.3,Rural,Clear,-91.3,Fair
855.74,289.41,22.0,17.57,2.85,21.19,1.97,8.0,13.3,Dense Urban,Fog,-127.02,Poor
5817.18,15.81,37.0,3.56,0.43,48.8,1.71,5.0,17.3,Dense Urban,Fog,-75.45,Good
2404.3,847.43,22.72,13.15,3.94,12.66,1.7,1.0,52.3,Rural,Clear,-64.94,Excellent
2621.06,27.41,35.96,17.32,3.38,44.97,1.34,13.0,37.6,Dense Urban,Fog,-82.26,Good
675.08,628.11,27.93,11.2,3.56,12.07,1.86,5.0,45.5,Suburban,Clear,-87.93,Fair
1821.54,120.64,21.03,2.13,1.47,35.79,2.49,3.0,,Urban,Clear,-101.55,Poor
2605.4,11.92,35.71,3.05,2.75,24.16,1.88,5.0,57.6,Indoor,Storm,-79.85,Good
2583.38,14.12,19.01,13.36,1.53,37.17,1.22,3.0,45.4,Indoor,Clear,-76.71,Good
728.66,114.74,40.46,8.37,2.16,36.49,2.01,4.0,85.4,Suburban,Fog,-50.2,Excellent
2626.38,402.4,31.45,10.09,0.45,21.53,1.21,5.0,10.0,Dense Urban,Clear,-126.49,Poor
5820.74,28.92,19.53,2.72,0.98,24.05,2.39,4.0,64.5,Suburban,Clear,-77.44,Good
3524.7,19.41,45.78,16.37,0.41,39.8,1.87,0.0,50.6,Rural,Clear,-1.5,Excellent
892.93,103.62,29.08,16.49,3.1,10.46,2.1,4.0,61.8,Suburban,Rain,-58.36,Excellent
5783.67,1480.67,19.38,11.63,4.02,24.92,2.34,7.0,62.6,Urban,Clear,-148.82,Poor
2580.97,1306.19,29.29,9.62,4.9,17.8,2.22,3.0,39.2,Urban,Rain,-127.27,Poor
722.43,702.22,44.54,8.3,3.43,29.88,1.91,2.0,52.6,Rural,Clear,-35.56,Excellent
869.6,140.61,29.9,5.17,4.29,18.45,1.72,6.0,66.0,Urban,Clear,-88.47,Fair
5828.86,155.87,32.26,17.04,1.73,37.8,2.4,0.0,42.0,Rural,Fog,-40.36,Excellent
920.9,40.72,20.65,9.83,4.01,41.61,1.23,5.0,67.3,Suburban,Clear,-54.43,Excellent
707.94,23.45,21.36,3.73,1.13,21.95,1.73,7.0,73.7,Urban,Rain,-73.08,Good
2078.54,11.03,20.28,14.68,2.77,32.42,1.85,4.0,26.5,Suburban,Rain,-44.31,Excellent
2379.89,2096.62,20.45,17.55,1.89,29.31,2.33,1.0,36.2,Rural,Clear,-71.88,Good
2398.42,218.37,34.5,6.52,3.44,19.44,1.42,4.0,10.0,Urban,Clear,-97.37,Fair
2616.07,10.19,29.36,12.99,2.93,39.9,2.11,9.0,81.4,Urban,Clear,-56.4,Excellent
5780.4,268.05,17.69,17.95,3.89,21.59,2.07,1.0,40.1,Rural,Rain,-62.21,Excellent
3524.93,49.8,38.86,3.84,1.16,33.76,2.45,2.0,92.3,Rural,Fog,-35.89,Excellent
711.03,142.38,45.7,15.0,4.47,44.44,2.33,2.0,48.6,Suburban,Clear,-29.76,Excellent
688.74,652.86,46.92,9.97,1.57,36.26,1.83,7.0,96.0,Indoor,Clear,-131.33,Poor
723.15,1532.76,45.26,12.71,0.34,25.49,1.32,2.0,51.6,Suburban,Clear,-69.43,Excellent
1805.92,777.28,31.24,4.89,1.98,31.29,2.29,6.0,30.8,Indoor,Fog,-159.91,Poor
1813.99,2624.72,27.05,5.49,0.17,45.46,1.52,8.0,55.7,Dense Urban,Clear,-174.81,Poor
5793.13,43.01,19.93,10.9,3.28,35.37,2.18,6.0,45.3,Indoor,Clear,-117.85,Poor
1793.61,609.62,43.75,6.01,0.94,31.96,1.93,3.0,49.1,Indoor,Fog,-133.31,Poor
670.76,2521.32,30.88,11.55,3.7,26.37,1.26,11.0,76.1,Dense Urban,Fog,-160.59,Poor
5002.27,68.02,36.52,3.4,4.54,40.2,1.2,1.0,70.0,Rural,Clear,-38.82,Excellent
915.65,1437.79,20.43,14.51,2.95,16.89,1.37,2.0,60.2,Suburban,Fog,-96.74,Fair
5828.13,3448.37,24.52,6.38,3.32,38.62,1.55,5.0,48.4,,Clear,-158.63,Poor
3523.53,546.77,42.41,13.79,2.14,32.39,1.56,3.0,48.4,Suburban,Clear,-72.29,Good
4975.22,27.76,29.54,4.61,0.44,13.6,1.49,3.0,67.2,Urban,Storm,-88.43,Fair
5028.83,50.59,40.33,14.79,2.15,43.45,2.33,0.0,89.4,Rural,Clear,-20.2,Excellent
828.97,684.3,46.14,2.22,2.05,33.05,1.89,4.0,77.0,Urban,Fog,-98.53,Fair
2572.47,2176.61,22.22,4.73,1.93,34.49,1.35,10.0,26.9,Dense Urban,Clear,-184.69,Poor
2114.94,11.59,19.13,7.41,3.12,33.12,1.34,13.0,73.8,Dense Urban,Clear,-91.7,Fair
2624.35,75.99,43.97,14.48,2.56,46.57,1.97,5.0,44.7,Suburban,Clear,-44.8,Excellent
3526.99,42.7,35.77,2.51,4.55,31.86,2.08,12.0,52.4,Dense Urban,Rain,-110.02,Poor
2419.5,137.76,30.77,13.84,3.79,40.61,2.13,4.0,74.6,Urban,Clear,-81.33,Good
1782.29,1186.04,38.65,5.77,3.56,31.49,2.05,3.0,56.9,Suburban,Clear,-89.13,Fair
5779.24,227.54,45.87,17.95,4.52,42.0,2.02,0.0,73.2,Rural,Clear,-24.82,Excellent
2573.54,250.53,24.48,6.59,2.4,41.43,2.22,2.0,50.2,Rural,Fog,-58.79,Excellent
5004.92,440.29,42.9,4.33,4.6,49.67,1.3,0.0,22.0,Rural,Clear,-45.43,Excellent
899.23,246.48,35.97,12.93,2.07,33.83,2.05,7.0,43.0,Dense Urban,Fog,-103.13,Poor
4976.56,720.44,40.5,6.43,1.44,24.41,1.44,0.0,19.0,Rural,Rain,-60.44,Excellent
1797.89,19.45,46.41,10.64,3.96,46.22,1.45,5.0,63.4,Urban,Clear,-37.72,Excellent
2104.04,11.52,20.44,14.35,4.0,36.09,2.21,2.0,46.1,Rural,Clear,-20.23,Excellent
5013.38,1704.05,21.47,14.8,2.05,34.54,2.5,9.0,48.5,Dense Urban,Rain,-177.29,Poor
1794.85,196.14,21.33,5.53,3.17,39.72,1.62,0.0,49.5,Rural,Rain,-55.31,Excellent
889.1,63.91,26.1,5.36,4.33,30.19,1.87,4.0,72.7,Urban,Clear,-73.25,Good
5809.94,168.33,29.13,6.34,0.14,38.49,2.11,6.0,64.4,Urban,Clear,-111.57,Poor
5811.05,568.3,23.53,8.32,3.82,49.34,2.43,2.0,10.0,Rural,Clear,-70.64,Good
1786.23,21.3,41.97,13.95,1.74,38.66,2.04,4.0,10.0,Suburban,Rain,-26.94,Excellent
1771.19,258.95,44.4,10.67,4.65,40.46,2.12,4.0,75.6,Indoor,Fog,-109.31,Poor
926.74,19.9,28.61,16.08,0.69,38.01,1.57,2.0,60.5,Rural,Clear,-13.56,Excellent
715.32,2089.06,38.37,13.18,3.22,35.53,1.68,5.0,50.9,Dense Urban,Clear,-129.96,Poor
2382.07,329.5,21.9,11.81,3.8,35.55,2.37,12.0,55.6,Dense Urban,Clear,-142.93,Poor
903.94,1543.43,38.15,10.33,0.72,49.45,1.25,2.0,57.7,Suburban,Fog,-82.39,Good
5005.7,883.02,24.81,8.6,4.38,36.36,1.92,2.0,55.8,Indoor,Clear,-161.56,Poor
827.56,1586.17,40.67,7.53,2.02,11.87,1.38,1.0,69.4,Rural,Clear,-53.06,Excellent
2581.5,83.66,20.98,4.8,0.15,18.49,1.26,4.0,33.6,Urban,Clear,-102.0,Poor
2427.4,23.79,46.35,6.32,3.28,21.02,1.38,1.0,48.4,Rural,Clear,-14.78,Excellent
2600.48,2549.26,46.19,16.42,0.02,37.18,1.81,8.0,53.5,Urban,Storm,-129.35,Poor
831.49,2441.27,22.56,15.27,4.69,16.51,2.0,8.0,58.4,Urban,Storm,-142.4,Poor
2117.85,2420.62,,2.07,2.56,45.73,1.41,2.0,51.2,Rural,Clear,-72.26,Good
2598.23,4677.51,41.72,5.58,4.39,16.75,1.87,8.0,51.5,Dense Urban,Storm,-175.96,Poor
1808.3,406.48,46.5,14.92,3.34,43.52,2.46,0.0,65.3,Rural,Clear,-24.26,Excellent
4987.85,241.66,28.55,11.37,4.69,46.66,1.9,2.0,75.6,Rural,Fog,-57.17,Excellent
2373.47,1418.97,37.55,3.14,2.71,49.68,1.28,7.0,59.7,Dense Urban,Fog,-154.16,Poor
1779.9,19.83,19.14,14.92,1.63,10.64,1.52,0.0,29.7,Rural,Clear,-29.63,Excellent
728.38,1298.44,22.37,14.05,0.4,29.25,1.25,3.0,46.1,Indoor,Rain,-159.34,Poor
857.42,1556.59,24.82,6.51,1.27,41.63,1.96,5.0,22.2,Indoor,Rain,-168.52,Poor
2119.87,361.26,24.43,13.9,4.53,46.84,2.34,2.0,66.9,Rural,Storm,-54.67,Excellent
2071.29,111.43,28.5,16.19,4.92,30.61,2.21,5.0,50.2,Urban,Clear,-82.07,Good
5015.93,590.39,41.69,12.36,0.18,19.64,1.26,7.0,75.0,Urban,Clear,-115.83,Poor
3499.1,2948.53,47.17,13.9,1.28,23.94,2.21,2.0,61.3,Rural,Clear,-58.54,Excellent
859.92,26.69,34.85,2.78,1.02,26.17,1.86,5.0,64.1,Indoor,Clear,-85.18,Fair
2391.49,69.13,32.18,11.04,2.58,41.71,2.31,5.0,29.1,Suburban,Storm,-61.4,Excellent
2107.25,648.85,43.2,14.06,2.29,47.36,1.72,1.0,36.0,Rural,Clear,-37.11,Excellent
822.14,1773.49,36.13,9.4,4.91,28.37,1.73,6.0,49.7,Indoor,Clear,-159.57,Poor
2572.74,575.33,30.02,8.47,1.77,48.34,2.48,2.0,45.1,Suburban,Clear,-84.35,Good
2417.93,393.25,22.04,11.01,2.96,37.69,1.65,4.0,48.9,Suburban,Fog,-90.76,Fair
677.47,17.04,33.8,12.8,3.98,28.49,1.46,3.0,34.8,Urban,Storm,-39.91,Excellent
2070.84,148.11,21.54,15.07,0.08,14.29,2.47,1.0,65.9,Suburban,Clear,-72.06,Good
3524.75,2526.71,38.79,15.06,3.95,30.22,2.38,7.0,51.2,Indoor,Storm,-179.44,Poor
1785.93,94.64,45.52,13.25,3.46,25.68,1.34,7.0,74.9,Urban,Clear,-72.21,Good
1804.94,106.74,42.89,17.74,,15.15,1.48,9.0,26.1,Urban,Fog,-74.25,Good
870.34,92.26,46.2,10.61,4.82,45.34,2.31,6.0,84.1,Urban,Fog,-58.5,Excellent
914.75,95.29,31.1,9.09,2.83,14.79,1.49,4.0,52.4,Indoor,Clear,-105.81,Poor
5772.8,123.72,28.91,7.29,3.67,47.45,1.61,5.0,38.0,Dense Urban,Clear,-115.84,Poor
2603.66,1222.61,36.98,3.99,4.93,10.99,1.65,0.0,49.7,Rural,Clear,-61.33,Excellent
852.51,169.12,22.85,5.56,4.22,17.58,1.64,6.0,37.9,Dense Urban,Clear,-116.37,Poor
2091.0,435.02,47.02,6.9,2.91,38.54,1.5,3.0,49.5,Urban,Rain,-89.67,Fair
865.21,156.34,24.01,10.1,0.73,48.17,1.43,4.0,75.9,Indoor,Storm,-120.29,Poor
2127.84,2282.72,44.9,17.96,1.86,12.41,1.67,3.0,48.5,Indoor,Clear,-153.13,Poor
,30.37,46.12,14.41,4.38,20.07,1.86,4.0,57.2,Indoor,Clear,-57.31,Excellent
2578.71,21.46,44.86,16.2,0.42,33.88,1.23,9.0,47.1,Urban,Clear,-52.51,Excellent
2414.08,126.02,19.27,4.9,4.43,47.71,1.25,13.0,50.3,Dense Urban,Clear,-136.99,Poor
2597.26,4261.61,44.39,2.39,3.15,27.04,1.92,3.0,46.9,Suburban,Clear,-106.43,Poor
2117.71,773.98,20.7,2.04,4.05,33.23,1.43,6.0,29.8,Dense Urban,Clear,-156.86,Poor
878.46,460.57,24.77,10.04,2.01,24.21,1.41,1.0,91.0,Rural,Rain,-52.65,Excellent
872.39,113.11,43.53,3.88,1.53,15.04,1.29,3.0,61.6,Urban,Clear,-72.72,Good
911.88,62.6,30.14,5.03,4.85,10.88,2.23,7.0,90.6,Indoor,Rain,-112.41,Poor
2129.68,3817.47,44.69,4.84,2.95,36.9,1.57,6.0,67.7,Indoor,Clear,-176.9,Poor
2075.69,141.99,29.89,13.42,3.43,45.1,1.86,2.0,19.4,Indoor,Clear,-105.2,Poor
2621.86,830.23,,17.25,4.64,16.57,1.88,2.0,62.3,Rural,Clear,-66.67,Excellent
693.12,1539.39,22.96,3.94,2.37,33.28,1.53,8.0,54.5,Urban,Rain,-141.54,Poor
871.01,595.16,43.5,3.71,0.41,39.65,2.26,8.0,50.0,Urban,Storm,-112.55,Poor
5000.6,42.44,36.19,7.27,1.24,21.95,2.46,2.0,48.6,Rural,Clear,-39.16,Excellent
5786.73,59.88,21.86,12.2,3.12,25.34,1.77,4.0,81.2,Suburban,Clear,-73.54,Good
5811.6,11.54,22.26,7.91,3.81,46.97,2.49,2.0,32.6,Rural,Clear,-32.35,Excellent
1787.27,4133.55,44.22,6.46,2.53,23.44,1.47,7.0,49.6,Urban,Clear,-138.36,Poor
848.9,1789.38,23.3,3.84,3.21,20.75,2.19,9.0,64.5,Urban,Clear,-147.96,Poor
832.03,123.14,17.59,9.33,3.41,13.53,1.88,9.0,42.0,Dense Urban,Rain,-122.08,Poor
869.69,2562.22,38.09,2.56,0.21,34.22,1.91,1.0,58.7,Rural,Clear,-63.76,Excellent
5825.53,25.99,46.81,12.05,2.38,28.72,2.38,3.0,76.7,Urban,Rain,-58.59,Excellent
4994.2,12.99,23.28,15.18,4.39,48.37,2.44,2.0,67.2,Suburban,Clear,-37.55,Excellent
4996.93,23.18,45.47,17.5,0.3,33.71,1.2,8.0,16.3,Urban,Clear,-55.23,Excellent
3528.96,2422.83,30.04,7.16,3.37,19.47,1.51,12.0,39.6,Dense Urban,Storm,-190.52,Poor
1778.53,27.11,46.65,15.2,2.76,12.32,1.58,6.0,37.3,Indoor,Rain,-73.26,Good
2118.52,15.27,37.7,10.11,3.6,45.98,1.81,1.0,67.8,Rural,Clear,-7.31,Excellent
5004.04,31.68,38.32,6.28,4.46,39.86,1.97,5.0,44.9,Suburban,Clear,-53.65,Excellent
5022.84,131.9,22.67,3.54,4.44,33.91,2.31,4.0,,Indoor,Fog,-132.73,Poor
2387.55,218.7,45.03,9.15,4.11,28.06,2.48,9.0,43.8,Urban,Clear,-91.32,Fair
4987.77,43.32,21.46,15.88,2.16,11.65,1.8,11.0,52.0,Dense Urban,Clear,-112.94,Poor
1789.55,1494.88,38.38,17.16,0.89,33.09,1.61,5.0,90.8,Suburban,Clear,-84.74,Good
2071.0,3895.75,24.91,9.39,3.59,15.01,2.19,1.0,98.0,Rural,Clear,-80.31,Good
4980.19,60.95,37.62,14.37,3.77,40.31,2.12,2.0,60.3,Suburban,Clear,-46.45,Excellent
1829.68,3258.2,43.53,,0.74,45.69,1.36,0.0,34.8,Rural,Clear,-61.44,Excellent
3484.94,1612.65,20.25,13.9,3.7,46.99,2.04,2.0,59.4,Rural,Rain,-76.84,Good
2071.2,2462.31,20.05,2.34,3.71,12.28,2.28,8.0,85.6,Urban,Storm,-169.64,Poor
886.71,14.49,44.84,8.69,2.71,27.27,1.29,7.0,60.2,Urban,Clear,-36.77,Excellent
894.5,1782.6,44.59,14.31,4.28,34.14,1.91,5.0,21.6,Suburban,Clear,-76.9,Good
2602.87,381.41,30.92,7.87,4.51,28.05,1.22,9.0,51.7,Urban,Rain,-123.02,Poor
2074.11,12.68,19.89,3.65,0.89,36.41,1.57,5.0,28.7,Urban,Rain,-71.89,Good
1817.43,1081.63,35.76,17.54,0.88,30.34,1.27,13.0,35.9,Dense Urban,Clear,-150.0,Poor
3519.53,44.91,22.45,6.78,0.46,14.33,2.46,4.0,52.5,Suburban,Clear,-75.49,Good
682.79,1416.72,36.49,2.68,4.6,16.14,1.98,8.0,38.2,Dense Urban,Clear,-146.51,Poor
717.91,489.24,30.25,8.53,0.82,35.65,2.49,13.0,64.6,Dense Urban,Clear,-139.31,Poor
5791.69,213.2,45.22,13.15,2.67,42.03,2.35,4.0,74.1,Indoor,Rain,-118.93,Poor
2595.39,11.56,38.17,8.14,0.46,10.64,1.72,0.0,29.5,Rural,Rain,-17.79,Excellent
2426.18,2518.87,35.62,16.41,2.96,23.67,1.87,6.0,74.3,Dense Urban,Clear,-153.29,Poor
723.51,25.02,,5.41,2.12,18.89,2.13,1.0,71.9,Rural,Fog,-33.76,Excellent
2392.51,1735.09,35.62,11.26,1.17,47.83,1.49,1.0,56.7,Suburban,Clear,-90.05,Fair
2099.29,720.0,42.82,3.71,3.4,23.22,1.28,4.0,61.5,Urban,Clear,-105.41,Poor
2387.19,15.41,38.21,3.89,2.35,27.98,2.3,2.0,67.1,Rural,Clear,-21.39,Excellent
700.93,290.68,38.45,5.12,2.45,39.26,2.0,3.0,75.8,Suburban,Clear,-62.7,Excellent
2410.91,3942.25,36.44,5.48,4.84,14.68,2.41,5.0,21.4,Suburban,Fog,-116.12,Poor
2375.56,3094.81,22.95,12.55,1.57,21.42,2.12,2.0,73.3,Suburban,Clear,-111.1,Poor
925.19,24.82,32.51,15.58,4.96,45.98,1.56,3.0,77.4,Urban,Rain,-37.65,Excellent
713.13,29.34,17.77,15.85,4.19,35.81,1.55,3.0,59.5,Urban,Clear,-53.78,Excellent
5775.81,25.98,43.96,12.05,0.8,29.7,1.64,2.0,72.0,Indoor,Clear,-72.61,Good
3522.14,1098.73,20.79,8.51,1.76,35.71,1.44,12.0,15.4,Dense Urban,,-178.89,Poor
2614.62,27.16,42.56,6.23,1.57,35.44,1.83,6.0,72.1,Dense Urban,Clear,-70.27,Good
3488.79,14.94,36.97,6.69,3.65,19.83,1.54,8.0,31.0,Dense Urban,Clear,-73.3,Good
2601.29,113.11,37.63,9.25,1.33,47.96,2.32,0.0,74.8,Rural,Clear,-29.27,Excellent
871.61,4070.1,36.56,12.06,1.4,23.58,2.21,4.0,94.6,Suburban,Clear,-97.91,Fair
2128.09,67.92,19.04,10.88,3.68,26.6,1.48,9.0,88.6,Urban,Clear,-98.31,Fair
4986.86,900.93,35.93,14.19,3.88,14.46,1.87,2.0,86.5,Suburban,Clear,-88.85,Fair
909.03,24.47,32.79,4.05,3.67,30.98,2.36,8.0,,Dense Urban,Clear,-75.57,Good
5821.61,474.74,42.34,3.81,2.48,34.19,1.36,7.0,77.6,Urban,Clear,-119.9,Poor
729.29,370.3,46.3,17.85,3.72,30.12,2.23,1.0,50.7,Rural,Rain,-17.88,Excellent
1774.24,2756.36,47.18,7.06,2.96,40.32,1.52,2.0,84.0,Rural,Clear,-56.54,Excellent
1800.22,858.95,45.68,17.54,4.29,23.47,1.64,7.0,64.9,Dense Urban,Clear,-120.11,Poor
2622.42,21.18,43.05,6.63,3.54,33.85,1.92,6.0,10.0,Indoor,Clear,-74.09,Good
820.19,123.75,23.75,3.03,3.07,18.64,2.26,2.0,71.9,Indoor,Clear,-115.49,Poor
896.23,10.03,21.73,10.12,3.09,47.66,1.45,8.0,24.4,Dense Urban,Rain,-66.83,Excellent
2605.05,44.71,43.7,5.16,1.46,39.76,2.4,9.0,92.7,Dense Urban,Clear,-86.38,Fair
901.59,4183.89,44.9,16.39,2.96,19.91,1.8,4.0,71.7,Suburban,Rain,-86.78,Fair
5013.97,169.84,25.59,8.92,4.88,13.64,1.62,6.0,52.4,Urban,Rain,-113.33,Poor
4973.93,2195.66,36.14,9.06,4.73,16.69,1.48,4.0,90.6,Urban,Rain,-140.85,Poor
1817.13,11.59,46.2,8.23,0.6,15.99,1.61,,59.7,Dense Urban,Clear,-54.3,Excellent
2386.99,2372.74,44.01,3.78,1.97,38.29,1.61,0.0,37.2,Rural,Clear,-59.74,Excellent
1819.45,2514.51,48.01,11.97,1.14,10.37,2.25,4.0,60.6,Urban,Clear,-120.54,Poor
1795.17,580.22,29.55,4.47,3.86,20.49,1.74,3.0,89.8,Suburban,Clear,-88.74,Fair
2572.58,20.59,36.32,12.24,2.8,26.08,1.62,5.0,64.6,Urban,Clear,-54.6,Excellent
927.83,2313.88,36.8,8.4,4.44,11.13,1.4,4.0,16.9,Indoor,Clear,-163.08,Poor
866.83,2683.53,49.77,15.65,0.64,20.07,2.01,3.0,61.2,Urban,Clear,-104.2,Poor
890.87,34.88,46.66,10.33,3.11,41.26,1.7,7.0,64.5,Urban,Rain,-48.14,Excellent
5786.2,3447.26,36.76,16.21,2.42,44.09,2.27,5.0,57.9,Suburban,Clear,-109.12,Poor
905.34,2387.29,41.68,2.4,2.93,28.62,1.39,6.0,10.0,Indoor,Clear,-171.33,Poor
1829.24,35.72,32.03,13.61,4.08,38.55,1.96,1.0,39.5,Rural,Clear,-18.52,Excellent
2587.41,115.59,35.96,10.94,4.22,43.77,1.28,0.0,65.3,Rural,Clear,-29.37,Excellent
876.9,81.04,41.72,4.7,0.0,13.26,1.36,7.0,86.4,Indoor,Clear,-107.18,Poor
889.82,221.16,44.86,3.69,4.27,42.39,2.47,7.0,36.7,Dense Urban,Fog,-100.5,Poor
862.25,2508.33,22.2,13.79,4.9,43.53,2.11,2.0,38.9,Rural,Rain,-63.28,Excellent
5792.9,2290.01,19.94,8.01,3.83,38.62,1.88,1.0,37.5,Suburban,Clear,-115.51,Poor
5775.1,29.79,20.72,3.22,0.98,26.36,1.34,11.0,66.8,Dense Urban,Clear,-122.5,Poor
3526.17,307.25,19.69,13.12,1.48,30.62,1.22,6.0,66.9,Indoor,Fog,-155.2,Poor
879.84,276.28,21.75,6.65,0.49,16.17,1.54,8.0,67.0,Dense Urban,Rain,-134.56,Poor
2626.68,164.29,46.54,6.8,4.95,40.03,1.83,5.0,46.3,Suburban,Clear,-57.22,Excellent
2576.2,849.14,36.42,3.31,2.07,38.75,1.3,6.0,42.5,Dense Urban,Fog,-143.4,Poor
4986.02,553.93,17.65,8.76,4.51,34.92,1.66,6.0,66.7,Dense Urban,Rain,-154.14,Poor
875.26,55.27,42.88,16.61,3.85,43.29,1.54,3.0,83.3,Suburban,Clear,-25.25,Excellent
3509.51,87.04,45.91,15.76,1.77,13.31,2.4,6.0,60.1,Indoor,Fog,-103.38,Poor
831.37,2498.5,44.12,7.3,1.3,31.07,2.01,3.0,63.6,Suburban,Clear,-85.85,Fair
2405.53,75.73,43.06,6.91,2.28,22.69,1.92,4.0,38.3,Suburban,Storm,-61.46,Excellent
4980.82,157.97,46.42,15.86,1.67,33.81,1.83,4.0,32.8,Indoor,Rain,-111.25,Poor
722.47,4224.92,42.58,13.83,,10.42,1.4,9.0,66.9,Urban,Clear,-134.49,Poor
822.99,2059.56,45.68,5.26,0.15,21.42,1.69,11.0,47.0,Dense Urban,Rain,-159.54,Poor
5001.79,769.98,44.12,16.37,3.12,13.47,1.99,3.0,55.2,Suburban,Clear,-79.07,Good
673.81,66.15,40.09,16.59,4.44,27.49,2.29,9.0,71.7,Urban,Fog,-61.39,Excellent
2611.7,497.71,23.09,7.45,1.12,46.92,2.44,2.0,65.1,Indoor,Clear,-150.72,Poor
2426.15,540.5,46.99,16.29,1.72,11.83,2.07,9.0,43.8,Urban,Rain,-106.53,Poor
1819.86,129.06,19.73,12.62,4.56,46.8,2.18,6.0,69.8,Indoor,Clear,-124.79,Poor
4992.3,12.52,20.88,16.01,3.48,37.95,1.87,4.0,74.8,Indoor,Rain,-83.0,Good
4984.21,97.55,42.01,8.17,0.07,45.31,1.46,7.0,83.8,Urban,Clear,-88.11,Fair
1777.26,235.2,42.32,8.37,2.05,41.7,2.09,7.0,49.8,Indoor,Clear,-122.97,Poor
722.42,3667.8,43.63,10.05,0.61,27.07,2.15,7.0,51.9,Dense Urban,Clear,-147.29,Poor
824.87,919.37,20.56,6.22,1.18,27.87,1.51,3.0,36.6,Suburban,Fog,-100.46,Poor
857.73,19.56,43.0,10.6,3.84,10.66,2.36,8.0,71.4,Urban,Clear,-45.56,Excellent
,65.09,19.04,10.15,0.44,30.1,1.86,5.0,73.3,Urban,Rain,-103.88,Poor
2429.75,255.86,38.48,5.01,1.66,30.13,2.09,4.0,57.7,Suburban,Fog,-76.03,Good
2600.53,165.02,22.22,16.33,0.79,40.35,1.88,8.0,87.2,Urban,Clear,-103.89,Poor
902.93,10.32,39.22,3.67,3.84,32.78,1.95,7.0,62.9,Dense Urban,Fog,-53.56,Excellent
5025.07,3340.46,19.6,16.12,1.94,21.38,2.16,7.0,40.1,Urban,Clear,-161.97,Poor
3528.18,2754.08,18.57,10.61,2.41,19.08,1.49,4.0,58.4,Indoor,Clear,-196.77,Poor
3505.02,3112.85,44.61,9.71,0.68,40.92,2.22,6.0,51.6,Urban,Fog,-133.4,Poor
2117.77,143.44,37.14,15.74,4.54,30.26,1.64,1.0,65.8,Suburban,Rain,-49.15,Excellent
2608.09,1775.23,28.39,9.25,4.34,14.02,1.93,7.0,98.0,Dense Urban,Clear,-162.84,Poor
2395.64,817.19,30.22,6.85,3.94,41.96,1.99,4.0,85.6,Suburban,Clear,-93.68,Fair
1773.44,240.54,45.4,4.53,4.16,25.83,2.41,3.0,78.5,Urban,Storm,-88.43,Fair
2413.06,16.15,42.36,13.01,4.98,21.13,1.43,5.0,28.3,Dense Urban,Clear,-54.9,Excellent
1812.02,28.38,29.94,15.33,2.7,14.55,1.75,3.0,83.4,Indoor,Clear,-79.91,Good
5777.0,43.95,21.51,10.16,4.34,17.75,1.34,2.0,70.5,Rural,Rain,-54.39,Excellent
3483.8,2618.4,42.19,6.52,4.38,12.09,1.76,2.0,83.9,Indoor,Clear,-166.06,Poor
3513.93,624.9,23.28,17.05,2.4,38.84,2.15,8.0,21.4,Urban,Clear,-125.4,Poor
3478.98,4499.57,23.67,12.34,0.88,34.66,1.61,2.0,41.1,Suburban,Rain,-122.58,Poor
2111.46,337.9,35.19,10.72,2.84,48.53,2.02,0.0,69.2,Rural,Storm,-46.2,Excellent
5813.08,16.93,46.78,14.67,3.92,16.65,2.16,2.0,23.5,Suburban,Fog,-26.63,Excellent
891.2,194.75,24.22,7.35,3.36,22.27,1.91,3.0,85.9,Suburban,Rain,-74.93,Good
2385.49,20.03,21.45,13.78,3.59,35.57,2.29,3.0,67.8,Suburban,Clear,-45.88,Excellent
692.38,2708.65,28.34,7.61,0.94,32.22,1.28,1.0,,Rural,Clear,-64.81,Excellent
891.55,56.43,41.44,6.13,0.52,31.78,2.13,7.0,38.0,Urban,Clear,-65.7,Excellent
2406.42,34.07,36.92,5.72,1.54,13.72,2.32,6.0,42.1,Indoor,Rain,-99.58,Fair
2114.63,240.37,45.83,16.14,2.71,10.83,2.19,6.0,33.1,Indoor,Clear,-116.25,Poor
5821.71,1507.66,23.03,14.89,1.07,38.88,1.73,6.0,50.7,Urban,Rain,-143.37,Poor
2571.8,238.46,42.47,5.33,0.96,38.3,1.61,4.0,73.2,Indoor,Clear,-120.85,Poor
2113.59,12.68,43.28,3.12,4.93,11.14,1.43,0.0,48.3,Rural,Rain,-16.2,Excellent
2088.85,1012.08,39.17,4.47,3.78,43.24,1.73,12.0,73.4,Dense Urban,Clear,-153.22,Poor
2620.32,12.36,46.99,6.92,1.8,40.67,1.59,7.0,28.1,Urban,Clear,-43.88,Excellent
3474.54,427.76,25.21,11.76,0.61,18.69,2.04,0.0,19.0,Rural,Rain,-64.92,Excellent
903.07,462.47,22.17,12.65,0.75,32.65,1.46,1.0,78.6,Rural,Clear,-52.34,Excellent
2402.92,36.54,30.3,3.82,1.98,20.51,1.21,0.0,41.8,Rural,Rain,-37.57,Excellent
2389.59,160.43,32.52,9.27,1.05,43.36,2.2,2.0,51.9,Suburban,Clear,-64.38,Excellent
728.22,10.39,20.05,10.34,0.12,16.97,2.18,4.0,37.8,Urban,Rain,-51.08,Excellent
5776.42,58.3,23.46,6.15,4.04,43.21,1.52,9.0,60.4,Dense Urban,Storm,-127.31,Poor
2378.18,469.47,32.76,13.68,1.3,36.33,2.04,3.0,89.1,Urban,Clear,-99.8,Fair
908.66,58.47,46.05,11.52,4.3,17.42,2.24,7.0,39.6,Urban,Clear,-57.41,Excellent
2600.86,13.44,18.41,13.69,4.7,44.62,1.66,4.0,23.6,Suburban,Clear,-43.85,Excellent
2585.87,660.42,42.38,13.18,2.42,43.17,1.89,6.0,31.7,Urban,Clear,-99.01,Fair
5788.26,1008.56,44.34,16.35,1.26,35.42,1.56,4.0,56.0,Indoor,Clear,-150.16,Poor
679.42,2133.9,20.75,12.77,3.21,29.96,1.58,2.0,31.4,Indoor,Clear,-164.07,Poor
2122.07,2307.13,47.06,14.8,4.74,35.16,1.73,3.0,37.6,Suburban,Storm,-82.28,Good
854.17,218.55,39.07,10.15,3.76,36.8,1.94,8.0,13.1,Urban,Clear,-83.76,Good
2384.69,125.73,40.07,5.8,,14.11,2.17,1.0,60.7,Suburban,Rain,-63.72,Excellent
2393.61,381.27,45.68,3.45,4.12,26.04,1.62,4.0,70.1,Urban,Clear,-94.96,Fair
2124.4,1378.45,44.16,9.83,2.82,47.43,1.78,2.0,37.3,Suburban,Clear,-77.39,Good
5823.21,191.83,30.53,14.77,2.29,40.92,2.45,4.0,41.2,Suburban,Fog,-78.8,Good
2374.15,4852.05,35.14,11.33,0.91,13.08,2.4,2.0,58.9,Suburban,Fog,-111.44,Poor
2109.25,525.58,36.38,2.41,2.7,44.3,1.34,12.0,65.8,Dense Urban,Clear,-144.89,Poor
679.18,67.85,23.85,5.83,3.69,12.51,2.17,6.0,56.4,Urban,Clear,-85.25,Fair
882.65,1387.39,17.93,9.06,1.89,37.38,2.01,0.0,57.0,Rural,Clear,-65.58,Excellent
5021.85,25.52,41.94,8.44,4.76,23.48,2.01,5.0,47.6,Urban,Rain,-61.35,Excellent
2123.71,3354.76,23.56,13.16,0.85,20.85,2.02,5.0,67.9,Urban,Clear,-147.4,Poor
5774.96,82.91,23.88,4.81,0.11,29.22,1.77,1.0,64.2,Rural,Clear,-57.43,Excellent
2422.44,706.19,19.22,7.92,2.54,13.16,2.27,3.0,37.7,Indoor,Fog,-169.49,Poor
2413.71,487.18,31.47,10.58,0.85,48.67,2.05,0.0,47.6,Rural,Rain,-53.37,Excellent
2116.54,18.15,38.42,17.74,3.21,48.25,2.13,5.0,66.4,Urban,Clear,-37.0,Excellent
2417.51,886.4,43.31,16.8,2.17,16.81,2.28,0.0,66.1,Rural,Clear,-40.23,Excellent
700.43,69.44,32.46,8.11,2.06,48.38,1.76,13.0,34.6,Dense Urban,Rain,-103.53,Poor
726.81,106.86,31.75,7.34,2.27,48.29,1.35,1.0,54.0,Rural,Rain,-30.75,Excellent
2082.02,18.22,43.31,17.2,0.61,14.88,1.33,10.0,46.8,Dense Urban,Clear,-63.95,Excellent
2400.3,1536.01,22.79,15.79,1.37,10.54,2.04,3.0,17.3,Suburban,Clear,-106.86,Poor
2389.11,2098.21,21.18,13.36,2.24,28.76,1.85,7.0,86.0,Urban,Fog,-147.58,Poor
2119.35,23.03,20.8,11.95,3.82,23.51,2.25,13.0,47.7,Dense Urban,Clear,-98.48,Fair
874.96,1560.33,45.59,13.66,4.42,29.28,1.26,4.0,38.9,Indoor,Clear,-140.73,Poor
3496.02,2652.61,45.41,13.36,1.36,30.6,1.27,2.0,54.1,Rural,Clear,-57.92,Excellent
2616.41,18.31,19.84,15.39,0.79,40.15,2.2,8.0,45.8,Dense Urban,Fog,-80.9,Good
688.74,4920.71,22.0,13.58,1.83,35.27,2.49,5.0,81.8,Suburban,Clear,-113.18,Poor
2084.43,10.29,46.67,12.4,1.84,30.43,2.3,0.0,77.9,Rural,Rain,2.4,Excellent
3485.75,1877.71,36.92,16.99,2.27,30.08,1.74,13.0,54.4,Dense Urban,Rain,-167.6,Poor
3512.82,321.23,31.05,17.05,3.06,47.58,2.34,5.0,73.1,Suburban,Rain,-79.2,Good
887.21,3834.24,27.91,8.67,2.11,21.85,1.25,10.0,55.4,Dense Urban,Rain,-176.19,Poor
5794.16,81.76,29.62,17.98,1.27,17.61,2.15,3.0,21.3,Indoor,Clear,-108.39,Poor
2602.74,94.17,44.73,8.29,0.41,22.56,1.43,6.0,55.2,Urban,Clear,-79.81,Good
2126.45,1854.19,20.76,5.98,4.02,41.5,1.57,4.0,43.7,Suburban,Rain,-113.9,Poor
2617.66,828.17,45.64,5.32,3.69,21.92,1.65,0.0,40.3,Rural,Clear,-47.95,Excellent
4981.12,417.62,22.2,3.9,4.28,,1.43,1.0,66.5,Rural,Fog,-74.01,Good
922.99,548.5,23.55,7.84,0.95,25.17,1.85,8.0,96.5,Urban,Rain,-124.36,Poor
870.69,695.7,30.59,17.49,4.25,25.94,1.75,7.0,39.5,Urban,Clear,-104.48,Poor
2114.71,13.46,43.15,7.19,4.52,39.73,1.89,7.0,59.8,Urban,Rain,-45.82,Excellent
701.01,20.79,19.57,16.71,4.23,17.47,1.68,0.0,56.7,Rural,Clear,-13.93,Excellent
4974.19,30.85,20.09,3.72,0.19,34.69,1.32,3.0,93.9,Suburban,Storm,-81.38,Good
5812.69,30.0,29.75,4.34,1.73,32.81,2.25,1.0,46.2,Rural,Clear,-41.05,Excellent
2601.1,1883.56,19.95,4.61,4.84,42.25,2.25,7.0,89.2,Indoor,Clear,-188.12,Poor
5788.59,116.08,32.19,10.79,2.69,46.54,2.14,1.0,18.2,Suburban,Clear,-62.75,Excellent
670.6,209.38,28.2,17.87,3.85,15.72,2.06,0.0,42.2,Rural,Clear,-28.2,Excellent
2583.86,17.43,37.51,5.26,1.54,20.29,1.82,2.0,72.0,Rural,Clear,-25.67,Excellent
2106.34,2237.2,21.59,7.34,2.24,15.69,2.16,7.0,12.4,Urban,Clear,-152.51,Poor
876.74,10.66,39.93,15.65,1.92,49.94,2.33,1.0,49.4,Rural,Fog,8.18,Excellent
1809.33,16.78,46.13,10.5,3.98,34.34,2.18,2.0,27.2,Suburban,Clear,-17.44,Excellent
2419.18,1555.46,28.1,7.52,0.75,47.54,1.53,7.0,27.4,Urban,Rain,-143.04,Poor
2589.09,22.52,42.65,8.76,2.3,48.54,1.46,2.0,89.3,Rural,Clear,-16.88,Excellent
824.92,1384.36,20.81,13.76,4.44,46.17,1.94,6.0,75.0,Urban,Clear,-125.19,Poor
2578.38,88.26,45.05,7.8,4.32,20.66,1.71,10.0,58.3,Dense Urban,Storm,-104.28,Poor
5791.47,1243.55,37.92,12.6,4.07,30.26,1.65,7.0,80.3,Dense Urban,Clear,-146.69,Poor
718.81,13.67,22.04,14.81,0.53,19.34,2.42,4.0,64.7,Suburban,Fog,-37.3,Excellent
5008.06,83.38,47.62,2.91,2.9,27.22,2.16,0.0,74.3,Rural,Fog,-33.86,Excellent
2622.07,199.04,42.84,14.0,1.61,27.04,1.85,3.0,60.7,Indoor,Clear,-106.04,Poor
1829.67,488.38,30.86,17.11,4.86,46.56,1.65,10.0,47.0,Dense Urban,Storm,-133.86,Poor
3482.15,1806.89,38.21,3.29,2.89,37.8,1.54,3.0,40.6,Suburban,Clear,-102.23,Poor
2611.69,45.69,49.37,3.31,4.51,39.67,2.5,13.0,50.3,Dense Urban,Fog,-92.02,Fair
3497.99,600.23,19.09,11.85,0.9,39.6,,1.0,22.2,Rural,Clear,-68.8,Excellent
699.61,25.68,22.26,12.82,4.13,31.87,2.3,1.0,57.3,Rural,Fog,-19.34,Excellent
689.53,1400.02,41.36,9.4,2.07,23.81,1.37,8.0,85.3,Urban,Fog,-117.06,Poor
2590.55,3301.69,24.77,16.97,2.43,43.55,2.2,9.0,37.9,Urban,Clear,-149.22,Poor
1810.58,13.42,45.07,4.03,4.11,23.89,1.84,7.0,52.6,Urban,Clear,-47.82,Excellent
907.25,16.43,41.97,,1.0,30.84,1.79,12.0,12.1,Dense Urban,Storm,-75.57,Good
2089.11,1335.21,45.57,2.16,0.81,16.07,2.25,2.0,56.7,Suburban,Clear,-92.8,Fair
3477.11,2375.28,41.84,15.15,0.26,33.69,1.27,2.0,98.0,Suburban,Clear,-91.62,Fair
854.69,561.72,46.64,3.44,2.7,28.8,1.21,7.0,58.5,Urban,Clear,-99.9,Fair
5814.36,175.68,38.84,11.65,3.49,45.14,1.34,2.0,74.7,Indoor,Clear,-114.06,Poor
2103.52,1190.39,16.83,16.87,4.64,22.11,1.26,5.0,45.2,Suburban,Clear,-105.66,Poor
820.22,64.4,22.74,2.84,3.84,22.16,2.41,0.0,67.0,Rural,Fog,-36.78,Excellent
686.94,4750.23,44.37,3.88,3.09,14.97,1.35,13.0,42.5,Dense Urban,Storm,-180.98,Poor
5016.71,1944.06,24.36,15.94,2.54,29.28,2.22,2.0,59.2,Suburban,Clear,-105.7,Poor
864.55,2479.39,48.13,6.44,2.28,40.65,2.18,2.0,21.2,Suburban,Clear,-79.13,Good
2070.62,2029.1,45.74,8.76,2.19,35.89,1.2,0.0,77.4,Rural,Clear,-50.15,Excellent
2598.22,3294.82,41.95,11.28,4.03,13.55,1.56,4.0,64.9,Indoor,Rain,-175.5,Poor
2396.24,14.93,17.58,13.46,1.78,22.01,2.25,3.0,69.3,,Clear,-81.29,Good
909.14,2833.73,25.92,4.94,1.57,23.0,2.05,7.0,46.4,Dense Urban,Clear,-169.36,Poor
827.5,46.88,44.98,15.98,4.46,34.03,2.21,1.0,64.6,Suburban,Clear,-17.47,Excellent
3507.28,93.2,27.03,14.39,4.36,41.54,2.28,8.0,84.3,Urban,Fog,-95.23,Fair
2126.82,100.04,30.98,3.45,3.68,49.74,1.24,3.0,40.0,Suburban,Fog,-66.91,Excellent
692.3,42.4,18.33,3.73,3.27,20.2,2.07,1.0,70.2,Rural,Fog,-37.61,Excellent
840.24,152.51,29.24,13.32,1.82,17.74,1.24,8.0,54.8,Dense Urban,Rain,-111.31,Poor
2371.7,231.41,18.13,9.56,3.83,26.92,2.41,5.0,86.1,Dense Urban,Clear,-124.37,Poor
823.44,25.19,17.0,9.24,3.93,37.05,1.76,7.0,40.5,Indoor,Clear,-94.16,Fair
1825.89,93.4,45.93,5.48,2.53,38.73,1.62,6.0,44.4,Indoor,Fog,-105.65,Poor
878.53,87.02,45.84,13.4,1.94,43.2,1.43,12.0,74.6,Dense Urban,Clear,-91.41,Fair
3470.34,662.09,44.61,3.83,0.59,22.49,2.08,9.0,51.7,Urban,Clear,-127.17,Poor
2624.04,369.42,47.34,7.97,2.89,43.64,2.27,1.0,64.9,Rural,Fog,-36.47,Excellent
3480.44,856.56,47.57,13.56,2.6,36.8,1.34,2.0,70.2,Rural,Clear,-43.25,Excellent
703.68,1305.69,31.08,17.69,3.19,10.77,2.48,3.0,59.3,Suburban,Rain,-82.02,Good
1810.69,631.29,25.99,5.4,0.07,48.91,1.3,0.0,20.7,Rural,Clear,-61.43,Excellent
891.54,44.78,44.43,12.18,3.12,20.12,2.22,5.0,68.3,Suburban,Clear,-31.71,Excellent
2601.74,226.57,39.71,3.03,4.11,13.02,1.29,0.0,41.9,Rural,Rain,-47.38,Excellent
5007.65,181.67,28.28,,2.94,27.73,1.47,5.0,25.1,Indoor,Fog,-139.36,Poor
881.64,15.84,31.12,3.54,2.26,31.39,1.41,7.0,89.7,Dense Urban,Clear,-70.01,Good
3529.66,2595.25,25.27,15.29,4.98,28.71,1.42,2.0,78.3,Rural,Clear,-73.55,Good
2382.23,17.65,28.84,8.69,3.07,40.72,2.31,1.0,30.9,Rural,Storm,-28.74,Excellent
4970.62,4319.06,40.77,16.26,3.99,14.67,2.06,8.0,10.0,Dense Urban,Clear,-166.83,Poor
726.66,12.18,28.1,2.64,1.11,42.48,2.46,5.0,50.3,Suburban,Rain,-39.37,Excellent
5795.75,931.93,35.91,13.17,0.97,29.4,1.49,2.0,88.5,Indoor,Fog,-155.9,Poor
2093.92,59.72,46.84,10.23,4.62,13.09,1.45,6.0,35.3,Indoor,Clear,-91.62,Fair
886.54,2765.69,45.15,13.1,4.64,49.01,1.41,11.0,46.1,Dense Urban,Clear,-147.3,Poor
821.55,1675.09,43.0,17.47,0.64,45.76,2.28,3.0,33.1,Suburban,Rain,-73.31,Good
5785.87,11.68,19.09,17.56,4.82,22.72,1.63,9.0,61.6,Dense Urban,Clear,-81.7,Good
4993.6,11.46,45.81,15.29,3.65,30.2,1.98,4.0,52.9,Suburban,Clear,-21.41,Excellent
851.22,424.61,19.9,5.37,1.5,19.74,1.65,7.0,39.2,Urban,Clear,-121.37,Poor
2097.46,25.34,19.05,14.15,1.09,30.29,1.9,2.0,25.1,Rural,Rain,-37.75,Excellent
3522.74,10.92,31.23,17.32,3.26,19.95,2.1,6.0,59.8,Urban,Storm,-55.34,Excellent
2424.68,4092.24,32.07,7.54,0.49,24.81,1.35,4.0,72.2,Suburban,Clear,-118.11,Poor
839.03,510.6,18.28,7.59,3.55,20.93,2.37,7.0,43.5,Dense Urban,Clear,-140.8,Poor
1827.57,10.7,37.33,9.65,4.11,27.92,1.6,8.0,67.8,Urban,Clear,-47.9,Excellent
1821.9,210.81,43.86,13.12,2.54,12.71,1.41,9.0,53.6,Urban,Rain,-91.98,Fair
925.66,26.62,34.37,5.96,4.13,31.39,2.22,3.0,95.1,Urban,Rain,-52.97,Excellent
5812.38,1489.92,47.55,4.53,3.37,18.79,2.5,3.0,,Suburban,Storm,-104.33,Poor
881.9,11.95,49.01,6.58,2.89,16.76,1.63,2.0,63.7,Rural,Clear,2.46,Excellent
3481.71,100.25,42.51,12.33,2.13,23.98,1.74,1.0,56.6,Suburban,Clear,-48.05,Excellent
5824.52,43.9,25.75,2.67,3.26,39.11,1.44,9.0,57.2,Urban,Clear,-99.63,Fair
3500.42,4439.63,36.03,16.84,4.87,24.24,1.23,0.0,55.2,Rural,Clear,-60.15,Excellent
3523.43,16.25,19.65,10.92,0.59,40.16,1.37,3.0,52.9,Urban,Storm,-68.97,Excellent
863.23,876.92,45.5,3.7,0.84,49.15,2.44,6.0,19.4,Dense Urban,Clear,-124.3,Poor
832.75,195.07,44.63,13.57,3.32,47.76,2.35,3.0,89.8,Indoor,Storm,-95.97,Fair
3493.09,1598.39,21.38,6.59,4.92,18.84,2.24,1.0,31.4,Suburban,Clear,-109.32,Poor
3528.07,37.87,36.48,14.27,2.5,47.22,2.42,9.0,81.6,Urban,Clear,-71.96,Good
3471.17,2034.3,18.92,,1.98,44.54,2.02,1.0,32.6,Suburban,Clear,-104.52,Poor
2112.88,3672.93,36.24,10.06,4.8,11.13,1.71,5.0,46.4,Urban,Clear,-141.43,Poor
2428.73,37.6,26.75,,1.39,48.86,1.54,0.0,56.9,Rural,Rain,-35.91,Excellent
676.25,45.2,47.89,9.56,1.64,48.31,2.19,1.0,57.0,Rural,Rain,-4.01,Excellent
886.32,3989.42,23.34,11.14,2.11,39.68,2.1,4.0,24.6,Urban,Clear,-140.22,Poor
2402.82,148.49,42.78,7.76,2.6,34.14,1.84,3.0,72.0,Suburban,Clear,-59.18,Excellent
870.63,1795.96,35.96,14.31,0.27,49.6,2.01,4.0,43.6,Suburban,Clear,-85.29,Fair
850.39,1877.98,43.47,6.34,2.01,17.81,2.04,6.0,66.3,Urban,Clear,-117.23,Poor
673.58,69.02,47.33,15.46,2.91,40.99,1.77,1.0,93.4,Suburban,Clear,-17.47,Excellent
877.63,30.38,22.59,9.0,0.62,46.17,1.47,2.0,54.3,Rural,Fog,-30.37,Excellent
5792.56,97.56,21.45,11.38,2.31,29.99,1.48,5.0,59.3,Indoor,Clear,-131.19,Poor
2589.35,395.85,37.41,,1.54,21.92,1.37,0.0,32.3,Rural,Rain,-56.29,Excellent
5783.18,219.59,19.86,5.36,0.56,27.79,1.37,5.0,55.7,Suburban,Clear,-105.48,Poor
920.41,974.08,31.37,9.02,4.58,48.88,1.72,4.0,31.1,Suburban,Clear,-81.59,Good
2371.61,302.84,36.24,13.82,1.79,39.7,1.49,8.0,51.4,Urban,Clear,-104.83,Poor
5019.76,1493.0,35.12,17.54,2.46,31.88,1.26,1.0,61.7,Rural,Clear,-60.93,Excellent
1825.3,19.08,19.92,3.16,2.62,14.41,1.64,5.0,30.0,Suburban,Rain,-66.94,Excellent
2607.81,153.14,37.05,16.99,0.83,37.67,1.37,9.0,36.7,Dense Urban,Rain,-109.93,Poor
2607.52,11.05,42.67,6.93,2.83,20.58,2.12,6.0,67.7,Urban,Clear,-46.6,Excellent
4978.94,21.19,21.78,17.72,1.23,49.55,1.86,1.0,50.0,Rural,Clear,-30.04,Excellent
5804.1,78.47,30.75,2.71,3.03,30.68,1.25,7.0,50.0,Dense Urban,Rain,-120.58,Poor
2592.51,2711.17,29.83,10.14,0.59,34.57,1.41,5.0,82.0,Suburban,Fog,-116.7,Poor
2383.74,106.18,29.99,14.44,3.96,49.97,1.23,9.0,31.6,Dense Urban,Rain,-108.23,Poor
5005.0,54.71,30.12,7.61,4.32,40.11,1.53,1.0,27.9,Rural,Fog,-38.39,Excellent
2570.07,646.31,20.79,17.58,4.9,29.46,1.41,5.0,60.7,Suburban,Clear,-95.07,Fair
1786.58,791.86,37.08,16.8,4.48,32.04,1.33,4.0,97.6,Urban,Fog,-101.46,Poor
2609.36,199.11,19.77,7.3,3.32,46.19,1.46,4.0,66.2,Indoor,Clear,-135.78,Poor
2397.3,60.08,18.0,2.06,0.72,47.47,2.09,3.0,53.4,Indoor,Clear,-120.4,Poor
878.74,65.25,35.94,4.81,0.44,29.36,1.23,3.0,60.5,Suburban,Fog,-52.26,Excellent
2370.08,31.68,46.42,2.52,0.4,23.9,1.43,8.0,46.6,Urban,Clear,-69.57,Excellent
2586.23,95.2,43.28,12.88,4.2,41.26,1.9,1.0,79.0,Suburban,Storm,-48.67,Excellent
5802.94,28.45,27.77,4.26,3.82,16.37,1.6,2.0,38.1,Suburban,Fog,-65.15,Excellent
2402.07,543.54,29.16,9.68,1.11,25.9,1.81,5.0,48.2,Suburban,Clear,-93.9,Fair
827.86,2598.61,28.61,5.0,1.18,10.86,2.48,11.0,86.1,Dense Urban,Rain,-181.8,Poor
5806.82,48.55,22.05,15.87,0.48,43.54,1.55,7.0,57.3,Indoor,Fog,-111.95,Poor
2429.94,45.05,37.38,6.71,4.86,11.95,2.32,10.0,69.9,Dense Urban,Rain,-99.02,Fair
905.09,2655.14,20.65,13.17,1.26,31.85,1.21,1.0,36.0,Rural,Clear,-68.02,Excellent
3501.66,341.27,42.9,11.37,4.24,49.77,1.67,2.0,41.5,Suburban,Rain,-65.96,Excellent
1807.36,932.48,29.06,8.01,3.83,23.06,1.57,9.0,55.5,Urban,Clear,-132.29,Poor
1822.78,2510.42,29.33,14.16,4.01,42.13,2.05,3.0,58.3,Indoor,Rain,-169.32,Poor
5026.76,623.36,30.74,3.83,3.14,15.4,2.47,2.0,48.5,Rural,Rain,-76.31,Good
4972.46,1008.96,19.61,13.38,1.07,15.18,1.98,2.0,26.3,Rural,Fog,-82.45,Good
2382.3,110.75,23.75,4.87,1.1,19.05,1.87,0.0,61.7,Rural,Rain,-53.48,Excellent
1776.95,3404.77,23.21,3.31,4.67,42.09,2.13,5.0,57.2,Indoor,Clear,-192.94,Poor
5016.34,793.97,46.44,17.49,2.77,35.06,1.21,2.0,75.6,Suburban,Clear,-69.33,Excellent
822.73,15.61,20.52,4.75,3.35,43.26,2.19,4.0,21.0,Suburban,Storm,-48.77,Excellent
3524.16,404.08,19.21,6.24,2.65,21.43,1.33,1.0,32.7,Suburban,Storm,-103.89,Poor
2371.23,18.01,22.53,2.16,1.71,16.99,2.4,2.0,40.6,Rural,Clear,-42.43,Excellent
5006.15,256.56,31.36,12.83,3.52,31.89,2.37,6.0,10.8,Dense Urban,Clear,-122.33,Poor
2086.53,17.33,39.74,14.16,4.3,11.39,1.68,5.0,65.0,Urban,,-47.77,Excellent
4998.23,493.07,31.38,2.33,1.17,29.49,1.21,9.0,42.5,Urban,Rain,-141.6,Poor
696.51,170.5,32.82,10.27,0.81,48.35,1.54,13.0,43.4,Dense Urban,Clear,-112.44,Poor
3514.93,310.99,35.86,15.57,0.33,35.95,2.26,0.0,54.7,Rural,Fog,-40.77,Excellent
699.8,564.28,23.17,14.59,4.52,30.24,1.64,5.0,30.7,Suburban,Clear,-80.83,Good
2595.27,47.39,18.35,14.86,3.44,17.85,1.73,5.0,46.5,Suburban,Fog,-70.14,Good
863.82,72.84,41.28,3.09,3.55,28.38,2.06,3.0,71.9,Suburban,Storm,-48.5,Excellent
5825.55,200.03,45.37,6.53,0.27,32.01,1.57,2.0,20.5,Suburban,Storm,-74.46,Good
3517.64,337.64,20.52,10.34,1.99,30.07,2.02,8.0,37.4,Dense Urban,Fog,-144.73,Poor
864.2,3110.95,46.93,10.17,0.29,31.83,1.78,7.0,62.0,Dense Urban,Clear,-148.16,Poor
4999.26,89.08,45.45,14.12,3.44,48.66,2.5,1.0,90.2,Rural,Clear,-20.75,Excellent
924.01,395.42,42.33,16.71,1.71,17.74,2.46,2.0,71.6,Rural,Clear,-29.99,Excellent
2399.18,3089.74,35.73,13.47,4.9,25.93,1.86,1.0,56.5,Suburban,Storm,-99.94,Fair
725.82,865.75,30.76,9.71,3.6,15.94,1.74,7.0,88.2,Indoor,Clear,-149.69,Poor
868.18,76.95,37.66,11.45,0.71,26.47,1.23,3.0,37.0,Suburban,Rain,-47.43,Excellent
879.02,131.61,21.36,2.06,0.91,13.84,1.64,11.0,75.4,Dense Urban,Clear,-131.21,Poor
2372.82,2354.03,23.19,9.21,0.61,24.18,2.15,2.0,65.3,Rural,Storm,-87.37,Fair
2414.45,151.81,28.03,3.82,1.25,25.48,2.2,1.0,73.5,Rural,Storm,-58.84,Excellent
5011.15,47.89,36.48,13.7,4.86,39.09,1.41,1.0,96.1,Suburban,Clear,-42.37,Excellent
856.13,258.08,24.29,14.5,4.93,46.56,2.37,6.0,41.4,Urban,Clear,-92.11,Fair
3528.57,31.77,27.4,17.99,1.43,30.25,1.41,7.0,48.2,Urban,Clear,-73.55,Good
702.72,372.33,42.87,9.41,1.22,41.05,2.33,3.0,52.6,Suburban,Rain,-58.58,Excellent
890.87,4742.78,46.43,3.39,1.28,26.24,1.74,1.0,77.8,Rural,Rain,-61.8,Excellent
853.9,4131.02,46.01,4.22,2.53,21.31,1.51,5.0,26.2,Suburban,Clear,-100.8,Poor
821.7,453.55,19.1,16.52,2.41,16.0,2.12,4.0,77.1,Urban,Rain,-110.13,Poor
2404.76,2466.28,36.82,5.13,2.24,25.77,2.32,1.0,10.0,Rural,Fog,-67.36,Excellent
5824.15,1585.16,32.53,7.81,0.4,40.32,2.45,5.0,63.1,Indoor,Clear,-180.7,Poor
2570.26,3679.82,36.12,4.13,1.29,34.02,2.2,1.0,33.9,Rural,Fog,-75.31,Good
5020.72,2272.27,44.61,15.1,2.27,18.73,2.45,9.0,48.8,Urban,Clear,-133.47,Poor
2418.12,2683.0,23.59,6.82,1.08,39.91,1.71,4.0,45.8,Urban,Clear,-145.83,Poor
676.37,41.64,36.67,7.96,3.12,13.55,2.38,5.0,59.4,Urban,Clear,-59.45,Excellent
1820.81,26.7,46.68,13.88,0.77,16.24,1.81,4.0,58.0,Suburban,Clear,-30.04,Excellent
5015.81,13.14,36.78,11.56,1.8,17.26,1.36,5.0,82.0,Suburban,Clear,-45.15,Excellent
699.46,601.79,40.39,11.53,3.79,37.34,2.46,1.0,29.8,Rural,Clear,-29.04,Excellent
684.71,3307.53,42.9,2.81,2.96,21.36,1.4,3.0,56.0,Suburban,Rain,-94.14,Fair
4987.29,4812.51,19.58,5.49,4.56,45.28,1.32,1.0,59.3,Suburban,Clear,-125.48,Poor
706.74,1997.32,29.62,6.41,1.44,13.68,1.6,5.0,47.4,Suburban,Clear,-108.96,Poor
5784.78,1749.33,29.8,17.92,0.05,47.47,1.92,7.0,56.1,Urban,Clear,-138.25,Poor
3489.52,251.45,21.62,5.6,2.53,10.2,1.62,5.0,49.7,Suburban,Clear,-103.45,Poor
2625.85,165.89,29.33,7.97,1.11,46.69,1.98,4.0,85.8,Urban,Clear,-93.67,Fair
2413.76,534.8,46.74,5.08,0.62,15.22,1.98,4.0,70.3,Indoor,Clear,-136.75,Poor
714.16,11.52,43.35,9.58,0.09,10.94,2.17,2.0,65.7,Rural,Clear,-5.29,Excellent
2127.36,1392.69,21.26,2.0,2.93,20.75,2.46,6.0,98.0,Indoor,Clear,-184.8,Poor
4970.35,595.02,45.79,14.86,1.93,23.46,2.01,4.0,51.3,Suburban,Storm,-82.88,Good
5784.67,28.77,43.48,16.12,1.62,39.41,1.52,7.0,70.3,Urban,Storm,-62.99,Excellent
2109.48,519.67,45.81,9.85,1.91,45.93,1.23,0.0,41.3,Rural,Clear,-35.49,Excellent
4996.3,414.91,18.52,15.52,3.82,25.43,2.01,3.0,53.9,Suburban,Clear,-95.8,Fair
3476.77,1339.02,48.4,2.08,1.16,20.05,1.67,0.0,48.3,Rural,Clear,-57.08,Excellent
716.87,1821.07,18.86,9.0,2.55,21.21,1.67,2.0,56.3,Suburban,Clear,-100.22,Poor
2572.82,48.3,19.28,4.72,4.97,45.03,1.63,1.0,69.8,Rural,Rain,-47.02,Excellent
2602.63,1578.52,28.71,8.25,0.25,12.16,1.75,7.0,54.2,Urban,Fog,-144.38,Poor
2403.75,31.01,43.6,8.75,3.29,27.38,1.83,4.0,61.6,Indoor,Rain,-75.59,Good
3508.16,115.87,45.28,12.86,3.41,18.83,2.07,2.0,42.0,Indoor,Clear,-95.64,Fair
4988.94,213.62,39.27,14.83,2.11,24.28,2.2,6.0,31.9,Indoor,Rain,-125.31,Poor
2371.42,1487.6,20.8,17.07,4.04,20.44,1.8,8.0,51.2,Urban,Clear,-139.06,Poor
1823.34,2703.9,45.58,6.79,3.36,41.24,1.31,1.0,39.7,Rural,Clear,-53.59,Excellent
5825.75,11.13,21.64,13.03,,20.09,1.77,9.0,75.0,Urban,Clear,-73.95,Good
5798.92,976.79,42.83,15.4,0.65,46.03,2.37,1.0,60.6,Suburban,Fog,-80.49,Good
2571.24,2335.63,23.78,8.4,2.74,38.26,2.38,3.0,48.5,Indoor,Clear,-179.19,Poor
2604.85,3763.93,36.93,10.97,0.84,21.71,2.46,6.0,58.0,Urban,Clear,-139.79,Poor
838.96,52.85,19.79,12.99,0.4,12.62,2.23,8.0,54.4,Dense Urban,Rain,-100.04,Poor
2080.95,29.3,44.47,3.26,2.12,,2.11,3.0,30.9,Indoor,Fog,-79.99,Good
830.14,222.15,23.36,11.94,0.49,30.83,1.91,5.0,49.9,Urban,Clear,-94.8,Fair
2380.76,2702.59,45.7,10.68,0.0,43.04,1.64,3.0,51.7,Indoor,Clear,-154.48,Poor
4989.85,71.09,43.94,6.94,4.86,25.35,2.26,4.0,70.5,Indoor,Rain,-101.12,Poor
886.84,230.75,18.39,17.92,4.38,26.02,1.43,7.0,23.3,Dense Urban,Clear,-115.52,Poor
5820.19,4863.77,42.48,3.31,0.93,46.6,2.16,8.0,46.3,Dense Urban,Clear,-178.43,Poor
849.72,170.14,32.92,17.21,0.75,27.07,1.91,3.0,76.9,Suburban,Rain,-51.61,Excellent
695.66,496.17,22.74,12.2,1.72,16.81,1.96,9.0,48.0,Urban,Clear,-120.0,Poor
5778.75,4865.0,22.44,2.95,0.56,17.31,1.71,6.0,72.2,Indoor,Rain,-227.44,Poor
872.55,98.0,24.27,4.89,1.69,44.0,1.93,1.0,63.7,Suburban,Fog,-61.74,Excellent
3473.29,54.53,47.38,14.51,3.53,29.2,2.22,3.0,70.9,Suburban,Clear,-37.12,Excellent
3484.37,57.96,20.99,5.14,1.2,41.35,1.83,11.0,49.9,Dense Urban,Rain,-122.68,Poor
1807.29,462.7,30.3,2.75,3.89,32.9,2.25,1.0,26.0,Rural,Clear,-54.77,Excellent
712.14,27.49,28.34,10.76,4.61,18.4,1.23,11.0,51.7,Dense Urban,Clear,-85.27,Fair
1818.07,27.8,28.87,17.98,0.19,19.95,2.24,5.0,65.1,Urban,Clear,-60.66,Excellent
694.62,50.36,20.61,8.07,2.7,15.48,2.36,4.0,,Urban,Rain,-76.54,Good
2590.8,288.38,36.66,9.07,0.38,14.04,2.41,1.0,37.6,Suburban,Clear,-73.24,Good
4987.31,1898.48,45.36,14.38,2.76,34.45,1.8,1.0,48.4,Rural,Clear,-52.31,Excellent
5804.09,268.22,42.21,11.58,0.19,41.62,1.77,3.0,47.4,Urban,Fog,-94.98,Fair
4990.92,1295.17,23.42,6.32,2.49,37.41,1.69,2.0,88.1,Suburban,Clear,-110.54,Poor
3489.69,3840.77,45.01,10.76,2.13,46.14,1.31,8.0,52.3,Urban,Clear,-139.57,Poor
4971.01,993.67,29.49,9.36,4.79,46.26,2.34,4.0,61.0,Urban,Rain,-128.13,Poor
3526.9,543.08,22.27,2.26,0.91,47.84,1.53,5.0,59.0,Suburban,Clear,-106.8,Poor
2573.64,10.52,42.95,3.72,0.54,40.78,1.4,1.0,10.6,Rural,Clear,-13.24,Excellent
5786.25,162.27,46.55,11.68,0.37,29.12,2.2,1.0,60.7,Suburban,Clear,-54.74,Excellent
1825.29,52.9,20.98,4.38,0.7,23.91,1.38,4.0,52.2,Urban,Clear,-87.98,Fair
2114.12,241.55,23.68,14.3,2.93,13.15,2.19,5.0,33.9,Dense Urban,Clear,-120.75,Poor
5804.69,3689.34,43.4,9.86,4.87,47.44,2.28,2.0,97.9,Rural,Clear,-66.63,Excellent
1809.65,73.26,30.63,3.37,2.98,21.42,1.54,1.0,84.8,Suburban,Clear,-60.85,Excellent
875.82,27.16,43.2,17.23,3.26,16.16,1.33,2.0,61.2,Indoor,Rain,-55.44,Excellent
868.52,1694.61,30.54,15.41,3.08,13.39,1.68,2.0,58.1,Rural,Rain,-58.75,Excellent
885.01,4715.78,19.38,12.22,0.88,19.79,1.37,6.0,85.4,Indoor,Clear,-197.99,Poor
2427.37,1274.64,30.67,13.93,4.72,44.17,1.96,0.0,77.5,Rural,Clear,-52.76,Excellent
4983.88,23.63,47.72,12.64,4.96,47.96,,3.0,49.1,Urban,Clear,-39.35,Excellent
857.52,306.41,45.26,2.21,0.78,20.01,1.87,5.0,57.8,Indoor,Rain,-127.42,Poor
2602.72,124.05,29.31,11.93,1.24,43.56,1.5,4.0,68.0,Indoor,Clear,-117.11,Poor
3478.59,512.41,43.95,5.91,2.85,33.52,1.98,1.0,41.5,Suburban,Clear,-68.64,Excellent
4991.78,637.62,19.17,17.17,4.6,21.58,1.32,3.0,98.0,Indoor,Rain,-164.71,Poor
3516.88,1507.69,21.92,8.54,2.9,21.76,1.6,5.0,71.7,Indoor,Clear,-180.24,Poor
832.76,44.46,43.63,13.28,1.89,25.96,2.39,4.0,46.1,Suburban,Clear,-31.06,Excellent
2127.77,4014.56,19.35,4.38,1.9,15.72,2.31,1.0,98.0,Rural,Clear,-92.79,Fair
5787.73,37.97,44.83,9.57,2.0,35.99,2.2,13.0,45.4,Dense Urban,Clear,-97.07,Fair
5807.6,21.62,45.3,3.67,4.65,11.35,2.09,2.0,76.0,Suburban,Rain,-48.19,Excellent
2607.13,1726.23,18.77,8.5,3.86,45.62,2.15,4.0,45.5,Urban,Clear,-139.12,Poor
5798.25,177.95,36.99,10.97,4.0,40.29,2.03,2.0,45.9,Rural,Clear,-45.09,Excellent
2609.32,210.43,30.65,12.12,0.22,23.75,1.94,1.0,64.0,Rural,Clear,-47.28,Excellent
714.61,72.49,37.48,8.33,1.55,29.8,1.27,8.0,57.8,Urban,Clear,-72.3,Good
5807.14,13.34,46.81,4.54,3.92,26.59,1.33,3.0,56.3,Suburban,Fog,-34.27,Excellent
853.6,33.31,19.17,12.55,0.59,48.08,1.5,3.0,60.0,Suburban,Clear,-48.45,Excellent
1806.4,1136.65,44.7,2.19,1.31,29.63,1.91,8.0,73.9,Urban,Clear,-123.89,Poor
894.12,40.33,20.52,14.94,4.11,47.89,1.49,6.0,80.4,Urban,Rain,-68.76,Excellent
3474.25,4777.22,35.83,12.8,2.79,41.23,1.81,6.0,98.0,Urban,Clear,-145.91,Poor
679.58,1324.35,30.06,14.39,2.72,41.04,1.96,8.0,78.7,Dense Urban,Clear,-138.76,Poor
2606.4,1951.28,35.95,17.58,1.48,38.36,2.17,1.0,50.4,Rural,Clear,-53.71,Excellent
5025.63,2274.88,42.54,7.23,0.46,37.06,1.93,1.0,42.3,Rural,Rain,-69.75,Excellent
3471.54,871.57,35.53,10.52,4.33,25.86,2.08,8.0,73.2,Urban,Clear,-122.64,Poor
1802.64,181.22,29.69,12.12,0.91,14.07,1.79,7.0,50.5,Dense Urban,Clear,-117.34,Poor
4985.12,2985.31,37.69,11.37,2.63,30.14,2.4,13.0,39.8,Dense Urban,Clear,-179.29,Poor
1803.7,141.64,36.2,12.14,2.96,41.32,2.19,1.0,29.8,Suburban,Clear,-49.43,Excellent
2614.98,18.14,18.68,17.07,2.39,14.93,1.78,13.0,51.1,Dense Urban,Clear,-97.65,Fair
2414.13,407.18,36.31,9.74,4.07,28.93,1.43,5.0,25.0,Suburban,Clear,-79.26,Good
713.49,19.27,31.66,15.79,0.03,20.16,2.12,3.0,68.1,Urban,Clear,-41.98,Excellent
716.74,587.32,21.64,12.1,1.81,28.1,1.78,2.0,30.9,Rural,Clear,-56.58,Excellent
824.36,4923.74,36.28,14.52,3.5,18.13,1.49,5.0,72.4,Suburban,Rain,-100.76,Poor
5800.57,664.3,37.76,7.25,0.24,37.09,1.98,3.0,82.3,Indoor,Clear,-153.55,Poor
5785.71,37.01,42.97,7.27,4.6,35.82,1.7,7.0,51.6,Urban,Fog,-68.84,Excellent
2125.28,23.55,31.93,16.96,1.89,27.18,2.21,5.0,15.5,Suburban,Clear,-43.16,Excellent
5816.97,91.6,43.29,15.33,2.98,,1.57,5.0,91.8,Suburban,Fog,-60.78,Excellent
676.45,24.74,22.7,10.1,0.05,21.16,1.81,2.0,56.0,Rural,Rain,-27.98,Excellent
5784.59,344.81,39.4,9.37,2.7,17.9,1.66,4.0,72.0,Suburban,Clear,-83.98,Good
897.31,1298.85,44.61,6.02,1.03,48.66,2.3,4.0,29.8,Urban,Storm,-106.42,Poor
727.77,597.44,37.48,5.32,1.68,19.2,1.75,0.0,86.3,Rural,Clear,-42.94,Excellent
3476.58,463.23,45.05,5.61,4.69,27.03,1.51,2.0,11.4,Rural,Clear,-44.21,Excellent
1804.08,149.86,31.0,17.07,3.59,30.07,2.32,8.0,25.0,Urban,Storm,-90.63,Fair
890.48,29.25,41.86,6.27,3.23,36.84,2.41,4.0,82.7,Urban,Clear,-45.88,Excellent
3508.78,526.44,44.77,9.14,4.94,40.05,1.68,0.0,32.6,Rural,Clear,-38.66,Excellent
1808.92,135.46,43.89,12.91,0.89,25.42,2.34,2.0,73.1,Indoor,Clear,-94.86,Fair
3484.44,66.75,48.22,12.33,0.3,30.69,1.84,9.0,67.5,Dense Urban,Clear,-86.89,Fair
867.15,601.72,21.3,14.34,3.84,46.01,2.15,6.0,70.4,Urban,Clear,-113.38,Poor
675.48,105.11,47.07,8.07,0.12,14.6,1.55,4.0,80.2,Urban,Rain,-67.23,Excellent
1819.09,28.47,27.86,7.32,3.9,27.68,1.41,4.0,33.7,Urban,Storm,-69.68,Excellent
2582.72,201.83,49.84,10.04,2.53,17.57,1.88,4.0,90.7,Suburban,Rain,-62.43,Excellent
905.37,60.32,17.97,12.16,1.13,11.84,1.72,2.0,52.8,Suburban,Fog,-62.0,Excellent
840.84,954.25,46.06,17.91,3.2,16.2,1.2,8.0,70.6,Dense Urban,Clear,-117.12,Poor
3506.59,13.4,24.82,11.4,2.47,19.96,1.26,3.0,92.1,Indoor,Clear,-80.63,Good
2086.05,2003.55,21.95,14.28,0.95,32.55,2.02,9.0,57.8,Urban,Clear,-147.97,Poor
2104.14,175.86,37.85,16.79,4.03,40.67,1.65,2.0,98.0,Indoor,Clear,-100.29,Poor
870.49,11.04,36.58,2.05,1.45,47.63,1.24,4.0,15.0,Suburban,Clear,-29.06,Excellent
692.47,22.91,20.58,6.06,1.23,48.33,1.76,3.0,92.4,Suburban,Rain,-45.89,Excellent
719.58,3562.18,38.62,2.05,3.48,45.15,1.36,7.0,46.2,Indoor,Fog,-176.26,Poor
2597.78,281.43,42.36,16.45,2.1,30.6,1.4,3.0,31.1,Urban,Clear,-81.8,Good
699.96,1186.54,32.25,8.2,1.72,26.96,2.19,9.0,98.0,Urban,Clear,-123.7,Poor
907.29,2413.18,37.53,11.28,2.8,28.01,1.3,1.0,29.8,Rural,Clear,-53.57,Excellent
5796.05,73.2,,9.73,3.3,48.61,1.8,8.0,35.6,Urban,Clear,-75.01,Good
1822.02,299.3,21.75,14.05,0.62,33.58,1.63,1.0,75.7,Suburban,Rain,-80.66,Good
3494.2,569.12,22.04,7.89,4.48,39.81,2.47,10.0,73.9,Dense Urban,Clear,-157.79,Poor
1826.55,1868.16,45.65,2.2,1.86,12.6,1.23,5.0,50.8,Suburban,Storm,-105.74,Poor
5822.62,136.08,18.18,7.74,0.98,48.95,1.79,5.0,30.3,Indoor,Rain,-144.86,Poor
4995.27,3704.69,24.39,9.53,0.65,30.82,2.11,2.0,49.6,Indoor,Rain,-200.58,Poor
2091.95,435.11,22.89,8.49,4.5,34.11,2.43,6.0,48.9,Urban,Clear,-115.85,Poor
2610.6,2283.26,41.28,6.37,0.32,42.31,1.61,3.0,32.1,Urban,Clear,-128.95,Poor
2115.32,16.79,18.77,3.54,3.54,13.38,2.02,4.0,44.2,Urban,Rain,-78.73,Good
5781.15,178.05,28.7,2.45,0.1,10.5,1.53,6.0,80.7,Urban,Clear,-120.29,Poor
1784.46,30.45,31.39,16.58,4.39,48.21,2.02,6.0,68.5,Indoor,Clear,-79.02,Good
4978.78,2891.65,20.69,3.06,4.55,18.53,1.31,1.0,71.1,Suburban,Rain,-126.98,Poor
2615.64,43.07,19.8,8.35,1.34,14.23,1.57,2.0,45.8,Suburban,Clear,-67.67,Excellent
2612.86,840.06,29.45,3.25,0.31,47.43,1.78,6.0,35.9,Urban,Clear,-130.34,Poor
1781.34,14.78,19.64,3.78,0.2,25.01,1.28,3.0,88.7,Indoor,Rain,-92.21,Fair
5002.21,34.84,48.67,12.36,4.79,44.17,1.45,0.0,41.5,Rural,Clear,-9.75,Excellent
3515.85,72.99,29.65,16.78,3.21,47.25,1.34,11.0,30.7,Dense Urban,Clear,-104.14,Poor
5026.82,1289.0,21.29,7.57,4.76,17.86,2.43,5.0,61.9,Indoor,Fog,-183.59,Poor
4980.71,47.63,36.51,13.93,2.4,12.77,1.87,6.0,54.7,Urban,Clear,-75.32,Good
838.26,1602.31,45.52,14.49,4.01,11.57,1.96,4.0,41.5,Urban,Storm,-106.52,Poor
4990.9,1344.12,35.17,12.25,4.74,21.05,2.26,12.0,33.3,Dense Urban,Clear,-162.3,Poor
5007.5,4763.51,38.21,15.9,1.26,17.13,1.65,11.0,32.3,Dense Urban,Clear,-180.07,Poor
878.19,672.33,18.86,4.99,0.45,46.06,1.33,,62.6,Rural,Rain,-65.05,Excellent
5781.61,525.32,46.32,3.2,1.4,47.15,1.42,7.0,37.6,Indoor,Fog,-151.1,Poor
2416.83,420.27,47.05,9.3,2.74,27.68,2.09,7.0,83.0,Urban,Storm,-106.09,Poor
1802.52,19.76,27.44,10.54,3.48,24.11,2.43,2.0,73.9,Suburban,Clear,-41.14,Excellent
879.62,242.76,18.6,7.95,4.88,26.32,1.79,2.0,59.1,Suburban,Clear,-76.75,Good
1793.31,1986.67,24.03,16.75,3.92,43.35,1.6,1.0,57.0,Suburban,Clear,-90.96,Fair
678.07,11.38,37.99,3.97,0.44,15.79,2.35,4.0,85.6,Suburban,Clear,-28.81,Excellent
2591.76,21.97,37.87,16.93,4.6,16.03,1.72,13.0,83.7,Dense Urban,Fog,-82.21,Good
3494.01,417.7,46.23,8.76,4.22,21.2,1.37,6.0,83.4,Urban,Clear,-98.57,Fair
2576.73,1932.28,29.52,15.33,1.08,33.31,1.54,1.0,77.2,Rural,Rain,-65.11,Excellent
2373.59,67.53,47.63,8.05,4.46,38.49,2.21,3.0,49.7,Urban,Rain,-56.49,Excellent
1822.9,2249.54,21.7,10.13,1.14,49.62,2.32,0.0,95.7,Rural,Storm,-77.93,Good
3523.26,81.47,37.08,13.01,2.62,11.63,2.23,2.0,57.6,Rural,Clear,-35.74,Excellent
4970.15,180.41,36.07,9.58,3.85,24.28,2.48,5.0,56.5,Suburban,Clear,-75.43,Good
708.47,3734.23,21.95,15.98,0.48,22.32,1.37,2.0,47.6,Indoor,Storm,-175.15,Poor
1775.62,133.99,29.31,10.59,3.54,11.69,1.84,3.0,41.7,Suburban,Clear,-69.41,Excellent
5818.61,414.94,41.9,2.29,2.59,41.68,2.06,4.0,58.1,Urban,Clear,-110.54,Poor
5022.77,3348.06,37.82,14.78,2.55,27.04,2.47,5.0,40.6,Suburban,Clear,-107.18,Poor
5807.0,51.71,34.79,9.91,3.09,34.57,2.43,2.0,45.1,Rural,Clear,-35.21,Excellent
856.79,17.71,37.65,12.77,0.38,28.09,1.66,2.0,82.2,Rural,Clear,-8.04,Excellent
2092.29,3852.07,42.05,7.18,0.64,24.64,2.36,7.0,67.6,Dense Urban,Rain,-168.93,Poor
834.97,324.31,46.05,13.18,0.88,15.5,1.87,3.0,66.6,Urban,Clear,-75.82,Good
4999.96,4043.66,29.75,13.56,0.76,45.64,1.33,2.0,26.2,Suburban,Rain,-114.75,Poor
2378.02,2184.33,29.25,17.98,2.25,14.78,1.28,0.0,98.0,Rural,Clear,-61.49,Excellent
910.33,402.6,47.82,7.84,3.0,33.14,2.5,0.0,41.0,Rural,Clear,-24.17,Excellent
698.21,187.13,29.44,5.51,0.67,49.05,2.42,0.0,52.8,Rural,Clear,-32.82,Excellent
3480.66,197.78,47.06,9.71,3.72,21.46,2.02,3.0,57.1,Indoor,Rain,-112.36,Poor
5005.3,28.06,47.07,13.07,4.24,29.09,2.11,4.0,62.1,Urban,Rain,-50.74,Excellent
5017.72,167.55,42.59,9.71,0.48,39.83,1.96,0.0,57.6,Rural,Rain,-41.25,Excellent
5805.33,1651.31,41.11,15.79,0.84,20.27,2.23,6.0,46.2,Indoor,Clear,-167.09,Poor
5001.78,4663.48,44.68,17.41,1.85,19.01,1.57,4.0,39.2,Urban,Fog,-135.4,Poor
3520.86,3907.82,24.92,17.68,3.29,14.43,1.52,6.0,45.2,Indoor,Rain,-194.05,Poor
4970.65,3952.68,30.74,4.01,0.43,10.91,1.85,2.0,10.0,Rural,Fog,-93.05,Fair
5807.0,11.25,37.21,5.9,1.74,21.31,1.47,4.0,86.9,Suburban,Fog,-44.89,Excellent
2094.58,246.63,22.15,6.71,4.95,37.17,1.87,5.0,98.0,Indoor,Rain,-143.63,Poor
3481.61,34.69,39.6,16.86,2.6,13.01,2.44,4.0,92.2,Suburban,Rain,-44.21,Excellent
5028.77,457.76,35.7,14.5,0.87,40.71,1.6,3.0,72.2,Urban,Rain,-106.43,Poor
844.23,3570.96,37.21,3.94,3.06,27.09,1.98,1.0,70.4,Rural,Rain,-62.62,Excellent
2590.12,2323.03,37.75,9.01,1.78,32.16,2.37,6.0,61.9,Indoor,Clear,-173.86,Poor
1780.14,2182.13,18.04,16.87,4.45,22.49,1.94,3.0,61.0,Indoor,Rain,-174.25,Poor
879.87,97.07,28.86,5.3,4.75,36.37,1.34,6.0,49.6,Urban,Fog,-83.13,Good
871.36,225.24,45.31,10.86,1.18,40.24,2.01,3.0,44.0,Urban,Clear,-70.43,Good
824.2,57.67,24.29,13.03,4.59,13.4,1.98,7.0,12.1,Urban,Clear,-80.01,Good
5003.95,312.49,29.34,3.04,3.88,45.51,1.61,1.0,55.8,Suburban,Clear,-84.04,Good
3478.84,65.89,34.85,8.91,0.78,33.53,2.0,2.0,52.3,Suburban,Rain,-59.14,Excellent
862.95,1523.15,34.7,16.69,4.13,35.98,2.2,1.0,58.2,Suburban,Rain,-75.87,Good
2599.05,179.25,21.85,2.19,0.89,31.07,2.25,3.0,66.2,Suburban,Rain,-93.39,Fair
2576.62,776.88,17.76,12.13,0.05,13.73,2.22,3.0,60.2,Suburban,Clear,-108.41,Poor
2403.42,2266.22,44.15,15.99,3.89,27.83,1.86,10.0,59.5,Dense Urban,Fog,-147.63,Poor
2624.64,64.42,38.21,8.88,1.73,17.07,2.19,2.0,43.1,Rural,Clear,-34.9,Excellent
5790.47,477.54,46.01,6.14,4.61,30.43,1.27,5.0,56.7,Urban,Clear,-105.92,Poor
2373.05,1917.89,45.61,13.63,2.21,46.05,2.15,2.0,61.8,Suburban,Rain,-79.19,Good
2626.71,3681.28,21.11,7.87,3.05,28.85,1.53,9.0,43.2,Urban,Rain,-169.49,Poor
2378.51,27.55,31.05,7.35,3.73,18.37,1.31,8.0,49.4,Urban,Clear,-75.93,Good
1798.5,690.45,41.52,6.17,4.22,30.21,1.82,8.0,18.1,Urban,Clear,-112.95,Poor
5002.68,149.5,21.73,17.37,0.89,23.51,1.44,1.0,96.2,Rural,Rain,-56.57,Excellent
2084.23,58.97,24.06,13.93,1.02,47.15,2.47,4.0,30.1,Suburban,Clear,-59.3,Excellent
3480.65,26.65,20.41,4.22,4.44,27.05,1.44,1.0,70.4,Rural,Storm,-50.19,Excellent
2576.79,380.12,37.91,6.76,1.46,41.88,2.41,6.0,68.5,Dense Urban,Clear,-123.11,Poor
2574.2,79.74,28.66,16.35,3.19,29.27,2.29,3.0,39.2,Urban,Clear,-71.88,Good
3500.49,634.98,44.87,15.27,0.35,19.44,2.3,8.0,74.4,Dense Urban,Rain,-134.47,Poor
3520.52,57.33,46.7,7.63,3.34,36.53,1.77,2.0,65.4,Suburban,Clear,-41.06,Excellent
2377.61,10.04,18.98,13.35,0.93,10.75,1.54,5.0,31.6,Dense Urban,Clear,-72.08,Good
2612.04,1176.86,43.72,3.61,3.99,42.66,1.82,3.0,47.4,Suburban,Clear,-87.62,Fair
2394.76,27.25,,4.38,3.71,45.68,2.44,8.0,46.4,Dense Urban,Clear,-98.73,Fair
1772.11,48.03,42.69,16.41,2.94,31.91,1.59,5.0,66.0,Suburban,Clear,-36.08,Excellent
3502.16,43.17,48.55,10.69,0.75,19.9,1.37,2.0,68.2,Suburban,Clear,-37.92,Excellent
4985.12,83.89,28.74,4.18,1.33,16.97,2.19,8.0,43.8,Urban,Clear,-106.26,Poor
3506.32,204.14,19.91,9.85,0.21,38.86,1.82,1.0,66.0,Suburban,Fog,-83.26,Good
3490.96,1558.78,23.06,9.42,1.58,18.58,1.52,11.0,50.4,Dense Urban,Clear,-180.7,Poor
5009.99,568.75,28.36,17.95,1.9,30.44,1.26,3.0,60.5,Suburban,Storm,-95.51,Fair
1825.11,24.78,46.99,2.23,2.33,44.52,2.25,6.0,66.2,Dense Urban,Clear,-65.92,Excellent
684.67,31.31,28.93,13.83,4.98,40.56,1.53,3.0,69.9,Indoor,Clear,-68.44,Excellent
1826.39,1932.84,30.6,14.1,3.63,10.59,1.22,9.0,45.8,Urban,Rain,-142.24,Poor
3482.26,47.24,23.5,14.4,1.96,38.14,2.48,9.0,25.6,Urban,Rain,-90.82,Fair
4974.24,38.92,38.19,14.44,4.23,10.48,2.31,7.0,51.9,Dense Urban,Rain,-88.19,Fair
2381.56,10.22,23.23,,1.83,22.96,2.01,5.0,57.0,Urban,Storm,-61.81,Excellent
3518.9,1228.02,41.57,8.78,1.81,24.97,1.97,7.0,15.1,Urban,Fog,-124.53,Poor
710.65,984.15,42.74,2.79,0.32,28.88,1.47,5.0,48.8,Urban,Rain,-113.04,Poor
2628.25,86.74,42.15,17.48,3.68,36.19,1.75,3.0,41.5,Suburban,Clear,-43.47,Excellent
2612.59,10.47,34.82,5.88,1.01,49.64,2.01,0.0,41.2,Rural,Fog,-14.84,Excellent
2394.76,1319.0,33.81,6.88,1.18,17.08,1.59,0.0,36.8,Rural,Clear,-64.38,Excellent
3523.55,18.54,28.75,,1.73,36.85,2.09,8.0,66.2,Urban,Fog,-80.53,Good
2127.49,174.9,42.95,7.31,4.11,17.26,2.03,2.0,29.4,Suburban,Clear,-58.26,Excellent
2417.5,1851.54,44.68,7.25,4.3,23.3,2.37,5.0,66.2,Indoor,Fog,-162.74,Poor
2603.4,45.64,21.89,7.76,2.75,42.57,1.32,0.0,74.8,Rural,Clear,-37.98,Excellent
3519.55,105.86,23.29,8.46,4.63,12.87,1.25,7.0,81.3,Dense Urban,Clear,-120.5,Poor
880.74,607.62,40.45,12.69,2.14,10.8,1.2,,59.3,Dense Urban,Rain,-134.27,Poor
1824.02,655.91,28.8,17.53,3.02,24.41,2.47,3.0,80.3,Indoor,Rain,-138.0,Poor
2129.97,177.35,19.33,10.36,4.65,27.59,1.99,3.0,48.4,Suburban,Rain,-83.31,Good
909.91,148.14,49.35,17.91,2.61,26.47,2.18,6.0,54.3,Dense Urban,Clear,-77.39,Good
1781.75,135.59,46.3,2.88,2.3,33.47,2.04,8.0,72.0,Urban,Clear,-87.42,Fair
1778.67,205.02,43.25,8.01,0.14,39.39,1.5,1.0,57.0,Suburban,Fog,-56.94,Excellent
1827.56,86.22,30.8,2.48,4.4,35.71,2.07,8.0,41.0,Urban,Clear,-91.97,Fair
2122.28,49.21,40.8,11.56,0.94,39.53,2.06,4.0,32.7,Urban,Clear,-58.63,Excellent
2414.92,71.29,45.35,17.67,2.29,30.8,2.38,2.0,70.4,Rural,Clear,-12.42,Excellent
2626.95,194.75,35.53,5.4,3.97,,1.66,9.0,57.9,Urban,Clear,-104.14,Poor
1800.2,107.49,46.0,13.48,2.56,15.24,2.02,2.0,55.2,Rural,Clear,-23.29,Excellent
5023.26,380.5,44.15,14.21,3.9,49.43,1.71,3.0,65.7,Urban,Storm,-95.65,Fair
2079.77,505.16,44.95,3.66,4.18,36.27,1.43,7.0,34.4,Urban,Clear,-104.5,Poor
3480.97,4881.6,36.89,8.92,4.28,19.21,2.2,0.0,63.0,Rural,Clear,-69.7,Excellent
850.74,457.43,30.65,4.24,0.4,37.49,1.81,3.0,53.5,Suburban,Clear,-82.93,Good
839.95,961.07,27.84,7.63,1.03,31.51,1.73,3.0,33.6,Urban,Clear,-114.93,Poor
2095.95,18.39,46.89,14.91,4.55,26.16,1.8,0.0,45.2,Rural,Clear,2.75,Excellent
1817.89,1128.31,29.43,6.65,1.31,34.6,2.38,1.0,81.2,Rural,Clear,-63.32,Excellent
2073.2,236.33,21.95,16.93,3.53,,1.99,7.0,43.4,Indoor,Clear,-137.83,Poor
863.25,2181.8,23.82,14.42,2.65,48.87,1.49,9.0,60.0,Urban,Clear,-138.24,Poor
2075.29,4173.05,36.03,6.21,4.68,27.51,1.75,6.0,71.4,Dense Urban,Clear,-162.57,Poor
2620.85,41.86,46.64,8.82,1.28,32.87,1.33,5.0,44.8,Urban,Clear,-56.47,Excellent
3482.11,3209.71,28.11,11.88,4.03,14.11,1.61,2.0,97.2,Rural,Storm,-86.17,Fair
914.1,649.74,37.22,11.71,2.05,45.18,1.65,5.0,73.3,Urban,Rain,-100.19,Poor
1805.51,988.2,22.1,11.01,1.2,37.22,1.38,2.0,45.7,Rural,Clear,-69.44,Excellent
2393.14,188.32,28.83,8.02,2.45,13.98,2.34,0.0,57.2,Rural,Rain,-51.39,Excellent
2386.05,90.69,28.59,17.1,2.7,27.11,2.01,4.0,10.0,Suburban,Storm,-60.98,Excellent
3473.45,1443.01,31.33,3.41,0.55,20.43,1.22,4.0,62.7,Urban,Clear,-136.09,Poor
1791.2,11.46,45.47,12.13,0.96,29.36,1.33,1.0,98.0,Rural,Storm,-7.59,Excellent
2582.03,287.77,45.72,2.57,4.55,26.66,2.47,3.0,57.7,Suburban,Rain,-68.81,Excellent
4978.15,15.82,23.64,10.89,3.33,41.07,1.33,8.0,44.8,Urban,Clear,-76.99,Good
914.31,48.67,31.71,4.95,3.52,32.71,2.09,9.0,63.2,Urban,Fog,-79.18,Good
4982.75,906.34,18.62,3.35,1.77,27.65,2.18,3.0,20.3,Urban,Rain,-146.88,Poor
1783.39,1088.97,43.33,2.84,2.7,16.96,2.35,6.0,80.3,Indoor,Clear,-159.28,Poor
1790.43,2509.0,41.64,17.29,0.19,47.82,2.33,6.0,51.3,Indoor,Clear,-157.14,Poor
2597.76,852.99,45.69,4.06,0.72,22.13,2.07,10.0,39.1,Dense Urban,Clear,-145.6,Poor
2600.82,662.4,38.6,7.75,4.88,,2.06,5.0,41.8,Urban,Rain,-117.57,Poor
2409.87,,42.48,9.53,1.05,21.86,1.83,3.0,62.7,Suburban,Clear,-101.63,Poor
905.31,282.13,18.62,2.39,2.45,17.34,1.28,8.0,72.4,Urban,Rain,-126.04,Poor
698.9,581.84,29.65,16.79,4.65,24.68,1.98,10.0,54.0,Dense Urban,Rain,-125.06,Poor
5793.64,2202.3,30.57,2.25,3.27,42.69,1.69,2.0,68.9,Suburban,Clear,-113.74,Poor
4985.95,1151.3,44.83,16.58,0.83,25.13,1.84,5.0,64.2,Urban,Clear,-115.03,Poor
5012.6,1196.76,20.45,2.51,2.25,28.34,2.05,9.0,30.4,Urban,Clear,-159.54,Poor
2389.05,280.99,25.12,8.56,2.31,41.81,2.01,8.0,70.5,Dense Urban,Clear,-133.11,Poor
5020.97,265.85,20.78,14.53,2.38,30.35,2.2,0.0,63.0,Rural,Storm,-66.9,Excellent
2105.17,563.43,45.64,2.4,4.21,39.0,2.09,10.0,51.3,Dense Urban,Clear,-137.25,Poor
708.04,777.6,27.8,14.96,2.78,29.3,2.3,5.0,78.3,Suburban,Clear,-82.71,Good
850.53,297.79,19.14,9.53,3.83,23.79,2.48,3.0,53.8,Urban,Clear,-97.04,Fair
925.71,31.66,24.54,9.54,1.83,30.13,1.69,2.0,68.0,Rural,Clear,-28.81,Excellent
1795.3,46.82,37.04,4.98,3.48,49.14,1.86,5.0,28.1,Suburban,Storm,-56.25,Excellent
5795.62,214.19,29.73,5.74,2.14,14.31,1.23,7.0,81.6,Urban,Fog,-121.09,Poor
1823.58,35.54,35.54,14.78,3.84,45.44,1.53,10.0,85.5,Dense Urban,Clear,-78.91,Good
2606.29,138.99,21.1,2.17,3.68,35.03,1.87,9.0,30.5,Urban,Fog,-118.62,Poor
896.95,24.95,45.78,7.1,1.7,48.72,1.68,6.0,32.0,Urban,Rain,-44.54,Excellent
2585.73,24.81,42.65,7.13,1.78,19.99,1.77,5.0,58.7,Urban,Storm,-66.04,Excellent
2384.7,1887.18,22.86,6.33,4.11,25.26,1.87,5.0,88.4,Urban,Clear,-143.92,Poor
868.09,290.75,29.03,6.97,2.99,14.38,2.27,13.0,76.8,Dense Urban,Clear,-137.83,Poor
2086.77,1277.53,18.78,3.96,3.08,12.1,1.26,12.0,55.5,Dense Urban,Rain,-185.12,Poor
820.34,10.74,17.72,4.67,4.79,28.58,2.01,6.0,56.6,Urban,Rain,-60.8,Excellent
4971.17,59.01,45.07,10.91,1.12,13.58,1.95,5.0,38.4,Dense Urban,Clear,-83.7,Good
3528.7,11.16,17.3,10.99,2.61,34.1,1.67,3.0,68.4,Suburban,Rain,-53.18,Excellent
5803.59,10.21,30.73,16.87,0.98,32.55,2.18,5.0,35.3,Indoor,Fog,-70.55,Good
4999.34,12.2,45.0,10.52,1.2,47.81,2.49,5.0,83.3,Suburban,Rain,-34.47,Excellent
925.07,255.61,22.41,9.01,3.05,46.46,2.06,0.0,63.4,Rural,Rain,-44.1,Excellent
3491.1,17.58,42.94,3.52,0.58,21.8,2.07,4.0,26.5,Suburban,Rain,-47.99,Excellent
867.7,1428.19,18.8,13.78,0.75,46.97,1.51,0.0,61.8,Rural,Rain,-58.73,Excellent
5813.31,247.27,44.24,9.14,1.22,12.18,2.33,6.0,54.8,Dense Urban,Rain,-126.58,Poor
3498.63,45.94,46.33,14.15,2.54,39.32,1.35,8.0,27.4,Urban,Rain,-67.9,Excellent
2616.48,1834.47,48.83,5.1,4.8,33.22,2.22,5.0,46.2,Indoor,Clear,-155.26,Poor
5827.95,237.41,38.37,11.84,3.4,24.2,2.36,4.0,71.4,Suburban,Clear,-75.79,Good
4982.04,88.47,47.92,13.59,3.27,42.86,2.14,5.0,64.1,Suburban,Clear,-48.16,Excellent
4971.05,341.1,41.05,7.79,1.85,24.14,1.61,2.0,56.0,Rural,Clear,-51.51,Excellent
869.29,653.66,29.71,9.68,0.45,31.22,1.88,4.0,51.9,Suburban,Rain,-86.16,Fair
694.22,322.25,45.7,3.03,3.98,37.41,2.33,0.0,32.9,Rural,Clear,-26.09,Excellent
5802.66,3292.76,25.14,6.32,0.19,20.71,1.3,6.0,50.4,Indoor,Storm,-215.59,Poor
883.35,90.23,47.38,4.63,3.69,14.66,1.52,7.0,63.4,Urban,Clear,-71.69,Good
2120.51,127.77,45.75,7.99,1.82,37.8,1.48,1.0,47.7,Suburban,Clear,-46.03,Excellent
713.27,2079.8,26.57,3.43,2.38,17.43,2.03,5.0,72.2,Urban,Storm,-141.67,Poor
2627.2,525.48,21.26,15.26,2.6,18.49,1.34,6.0,34.4,Urban,Clear,-120.79,Poor
4998.52,4054.38,20.95,13.74,,18.0,1.55,10.0,57.1,Dense Urban,Fog,-194.87,Poor
5028.59,1374.13,36.52,15.85,3.34,39.9,2.3,2.0,59.7,Suburban,Clear,-84.56,Good
2400.65,242.31,42.83,17.16,1.4,22.58,2.0,9.0,74.4,Dense Urban,Rain,-111.45,Poor
2607.29,516.52,37.92,11.03,0.73,39.62,1.89,4.0,67.1,Indoor,Clear,-136.76,Poor
2410.45,124.74,38.7,13.92,1.8,32.7,1.33,3.0,39.2,Indoor,Clear,-104.55,Poor
2099.39,22.11,18.83,9.84,4.17,30.28,1.41,7.0,74.5,Urban,Rain,-77.87,Good
2403.77,125.54,20.89,14.57,2.08,46.16,1.34,1.0,46.3,Rural,Clear,-45.54,Excellent
5783.4,57.51,25.42,10.59,4.82,33.12,1.45,5.0,42.3,Suburban,Clear,-69.84,Excellent
891.74,676.27,48.14,13.78,0.19,19.47,1.51,8.0,49.2,Dense Urban,,-115.53,Poor
2112.12,639.95,36.2,6.4,0.09,49.34,1.76,2.0,56.0,Rural,Rain,-58.34,Excellent
2572.34,3387.88,30.44,12.99,4.48,22.41,1.63,9.0,79.8,Dense Urban,Storm,-179.44,Poor
2412.02,16.39,38.13,11.26,0.96,28.95,1.24,4.0,64.6,Urban,Fog,-45.93,Excellent
688.23,182.79,30.03,6.0,1.08,25.06,2.27,12.0,77.9,Dense Urban,Storm,-129.11,Poor
886.31,119.1,19.63,12.97,3.91,39.57,2.27,5.0,70.5,Urban,Fog,-86.44,Fair
2611.61,265.18,34.4,7.92,0.9,28.57,1.68,1.0,77.9,Rural,Clear,-47.99,Excellent
2582.9,21.02,41.7,12.06,3.07,24.0,2.37,7.0,51.6,Urban,Clear,-53.48,Excellent
3527.7,212.0,44.96,12.53,0.22,35.89,2.46,2.0,10.0,Rural,Rain,-38.71,Excellent
5829.44,593.27,28.11,12.74,4.38,29.69,1.69,0.0,87.7,Rural,Fog,-59.39,Excellent
2597.49,70.29,23.16,12.94,2.85,10.7,2.08,6.0,63.3,Urban,Fog,-90.56,Fair
2394.09,569.54,47.3,8.68,2.25,35.8,2.32,5.0,77.9,Urban,Clear,-97.16,Fair
1774.74,52.12,29.37,11.99,1.82,16.36,2.22,5.0,10.0,Suburban,Fog,-59.28,Excellent
1816.69,99.25,16.69,16.51,1.56,48.42,1.51,3.0,83.7,Suburban,Fog,-66.21,Excellent
4979.76,2810.24,36.82,3.09,1.32,39.77,1.92,1.0,92.1,Rural,Clear,-77.62,Good
2125.98,11.69,20.41,14.53,4.88,24.94,1.76,4.0,95.0,Indoor,Storm,-80.39,Good
3529.44,54.49,46.31,4.06,1.53,12.41,1.57,10.0,31.6,Dense Urban,Rain,-103.36,Poor
827.34,3353.48,41.92,9.45,1.19,23.11,2.02,1.0,14.6,Suburban,Clear,-84.17,Good
860.98,24.94,28.19,4.63,2.29,36.06,1.21,7.0,35.7,Dense Urban,Storm,-83.66,Good
897.96,118.19,38.33,14.52,1.29,45.95,1.41,3.0,56.9,Urban,Clear,-63.1,Excellent
852.47,168.11,30.53,2.59,1.36,39.91,1.33,2.0,68.4,Rural,Clear,-43.93,Excellent
2580.77,577.4,28.98,13.22,1.33,40.81,2.49,5.0,44.3,Suburban,Clear,-88.57,Fair
2613.41,447.88,43.75,8.42,0.69,15.21,1.4,3.0,70.3,Suburban,Clear,-74.5,Good
2380.0,491.6,43.33,6.24,4.43,19.17,2.28,5.0,47.9,Urban,Fog,-105.32,Poor
923.12,3452.55,35.65,17.37,0.92,41.62,2.32,4.0,52.0,Urban,Rain,-122.61,Poor
2397.24,114.85,46.57,6.67,0.11,25.05,1.85,12.0,53.7,Dense Urban,Rain,-115.76,Poor
858.09,209.89,20.24,5.39,3.89,44.34,1.27,1.0,28.2,Rural,Clear,-49.14,Excellent
2125.31,3997.03,49.12,8.9,2.26,11.62,2.19,2.0,47.7,Rural,Clear,-61.61,Excellent
864.28,22.18,22.88,6.84,1.77,34.68,1.97,7.0,53.3,Urban,Storm,-72.99,Good
702.45,3624.06,26.0,13.64,2.67,30.36,2.03,5.0,43.7,Dense Urban,Clear,-160.48,Poor
844.16,3625.6,37.12,2.48,2.78,42.19,1.93,4.0,42.7,Suburban,Rain,-105.32,Poor
847.73,3744.56,19.0,13.07,1.92,16.78,1.63,2.0,59.2,Indoor,Clear,-182.11,Poor
2090.5,15.17,28.42,8.75,4.26,17.92,2.49,5.0,21.4,Dense Urban,Clear,-67.13,Excellent
2426.77,362.1,28.68,14.54,4.21,29.71,2.1,1.0,76.5,Rural,Clear,-44.5,Excellent
2585.17,1828.95,20.64,7.34,1.83,34.17,2.12,6.0,83.6,Dense Urban,Clear,-168.69,Poor
2094.56,70.25,23.19,2.29,1.11,16.5,1.92,3.0,49.2,Suburban,Storm,-80.64,Good
866.69,392.56,27.24,14.21,2.43,46.25,1.28,0.0,64.1,Rural,Fog,-38.55,Excellent
691.86,49.22,21.53,4.12,0.78,43.72,1.96,3.0,69.2,Indoor,Clear,-102.0,Poor
3523.2,22.38,48.22,9.64,1.41,15.03,1.82,1.0,77.1,Rural,Clear,-13.28,Excellent
5784.58,1996.25,27.23,15.33,1.92,43.98,1.74,1.0,54.8,Suburban,Clear,-102.75,Poor
871.88,4449.22,44.52,16.8,1.91,46.58,1.81,2.0,74.1,Suburban,Clear,-80.45,Good
907.73,15.43,25.52,5.94,0.9,19.78,2.31,8.0,68.5,Urban,Clear,-65.18,Excellent
1800.5,21.25,34.31,15.41,2.55,44.58,2.32,7.0,43.3,Indoor,Clear,-72.7,Good
925.98,387.82,19.3,14.42,3.07,32.52,2.33,4.0,36.8,Suburban,Clear,-79.5,Good
895.39,17.1,21.73,16.78,3.06,42.1,1.94,9.0,33.7,Urban,Fog,-60.25,Excellent
2078.14,505.24,44.46,15.04,4.01,34.1,2.17,5.0,25.5,Suburban,Clear,-65.22,Excellent
3489.78,874.72,29.38,3.43,0.39,21.92,1.55,6.0,48.3,Dense Urban,Clear,-157.3,Poor
3493.59,131.54,45.32,17.11,0.78,37.69,1.4,5.0,58.4,Dense Urban,Clear,-86.51,Fair
5804.99,1099.2,46.63,2.4,2.18,37.99,2.02,3.0,39.9,Urban,Clear,-117.23,Poor
1786.47,20.26,22.34,7.5,2.41,38.85,2.37,4.0,42.6,Suburban,Clear,-51.7,Excellent
2103.02,65.02,36.91,8.23,1.03,40.4,2.08,2.0,33.1,Rural,Clear,-31.74,Excellent
1824.48,1512.84,42.29,9.76,1.5,35.85,2.4,3.0,72.1,Suburban,Rain,-83.38,Good
695.42,17.32,22.57,5.76,0.8,27.36,1.77,8.0,59.3,Urban,Clear,-68.67,Excellent
1809.09,58.81,46.99,3.98,2.71,23.3,1.74,2.0,64.9,Suburban,Clear,-40.11,Excellent
883.73,474.79,41.0,15.39,2.39,46.38,2.34,4.0,48.0,Suburban,Clear,-60.08,Excellent
2118.08,46.53,22.98,12.27,3.44,42.56,1.94,5.0,48.4,Suburban,Rain,-63.59,Excellent
836.18,198.55,18.59,9.6,3.15,43.41,1.51,8.0,55.3,Urban,Clear,-102.0,Poor
3504.79,1817.84,28.2,14.39,1.35,13.65,1.25,8.0,27.4,Dense Urban,Clear,-168.52,Poor
4988.01,53.43,27.08,16.64,3.8,26.26,1.54,8.0,55.2,Urban,Rain,-86.5,Fair
5774.04,150.09,36.23,5.58,0.76,24.17,1.21,9.0,49.1,Dense Urban,Fog,-129.79,Poor
689.18,11.2,24.62,7.17,3.15,45.03,2.48,3.0,27.4,Suburban,Clear,-30.4,Excellent
832.72,816.33,20.02,16.95,3.1,23.25,1.41,2.0,44.3,Rural,Rain,-55.63,Excellent
5823.56,90.84,46.81,10.7,1.18,47.61,1.41,2.0,46.4,Suburban,Rain,-52.49,Excellent
4985.97,2095.36,45.03,6.5,0.98,42.39,2.14,0.0,39.3,Rural,Clear,-60.64,Excellent
2428.47,17.34,,4.53,0.53,44.75,2.43,2.0,82.1,Rural,Clear,-17.27,Excellent
1799.54,1291.86,30.52,17.82,3.1,14.26,1.42,6.0,76.0,Urban,Fog,-126.46,Poor
2383.26,1571.84,31.97,10.56,1.82,49.04,1.49,2.0,50.9,Rural,Clear,-64.24,Excellent
2393.48,1243.33,25.25,15.8,4.99,24.79,1.65,9.0,62.2,Urban,Clear,-132.09,Poor
4981.01,959.55,30.43,12.18,3.17,13.21,1.84,3.0,48.5,Urban,Clear,-124.63,Poor
2420.02,43.83,36.89,9.1,0.05,34.94,1.3,1.0,53.8,Rural,Fog,-27.08,Excellent
677.2,133.27,46.59,15.73,1.87,44.58,1.26,4.0,69.6,Indoor,Fog,-81.2,Good
2622.41,110.07,46.72,7.7,0.07,39.12,1.2,0.0,34.8,Rural,Fog,-27.54,Excellent
3472.76,44.73,22.56,14.3,3.13,38.21,2.49,0.0,45.7,Rural,Clear,-32.65,Excellent
887.98,212.35,47.7,9.25,4.59,47.65,2.05,4.0,56.3,Indoor,Fog,-92.44,Fair
828.39,763.17,19.11,16.36,3.72,48.69,2.37,2.0,34.1,Suburban,Storm,-82.91,Good
861.12,195.92,18.75,10.05,1.33,42.96,2.2,5.0,61.5,Urban,Clear,-97.32,Fair
5000.74,4266.29,48.65,7.21,0.89,41.36,2.38,7.0,78.0,Urban,Rain,-145.74,Poor
2126.36,818.31,23.0,13.61,4.39,24.02,1.72,2.0,69.6,Rural,Clear,-63.53,Excellent
2391.97,156.61,46.34,15.76,0.6,28.51,2.25,0.0,70.2,Rural,Clear,-21.96,Excellent
5772.44,123.1,20.82,15.62,3.55,31.2,2.47,5.0,39.3,Suburban,Clear,-79.67,Good
715.7,375.96,21.66,9.65,1.22,29.16,1.87,3.0,54.4,Urban,Fog,-103.54,Poor
904.77,146.32,42.34,9.04,1.51,42.28,2.25,9.0,75.6,Urban,Clear,-80.17,Good
5019.65,39.72,22.04,4.39,0.23,49.73,2.45,6.0,33.7,Dense Urban,Clear,-108.0,Poor
2395.57,254.85,37.5,2.63,0.85,18.23,2.15,7.0,29.4,Urban,Clear,-109.92,Poor
714.29,654.09,43.55,16.9,0.2,41.55,1.21,0.0,55.3,Rural,Clear,-24.56,Excellent
3480.26,92.78,29.1,13.6,2.6,34.44,2.24,4.0,51.5,Urban,Rain,-85.33,Fair
879.97,58.17,23.04,11.23,2.25,39.07,1.34,5.0,79.1,Urban,Rain,-77.85,Good
3480.42,38.61,42.96,11.33,2.66,30.02,2.43,4.0,76.6,Urban,Clear,-58.92,Excellent
3519.79,95.33,37.15,2.37,0.33,37.84,2.34,10.0,55.9,Dense Urban,Clear,-119.18,Poor
4982.75,45.66,48.02,9.26,4.03,35.01,1.62,4.0,50.5,Indoor,Clear,-85.79,Fair
2116.95,1147.05,41.69,16.74,0.62,36.23,2.02,1.0,48.9,Suburban,Rain,-75.07,Good
921.68,529.51,42.22,9.39,4.16,48.04,2.46,8.0,34.3,Urban,Clear,-96.84,Fair
5022.6,59.49,37.43,11.29,1.61,11.83,1.63,12.0,43.4,Dense Urban,Clear,-107.26,Poor
2398.54,4752.51,40.79,8.03,2.22,21.84,2.18,3.0,29.6,Suburban,Storm,-113.63,Poor
2595.73,552.9,29.64,3.68,3.26,35.78,1.62,3.0,50.7,Urban,Fog,-114.86,Poor
870.03,24.24,49.08,7.18,3.03,25.29,1.86,3.0,43.9,Indoor,Clear,-57.19,Excellent
2604.77,1731.24,45.74,3.36,2.83,28.0,2.42,12.0,64.8,Dense Urban,Rain,-162.6,Poor
2407.28,1081.98,24.35,11.26,2.0,27.07,1.8,0.0,74.5,Rural,Fog,-66.49,Excellent
884.16,223.65,47.77,17.71,2.4,41.13,1.22,5.0,64.2,Suburban,Clear,-42.51,Excellent
3496.77,42.67,23.74,7.8,0.33,12.28,1.86,1.0,63.7,Suburban,Clear,-65.95,Excellent
842.17,1543.59,42.35,15.74,0.81,28.0,1.62,4.0,71.9,Indoor,Rain,-145.34,Poor
3509.92,21.68,48.47,2.68,3.66,36.68,2.31,2.0,55.8,Suburban,Fog,-29.92,Excellent
5781.79,134.36,28.58,10.08,3.36,26.37,2.25,1.0,98.0,Rural,Storm,-59.99,Excellent
2394.35,1606.68,24.45,12.47,1.68,12.6,2.21,6.0,68.4,Urban,Clear,-138.4,Poor
870.92,1455.68,45.24,7.11,3.96,47.99,2.11,4.0,45.0,Indoor,Storm,-139.33,Poor
2402.79,501.26,42.33,3.57,4.03,25.16,2.48,3.0,44.8,Urban,Clear,-98.03,Fair
2423.76,10.49,30.81,5.49,2.64,47.61,1.57,1.0,39.0,Rural,Rain,-22.27,Excellent
2383.95,79.27,49.05,3.12,4.9,46.86,1.31,6.0,55.5,Indoor,Clear,-97.02,Fair
896.39,2007.96,22.14,16.21,1.33,15.46,2.1,2.0,27.6,Suburban,Rain,-99.87,Fair
2600.02,885.0,37.51,2.07,1.47,35.52,2.03,5.0,50.7,Suburban,Clear,-100.78,Poor
894.03,1540.89,23.09,3.11,0.05,21.47,1.68,10.0,10.0,Dense Urban,Clear,-177.16,Poor
2411.07,14.79,24.17,14.73,0.75,18.24,1.23,9.0,80.3,Dense Urban,Clear,-86.21,Fair
2378.92,3460.26,32.05,6.8,4.09,32.46,1.68,6.0,53.1,Indoor,Clear,-188.58,Poor
2601.16,41.51,34.36,7.84,3.15,31.46,1.42,8.0,98.0,Urban,Clear,-76.83,Good
3478.33,78.86,22.81,6.91,0.95,45.39,1.4,6.0,54.7,Dense Urban,Clear,-111.94,Poor
5007.75,1856.56,35.42,16.25,3.39,37.08,2.35,5.0,52.2,Suburban,Clear,-98.54,Fair
3519.81,124.85,42.67,16.86,0.82,39.34,1.85,1.0,33.5,Rural,Rain,-26.83,Excellent
3471.2,544.06,18.11,16.86,2.03,41.64,1.87,0.0,51.2,Rural,Rain,-64.43,Excellent
4997.42,309.61,17.29,6.92,4.99,12.7,1.39,5.0,93.2,Suburban,Clear,-106.72,Poor
899.56,2175.27,41.02,5.21,1.58,24.51,2.42,1.0,59.7,Rural,Clear,-53.57,Excellent
913.22,26.39,29.17,15.25,3.4,34.45,1.68,8.0,77.1,Dense Urban,Fog,-73.15,Good
2374.48,18.36,23.88,15.58,0.03,41.04,1.96,5.0,55.8,Urban,Clear,-61.85,Excellent
2094.36,508.98,44.78,7.67,1.5,42.23,1.3,5.0,85.4,Urban,Rain,-101.64,Poor
3517.13,1903.98,28.7,11.25,1.53,44.86,1.9,3.0,71.5,Suburban,Rain,-108.77,Poor
701.93,3100.44,20.59,8.25,4.19,37.0,1.31,10.0,40.0,Dense Urban,Clear,-174.81,Poor
864.99,120.06,23.43,2.24,0.85,15.64,1.78,2.0,66.8,Rural,Clear,-53.84,Excellent
3491.84,962.4,39.55,8.57,1.61,21.1,2.33,1.0,77.1,Rural,Fog,-57.36,Excellent
5025.21,113.43,24.4,16.32,0.82,34.28,1.26,5.0,13.3,Indoor,Rain,-126.95,Poor
1774.64,72.55,44.46,15.73,2.38,35.25,1.72,2.0,41.6,Rural,Clear,-15.99,Excellent
1775.47,11.62,35.99,3.66,1.36,10.23,1.53,2.0,21.9,Suburban,Clear,-38.91,Excellent
2401.71,,21.12,6.91,0.89,29.84,1.45,,73.4,Rural,Rain,-51.55,Excellent
2098.25,28.79,28.67,3.18,2.16,49.13,1.72,0.0,67.6,Rural,Clear,-29.01,Excellent
858.31,53.09,29.51,6.77,2.36,12.36,2.4,7.0,52.1,Dense Urban,Clear,-92.91,Fair
2383.74,60.15,17.43,6.76,1.55,24.74,1.8,7.0,53.1,Dense Urban,Rain,-116.81,Poor
4983.56,2080.52,18.04,2.85,4.83,33.48,2.0,8.0,59.8,Urban,Clear,-165.38,Poor
3514.95,35.39,21.89,16.32,0.73,47.48,2.29,4.0,61.5,Suburban,Fog,-57.8,Excellent
4987.51,1626.53,43.25,15.44,3.57,12.99,1.35,2.0,98.0,Suburban,Rain,-95.69,Fair
2613.64,2086.12,22.06,16.86,2.64,43.45,1.64,1.0,50.5,Rural,Fog,-70.39,Good
5008.44,178.53,29.27,13.91,1.92,22.33,1.25,6.0,57.5,Urban,Storm,-113.37,Poor
875.0,902.5,22.57,14.16,3.37,21.95,1.32,10.0,67.4,Dense Urban,Clear,-147.98,Poor
712.67,72.43,45.01,14.6,0.77,20.88,1.56,6.0,74.0,Indoor,Clear,-85.86,Fair
872.77,11.17,46.71,12.8,4.65,45.44,1.99,5.0,57.7,Urban,Clear,-19.68,Excellent
5819.0,822.86,44.31,4.82,4.17,16.63,1.77,5.0,61.8,Suburban,Fog,-95.59,Fair
2570.53,433.2,25.17,4.84,3.72,12.91,1.45,5.0,54.6,Suburban,Rain,-103.95,Poor
902.38,175.88,35.72,10.01,4.79,41.84,1.27,7.0,49.8,Urban,Clear,-84.56,Good
5024.8,2664.02,27.9,13.05,4.7,44.91,1.83,2.0,98.0,Rural,Clear,-74.16,Good
1805.92,918.01,44.34,2.48,1.01,20.28,1.25,3.0,57.8,Urban,Clear,-114.06,Poor
2387.42,140.81,38.1,10.74,4.43,48.93,1.44,4.0,87.1,Indoor,Clear,-104.22,Poor
881.67,13.93,22.99,16.19,3.96,47.31,1.28,5.0,49.7,Indoor,Clear,-64.77,Excellent
711.1,2314.88,21.15,4.02,2.17,14.85,1.94,4.0,34.8,Urban,Clear,-143.66,Poor
916.28,4544.87,42.01,7.01,2.66,16.22,1.4,7.0,27.5,Urban,Clear,-137.81,Poor
924.76,515.89,44.78,17.79,2.81,25.18,1.69,1.0,48.7,Suburban,Clear,-50.82,Excellent
2424.34,1184.0,42.3,7.26,2.59,36.89,1.49,5.0,15.0,Suburban,Clear,-90.7,Fair
690.36,232.14,21.75,2.46,2.12,10.29,2.37,5.0,81.8,Suburban,Clear,-88.6,Fair
906.23,43.52,42.5,12.94,3.11,34.49,2.03,3.0,51.5,Urban,Clear,-43.09,Excellent
2376.09,2894.96,22.13,17.72,4.12,44.24,1.75,0.0,58.5,Rural,Storm,-69.88,Excellent
1775.67,720.84,35.95,5.69,4.77,29.12,2.26,1.0,36.1,Rural,Clear,-50.13,Excellent
2574.29,302.38,24.83,5.46,3.33,13.21,2.26,4.0,26.9,Indoor,Clear,-147.44,Poor
2625.63,693.31,19.23,8.91,4.73,17.6,2.13,3.0,33.8,Suburban,Fog,-101.94,Poor
5779.15,240.71,40.62,10.57,4.81,34.62,1.86,8.0,78.6,Urban,Clear,-102.51,Poor
4998.94,14.37,43.88,15.04,3.25,34.67,1.88,2.0,73.8,Rural,Clear,-11.39,Excellent
895.98,606.05,41.57,17.9,1.42,15.82,2.25,1.0,53.0,Suburban,Rain,-59.69,Excellent
2589.49,10.33,35.62,15.01,2.59,34.99,1.39,4.0,30.6,Urban,Fog,-37.07,Excellent
2602.26,39.33,38.05,6.65,4.52,22.3,1.93,2.0,57.0,Suburban,Clear,-43.5,Excellent
2370.17,26.36,41.91,14.58,0.64,14.12,2.4,2.0,79.1,Rural,Clear,-16.56,Excellent
3492.81,82.79,,12.09,3.71,32.22,2.28,3.0,93.1,Urban,Storm,-80.35,Good
848.76,2828.24,46.06,9.86,4.73,37.37,1.77,1.0,98.0,Rural,Clear,-43.01,Excellent
1818.2,16.41,42.57,12.15,3.59,20.5,2.2,0.0,62.3,Rural,Clear,-3.04,Excellent
5012.06,92.18,36.36,9.04,4.74,41.04,1.39,4.0,39.8,Urban,Rain,-84.67,Good
5020.99,1122.11,33.49,12.12,3.61,12.57,2.38,2.0,60.5,Suburban,Rain,-100.08,Poor
692.58,2135.3,45.74,13.79,4.93,20.78,1.87,4.0,40.6,Urban,Clear,-102.84,Poor
2078.45,970.04,39.42,2.22,4.8,27.8,2.23,5.0,79.8,Suburban,Clear,-92.71,Fair
894.06,4027.89,20.94,11.86,3.14,29.31,1.89,3.0,83.4,Suburban,Fog,-112.08,Poor
877.78,755.54,45.44,4.45,3.0,34.72,2.0,5.0,51.5,Suburban,Clear,-76.76,Good
682.86,1023.75,20.71,7.39,4.48,22.53,1.71,5.0,69.9,Urban,Rain,-124.32,Poor
2380.49,137.77,23.94,9.1,3.85,16.49,1.42,2.0,79.1,Suburban,Rain,-78.27,Good
2626.66,65.35,21.74,17.56,2.99,48.71,1.88,7.0,31.5,Dense Urban,Clear,-101.23,Poor
2427.0,176.44,21.89,7.21,3.57,14.62,2.48,8.0,77.2,Urban,Rain,-119.95,Poor
1778.95,1181.91,23.24,15.11,0.35,10.23,1.24,5.0,59.2,Suburban,Rain,-109.64,Poor
3516.17,568.91,22.53,7.39,4.78,31.72,1.66,2.0,45.5,Rural,Fog,-70.25,Good
2595.78,1211.52,39.39,5.67,2.13,16.12,1.33,4.0,28.3,Urban,Clear,-123.62,Poor
5799.53,494.13,42.9,8.94,0.45,36.44,2.09,6.0,62.7,Dense Urban,Rain,-134.84,Poor
1799.92,951.96,21.24,3.44,1.89,36.3,1.63,2.0,68.8,Indoor,Clear,-166.92,Poor
928.1,26.31,30.96,15.11,2.57,30.12,2.48,2.0,98.0,Suburban,Rain,-27.42,Excellent
2081.08,,44.01,9.97,4.98,23.48,1.42,4.0,38.4,Urban,Rain,-65.05,Excellent
2416.38,327.07,45.47,13.0,3.0,37.57,1.81,9.0,79.0,Urban,Rain,-98.69,Fair
2070.34,11.08,42.62,14.76,0.23,33.69,2.48,5.0,82.3,Suburban,Clear,-24.22,Excellent
5007.72,2899.1,38.29,8.54,0.36,21.14,1.46,1.0,47.6,Rural,Fog,-75.39,Good
709.16,44.3,41.13,9.21,2.04,14.57,1.35,10.0,75.4,Dense Urban,Fog,-82.93,Good
2415.22,17.33,46.63,6.06,4.32,15.29,2.05,1.0,27.7,Suburban,Clear,-27.5,Excellent
2125.56,620.57,29.9,13.43,1.8,32.85,1.3,7.0,95.2,Indoor,Rain,-155.0,Poor
915.23,33.33,47.27,15.32,4.92,28.15,1.72,8.0,51.7,Dense Urban,Clear,-53.88,Excellent
2613.93,328.58,45.65,11.19,0.07,37.06,1.57,2.0,39.8,Rural,Clear,-39.23,Excellent
4985.23,46.99,21.52,2.62,2.74,11.81,1.83,5.0,53.8,Dense Urban,Clear,-113.92,Poor
2429.57,28.05,41.76,13.39,4.88,48.86,1.32,2.0,57.6,Rural,Clear,-8.89,Excellent
698.1,963.24,36.88,12.67,2.42,32.29,2.35,3.0,38.0,Suburban,Clear,-71.23,Good
695.05,111.74,43.29,7.48,2.54,18.48,1.3,5.0,81.0,Urban,Clear,-71.42,Good
2100.11,355.13,39.52,8.55,1.6,18.14,2.4,2.0,62.6,Rural,Fog,-48.39,Excellent
2593.64,38.31,24.25,9.92,4.0,45.02,2.24,4.0,57.8,Indoor,Storm,-100.18,Poor
1805.62,309.71,30.31,14.65,4.65,13.34,2.3,0.0,33.7,Rural,Clear,-41.26,Excellent
1790.98,137.05,43.96,,2.14,14.3,2.13,3.0,70.8,Indoor,Storm,-102.6,Poor
4984.4,13.75,47.63,10.27,4.56,41.25,2.47,1.0,74.3,Rural,Fog,-7.65,Excellent
725.68,914.79,20.56,14.89,0.7,47.9,2.24,4.0,65.7,Suburban,Clear,-90.17,Fair
725.67,309.61,21.46,15.75,3.37,27.63,1.75,5.0,54.0,Suburban,Rain,-77.91,Good
849.77,3183.19,23.94,2.83,1.54,13.87,2.27,5.0,47.1,Dense Urban,Fog,-177.54,Poor
5827.73,1515.77,36.96,3.12,0.53,37.57,2.42,2.0,60.3,Indoor,Clear,-174.4,Poor
2094.94,347.88,19.47,9.61,3.09,20.88,2.32,9.0,59.1,Urban,Rain,-125.24,Poor
843.24,13.07,44.82,14.51,2.72,47.97,2.02,9.0,73.1,Urban,Rain,-34.29,Excellent
1825.01,1070.05,43.87,3.76,2.84,46.05,2.39,7.0,64.0,Indoor,Rain,-155.34,Poor
5807.98,303.29,46.77,,3.69,45.18,1.92,1.0,20.5,Suburban,Clear,-55.71,Excellent
2615.75,1793.6,18.57,4.2,2.38,10.11,1.48,10.0,64.1,Dense Urban,Fog,-188.02,Poor
894.76,362.51,21.34,13.13,1.9,47.59,1.43,2.0,46.5,Rural,Clear,-51.44,Excellent
894.42,10.13,32.84,14.85,3.71,37.38,2.11,1.0,33.0,Rural,Clear,3.87,Excellent
675.0,1582.79,44.29,2.73,3.62,11.94,1.66,9.0,27.8,Urban,Clear,-124.67,Poor
3528.0,1436.2,37.13,15.58,2.63,38.73,1.32,2.0,40.5,Suburban,Rain,-87.14,Fair
833.68,18.55,30.91,15.46,3.1,46.8,1.29,4.0,19.2,Suburban,,-26.61,Excellent
899.66,700.84,22.3,4.34,2.54,23.78,1.37,3.0,49.3,Suburban,Clear,-95.48,Fair
1776.88,262.98,22.74,5.34,3.13,37.17,2.21,1.0,78.9,Rural,Clear,-55.87,Excellent
2608.82,390.99,30.03,15.77,2.0,23.3,1.26,1.0,55.1,Rural,Clear,-49.47,Excellent
2593.45,2513.84,44.45,17.45,4.07,36.22,2.2,10.0,28.3,Dense Urban,Clear,-145.52,Poor
3516.06,47.16,43.88,9.75,3.53,31.08,1.21,2.0,34.2,Indoor,Rain,-83.54,Good
901.7,10.85,28.47,4.01,3.56,15.17,1.3,0.0,98.0,Rural,Storm,-20.72,Excellent
1777.77,36.55,44.16,6.47,4.91,10.3,2.33,4.0,59.2,Suburban,Fog,-41.11,Excellent
1770.64,2950.51,24.28,7.41,2.52,40.56,2.27,2.0,60.1,Suburban,Clear,-109.44,Poor
682.75,37.21,45.85,12.1,4.75,18.87,1.96,5.0,56.3,Dense Urban,Clear,-56.55,Excellent
3513.46,661.43,18.63,13.55,1.98,26.37,1.49,5.0,18.9,Indoor,Clear,-166.16,Poor
2419.71,1353.13,42.67,11.71,4.55,45.75,1.26,0.0,20.6,Rural,Clear,-44.71,Excellent
2090.48,1566.14,45.05,16.25,2.83,43.86,1.7,5.0,32.9,Suburban,Clear,-77.02,Good
5802.16,10.67,20.85,2.17,2.85,35.5,2.22,8.0,41.3,Dense Urban,Rain,-94.43,Fair
834.4,10.6,44.89,8.24,4.37,21.07,1.91,6.0,35.7,Dense Urban,Rain,-41.65,Excellent
5822.83,4669.91,19.78,6.67,4.77,14.98,2.26,8.0,52.4,Urban,Clear,-178.14,Poor
2627.91,265.16,47.93,14.03,1.0,17.16,2.08,6.0,75.3,Urban,Clear,-85.42,Fair
915.18,14.86,27.83,12.89,0.65,47.96,2.37,2.0,81.0,Rural,Rain,-17.11,Excellent
2575.33,11.81,30.76,16.25,3.89,35.23,2.19,5.0,44.7,Dense Urban,Clear,-54.23,Excellent
3496.23,1542.58,43.84,7.01,1.79,26.54,1.43,4.0,50.7,Suburban,Fog,-94.66,Fair
1829.43,2769.79,49.67,15.69,0.69,47.78,1.49,13.0,62.4,Dense Urban,Clear,-155.44,Poor
1783.76,260.37,20.41,10.61,1.15,31.32,1.59,7.0,59.5,Urban,Rain,-117.29,Poor
5010.23,100.75,48.69,4.45,1.74,26.11,1.55,4.0,56.5,Indoor,Clear,-107.34,Poor
876.31,786.39,22.97,15.27,3.86,15.04,1.37,2.0,67.9,Suburban,Clear,-83.55,Good
716.39,11.49,42.73,5.74,0.37,13.38,2.23,5.0,70.7,Suburban,Clear,-27.5,Excellent
2606.53,2667.76,43.88,14.16,2.53,36.79,1.59,3.0,73.3,Urban,Rain,-122.05,Poor
5800.4,49.11,35.59,10.59,0.09,12.21,1.86,2.0,56.1,Suburban,Rain,-64.45,Excellent
2425.73,32.75,38.18,10.24,3.49,13.28,2.43,4.0,72.0,Indoor,Fog,-84.16,Good
843.68,69.0,31.29,10.56,4.82,48.46,1.58,5.0,10.0,Suburban,Clear,-45.54,Excellent
2424.08,14.86,30.02,17.61,1.78,33.73,1.99,9.0,57.9,Urban,Storm,-66.6,Excellent
895.86,112.57,37.38,11.35,4.61,45.77,1.86,1.0,68.4,Rural,Rain,-20.68,Excellent
5015.39,849.34,48.89,2.71,4.42,16.78,2.36,5.0,33.5,Urban,Rain,-119.0,Poor
2624.94,221.13,30.98,17.29,1.74,48.01,2.43,1.0,78.1,Rural,Clear,-39.93,Excellent
1803.04,635.12,35.83,6.51,1.04,38.28,2.48,13.0,12.1,Dense Urban,Clear,-149.05,Poor
2588.59,37.75,44.13,9.52,1.65,22.62,1.51,2.0,18.5,Suburban,Clear,-38.12,Excellent
2573.06,118.55,45.19,15.17,4.58,46.22,2.41,7.0,56.2,Urban,Clear,-71.75,Good
2618.56,252.39,44.9,3.35,2.13,14.19,2.3,7.0,10.0,Urban,Clear,-101.11,Poor
1807.32,351.01,30.77,5.72,2.49,45.79,1.86,0.0,55.7,Rural,Storm,-51.47,Excellent
2385.78,31.85,44.49,16.03,0.73,36.44,1.98,1.0,81.1,Rural,Clear,-9.45,Excellent
722.64,1513.12,30.07,3.88,1.14,30.34,1.21,8.0,54.8,Urban,Fog,-136.64,Poor
2125.22,17.52,21.01,10.27,4.63,45.22,2.34,4.0,40.5,Suburban,Fog,-48.45,Excellent
1823.23,18.42,22.86,4.97,4.57,10.55,1.51,3.0,75.0,Suburban,Rain,-57.27,Excellent
2406.09,47.2,23.96,7.66,1.48,32.25,1.86,7.0,10.7,Indoor,Rain,-115.39,Poor
5828.59,583.26,27.8,14.65,3.5,30.32,2.08,0.0,63.7,Rural,Clear,-59.54,Excellent
5822.49,16.15,28.03,17.34,3.43,16.21,2.25,5.0,54.4,Suburban,Clear,-46.88,Excellent
2076.26,10.49,25.59,11.18,2.11,20.38,2.23,9.0,24.2,Urban,Clear,-61.38,Excellent
2628.87,188.11,22.05,7.79,3.57,17.36,2.03,2.0,46.5,Rural,Rain,-62.05,Excellent
852.93,86.22,17.73,3.28,4.48,19.86,1.6,9.0,55.5,Urban,Fog,-104.17,Poor
2125.2,26.49,44.49,8.42,3.87,38.15,2.29,10.0,60.3,Dense Urban,Storm,-78.27,Good
2615.62,589.28,24.19,15.02,2.75,48.6,1.58,12.0,91.1,Dense Urban,Clear,-149.9,Poor
2608.85,538.52,37.17,14.11,3.18,36.0,2.29,4.0,50.1,Urban,Clear,-100.25,Poor
5789.6,21.33,30.97,7.7,4.19,32.08,1.55,6.0,48.6,Indoor,,-93.22,Fair
2071.62,41.71,29.95,4.72,3.75,29.7,1.73,1.0,42.8,Rural,Clear,-33.9,Excellent
5786.6,96.62,21.35,10.7,4.7,15.6,1.69,5.0,40.9,Indoor,Clear,-134.1,Poor
5811.15,4699.89,17.32,15.31,4.2,40.01,2.1,1.0,92.1,Suburban,Clear,-119.66,Poor
2421.79,1186.87,18.75,11.0,0.29,46.47,2.05,7.0,76.1,Urban,Fog,-142.54,Poor
670.14,81.28,43.18,10.67,3.58,24.93,1.5,1.0,25.5,Rural,Clear,-9.82,Excellent
1782.48,4033.55,28.22,13.31,0.67,14.65,1.6,4.0,59.6,Suburban,Clear,-114.23,Poor
3510.38,168.98,47.47,4.07,4.17,37.93,2.16,9.0,45.4,Urban,Clear,-93.08,Fair
2387.02,106.29,18.5,11.9,0.5,39.84,1.3,3.0,,Suburban,Clear,-73.94,Good
5778.5,3536.71,43.52,3.25,1.44,15.67,2.37,3.0,10.0,Suburban,Rain,-117.9,Poor
4974.92,970.32,20.0,4.56,1.57,19.65,2.35,1.0,21.7,Rural,Clear,-87.01,Fair
708.27,301.03,44.14,2.82,4.66,23.6,1.22,0.0,51.5,Rural,Clear,-29.95,Excellent
5005.69,418.08,48.24,11.83,4.94,22.94,2.2,4.0,69.1,Urban,Storm,-99.43,Fair
1821.52,4222.66,17.58,17.43,2.69,21.03,1.2,4.0,52.5,Indoor,Clear,-191.64,Poor
4988.89,25.86,32.14,4.37,2.61,33.45,,3.0,30.5,Urban,Clear,-66.74,Excellent
